ticket_id,priority,sla_plan,created_at,actual_breach,predicted_breach,breach_probability
TCKT_088235,high,gold,2025-10-15 23:19:58,1,1,0.724
TCKT_085005,medium,gold,2025-08-19 23:14:52,0,1,0.775
TCKT_072554,low,standard,2024-01-18 22:47:31,0,0,0.283
TCKT_003803,medium,gold,2024-02-15 20:33:21,1,1,0.752
TCKT_096212,medium,standard,2023-09-02 22:08:07,1,0,0.28
TCKT_019037,high,standard,2022-12-14 23:35:48,0,0,0.327
TCKT_046924,high,standard,2025-02-09 11:02:52,1,0,0.274
TCKT_039649,high,standard,2022-05-30 19:34:29,1,0,0.239
TCKT_086574,medium,standard,2023-06-02 15:00:14,0,0,0.254
TCKT_058474,medium,gold,2025-06-12 03:05:45,1,1,0.788
TCKT_078107,high,platinum,2022-05-13 14:37:36,1,1,0.855
TCKT_007290,high,standard,2024-06-08 04:13:56,0,0,0.252
TCKT_094038,high,standard,2023-01-17 22:01:01,0,0,0.262
TCKT_079149,medium,standard,2025-05-19 11:09:42,0,0,0.28
TCKT_093419,low,standard,2023-03-19 21:40:21,0,0,0.217
TCKT_039661,low,standard,2024-08-09 13:09:37,0,0,0.212
TCKT_030153,urgent,gold,2025-04-06 04:31:04,1,1,0.735
TCKT_074425,medium,standard,2024-10-27 14:15:20,0,0,0.215
TCKT_071967,medium,standard,2025-04-27 21:23:52,0,0,0.253
TCKT_082947,high,platinum,2024-04-24 14:59:24,1,1,0.867
TCKT_071705,low,standard,2022-05-11 04:29:57,0,0,0.249
TCKT_012844,high,standard,2022-07-10 21:02:53,1,0,0.227
TCKT_004624,low,gold,2022-04-07 07:55:17,0,1,0.659
TCKT_081614,high,gold,2023-02-09 13:54:50,1,1,0.745
TCKT_011254,low,standard,2024-05-03 07:21:44,0,0,0.204
TCKT_076271,low,gold,2024-08-24 01:13:44,1,1,0.598
TCKT_055300,low,gold,2025-09-14 07:52:44,1,1,0.621
TCKT_033824,urgent,gold,2024-03-22 01:12:29,1,1,0.65
TCKT_052964,low,standard,2023-10-18 17:42:55,0,0,0.249
TCKT_032381,medium,platinum,2022-07-23 02:30:34,1,1,0.899
TCKT_028386,high,standard,2023-09-25 03:07:48,0,0,0.293
TCKT_048204,medium,standard,2024-06-14 20:36:44,1,0,0.231
TCKT_062950,low,standard,2023-10-28 16:54:57,0,0,0.223
TCKT_084729,low,gold,2024-05-06 06:27:30,0,1,0.621
TCKT_066114,high,gold,2025-05-05 20:27:53,0,1,0.749
TCKT_013733,medium,standard,2025-01-19 05:53:03,0,0,0.254
TCKT_087599,medium,gold,2025-09-30 03:20:42,1,1,0.785
TCKT_087832,high,gold,2025-02-16 07:32:09,1,1,0.734
TCKT_015168,medium,standard,2024-06-01 02:20:36,0,0,0.214
TCKT_042918,low,standard,2022-01-15 01:59:27,0,0,0.239
TCKT_028075,medium,gold,2023-03-11 18:54:53,0,1,0.775
TCKT_068931,high,gold,2025-09-02 16:08:36,1,1,0.726
TCKT_086209,medium,standard,2022-03-06 19:53:23,0,0,0.259
TCKT_088973,low,gold,2022-06-21 03:16:45,1,1,0.615
TCKT_046401,high,standard,2025-04-22 13:20:42,0,0,0.303
TCKT_033350,medium,platinum,2023-07-27 01:21:23,1,1,0.908
TCKT_024807,medium,standard,2023-11-28 06:52:03,1,0,0.244
TCKT_080936,low,gold,2025-04-09 18:06:41,0,1,0.629
TCKT_030450,medium,gold,2024-03-24 03:17:11,0,1,0.796
TCKT_093141,low,standard,2022-05-04 00:26:00,1,0,0.238
TCKT_012536,medium,gold,2022-12-23 02:36:49,0,1,0.763
TCKT_059418,low,gold,2025-08-29 05:52:25,0,1,0.62
TCKT_061203,medium,gold,2023-03-28 12:42:34,1,1,0.762
TCKT_074915,medium,standard,2024-12-11 06:01:40,1,0,0.194
TCKT_086895,low,standard,2025-04-03 00:05:34,0,0,0.248
TCKT_032324,low,standard,2025-01-15 15:18:35,0,0,0.216
TCKT_070678,medium,gold,2025-08-08 06:02:48,1,1,0.748
TCKT_058419,urgent,standard,2024-02-08 23:20:40,0,0,0.277
TCKT_039315,high,standard,2022-06-03 23:25:21,1,0,0.262
TCKT_015720,urgent,standard,2024-05-11 04:56:37,0,0,0.273
TCKT_032932,medium,standard,2024-08-16 03:39:14,0,0,0.229
TCKT_036042,low,gold,2023-08-03 07:37:42,0,1,0.618
TCKT_027371,high,standard,2022-05-01 22:04:28,0,0,0.255
TCKT_067242,high,standard,2024-07-17 20:17:09,0,0,0.286
TCKT_030855,low,gold,2022-10-31 19:20:28,1,1,0.591
TCKT_070099,medium,standard,2024-06-05 16:28:03,0,0,0.222
TCKT_080134,low,standard,2023-04-13 12:24:20,0,0,0.241
TCKT_083630,high,gold,2022-11-06 20:06:11,1,1,0.716
TCKT_036407,medium,gold,2025-07-09 23:54:11,1,1,0.707
TCKT_014042,high,gold,2024-11-22 09:48:18,0,1,0.719
TCKT_016791,medium,gold,2023-06-29 05:52:55,1,1,0.753
TCKT_004169,medium,standard,2022-03-23 21:55:22,0,0,0.31
TCKT_098342,low,standard,2024-11-01 14:51:04,0,0,0.201
TCKT_087165,low,standard,2022-09-09 12:52:11,0,0,0.22
TCKT_042752,low,gold,2023-10-24 09:33:06,0,1,0.61
TCKT_066201,low,standard,2025-05-02 19:04:10,0,0,0.216
TCKT_063053,low,gold,2024-06-04 23:03:10,1,1,0.613
TCKT_032723,low,gold,2025-03-30 15:42:21,1,1,0.634
TCKT_049321,medium,standard,2024-08-30 08:32:18,0,0,0.264
TCKT_009377,medium,platinum,2024-09-23 03:29:18,1,1,0.894
TCKT_079583,high,standard,2025-12-14 13:42:12,1,0,0.244
TCKT_016273,medium,gold,2025-10-09 10:28:30,0,1,0.765
TCKT_090395,medium,standard,2022-07-23 16:51:49,1,0,0.288
TCKT_031283,low,standard,2024-04-05 13:22:39,0,0,0.204
TCKT_084900,low,gold,2022-08-23 07:46:40,0,1,0.525
TCKT_081899,low,standard,2022-02-03 09:30:45,0,0,0.242
TCKT_040062,medium,standard,2022-06-09 13:25:28,0,0,0.267
TCKT_000748,medium,gold,2022-12-26 18:27:15,1,1,0.759
TCKT_052710,low,gold,2023-11-19 17:49:09,0,1,0.615
TCKT_039235,medium,platinum,2023-11-21 02:30:01,0,1,0.87
TCKT_073060,low,standard,2022-01-08 17:46:58,0,0,0.222
TCKT_048818,low,standard,2022-06-17 00:01:57,1,0,0.225
TCKT_045896,medium,platinum,2023-01-28 07:41:28,1,1,0.886
TCKT_027307,medium,platinum,2022-10-07 14:33:46,1,1,0.906
TCKT_073344,low,gold,2025-12-20 13:04:46,1,1,0.645
TCKT_071533,high,platinum,2023-03-26 05:10:48,1,1,0.877
TCKT_049768,high,standard,2022-08-22 08:05:14,0,0,0.276
TCKT_065243,medium,gold,2024-08-25 04:48:47,1,1,0.773
TCKT_014118,urgent,standard,2022-09-08 09:49:18,0,0,0.305
TCKT_042064,low,gold,2024-06-07 07:12:45,0,1,0.56
TCKT_011498,high,standard,2025-03-25 16:33:41,0,0,0.321
TCKT_098223,low,standard,2022-02-13 17:02:33,1,0,0.197
TCKT_006459,urgent,standard,2022-03-05 12:16:34,0,0,0.284
TCKT_055501,low,standard,2022-02-17 05:02:25,0,0,0.229
TCKT_039898,medium,gold,2024-10-14 02:11:50,0,1,0.788
TCKT_050945,high,standard,2025-01-08 21:37:26,0,0,0.272
TCKT_046078,low,platinum,2023-06-03 00:57:56,1,1,0.899
TCKT_033521,low,standard,2023-02-17 07:36:12,0,0,0.194
TCKT_046098,low,gold,2022-11-17 05:44:55,0,1,0.591
TCKT_015775,high,standard,2024-04-24 18:13:39,0,0,0.283
TCKT_008314,medium,gold,2023-08-12 11:46:26,0,1,0.771
TCKT_098114,high,standard,2023-09-03 17:06:11,1,0,0.263
TCKT_047687,medium,standard,2022-05-22 21:51:04,0,0,0.222
TCKT_031243,medium,gold,2025-07-24 11:17:10,1,1,0.767
TCKT_039075,low,platinum,2023-09-03 15:20:47,1,1,0.885
TCKT_048909,medium,standard,2025-02-09 03:42:46,0,0,0.215
TCKT_015515,high,standard,2025-03-06 09:49:33,0,0,0.258
TCKT_091547,low,standard,2023-03-23 00:58:00,0,0,0.255
TCKT_075841,low,platinum,2025-04-10 03:16:13,1,1,0.863
TCKT_013438,urgent,standard,2025-01-25 20:13:45,0,0,0.322
TCKT_004149,medium,gold,2025-06-11 22:15:42,1,1,0.754
TCKT_084241,medium,gold,2022-07-30 22:58:23,0,1,0.755
TCKT_019694,high,standard,2022-10-17 09:41:23,0,0,0.242
TCKT_035534,low,standard,2024-01-02 09:29:42,0,0,0.255
TCKT_091855,low,standard,2025-02-18 08:57:07,0,0,0.24
TCKT_090499,high,standard,2022-03-05 09:12:08,0,0,0.258
TCKT_073002,medium,gold,2024-09-20 19:27:49,0,1,0.737
TCKT_032250,low,gold,2025-05-25 18:52:29,1,1,0.637
TCKT_035556,urgent,standard,2024-09-07 05:08:11,0,0,0.259
TCKT_023471,medium,standard,2022-10-09 19:57:17,1,0,0.253
TCKT_068542,medium,standard,2024-01-18 03:33:36,0,0,0.207
TCKT_077915,high,gold,2024-03-23 04:07:54,1,1,0.782
TCKT_051352,low,standard,2022-02-08 05:22:34,0,0,0.179
TCKT_029119,high,standard,2024-03-11 07:19:09,0,0,0.294
TCKT_090120,high,gold,2024-07-07 04:53:48,0,1,0.738
TCKT_060113,medium,standard,2023-01-02 08:12:37,1,0,0.243
TCKT_023124,medium,standard,2024-03-17 16:10:41,0,0,0.236
TCKT_068091,medium,gold,2023-12-16 00:02:55,1,1,0.742
TCKT_043309,high,gold,2024-11-22 17:40:35,1,1,0.744
TCKT_092750,medium,gold,2023-12-18 07:31:56,1,1,0.771
TCKT_043071,low,standard,2023-02-05 21:36:18,1,0,0.225
TCKT_048062,low,gold,2024-01-02 18:31:26,1,1,0.6
TCKT_088981,low,standard,2022-11-17 05:21:45,0,0,0.233
TCKT_033585,low,platinum,2023-02-28 17:19:34,1,1,0.872
TCKT_072063,medium,standard,2022-12-01 12:52:23,0,0,0.211
TCKT_090844,low,standard,2024-12-23 09:26:50,0,0,0.211
TCKT_062649,high,standard,2024-09-19 05:12:48,0,0,0.291
TCKT_013422,medium,standard,2024-08-05 08:04:37,1,0,0.265
TCKT_096891,medium,standard,2023-03-03 08:15:09,0,0,0.249
TCKT_051329,high,standard,2022-10-28 15:30:06,0,0,0.249
TCKT_037710,medium,standard,2025-09-25 10:01:10,0,0,0.215
TCKT_091090,low,standard,2022-03-03 04:55:27,1,0,0.235
TCKT_072880,low,platinum,2023-02-16 15:20:41,1,1,0.845
TCKT_047576,high,gold,2022-07-20 07:28:17,0,1,0.729
TCKT_062501,medium,standard,2025-02-05 04:08:29,0,0,0.211
TCKT_042933,low,standard,2024-04-05 13:08:16,0,0,0.186
TCKT_012072,medium,standard,2025-12-03 14:25:27,0,0,0.256
TCKT_032851,medium,gold,2023-01-26 11:46:01,0,1,0.754
TCKT_084731,urgent,gold,2022-01-01 23:53:55,0,1,0.692
TCKT_041118,low,gold,2024-07-27 17:51:42,1,1,0.623
TCKT_052259,low,standard,2025-04-26 03:46:10,0,0,0.222
TCKT_048502,medium,standard,2022-06-26 07:25:14,0,0,0.281
TCKT_040288,low,gold,2025-10-19 13:02:06,1,1,0.64
TCKT_029367,high,standard,2025-06-03 16:37:03,0,0,0.239
TCKT_030172,low,platinum,2023-03-15 21:14:30,1,1,0.821
TCKT_034845,medium,gold,2022-02-03 06:16:13,0,1,0.76
TCKT_093981,high,platinum,2022-09-09 22:53:13,1,1,0.789
TCKT_064104,medium,standard,2023-11-18 03:21:52,0,0,0.241
TCKT_063788,medium,standard,2023-10-26 23:06:04,0,0,0.208
TCKT_057059,medium,platinum,2023-07-15 03:28:07,1,1,0.865
TCKT_087595,urgent,standard,2025-07-10 20:42:07,0,0,0.344
TCKT_036302,high,standard,2024-02-25 20:23:54,1,0,0.275
TCKT_003482,low,standard,2023-01-18 14:13:39,0,0,0.208
TCKT_019277,high,platinum,2024-11-12 07:06:22,1,1,0.861
TCKT_037679,low,standard,2024-10-13 07:17:03,0,0,0.205
TCKT_057148,high,standard,2025-09-25 02:11:57,0,0,0.266
TCKT_088324,medium,platinum,2024-09-15 05:04:45,1,1,0.869
TCKT_056607,high,platinum,2025-04-28 20:27:35,0,1,0.858
TCKT_021753,medium,standard,2024-02-04 00:22:24,1,0,0.189
TCKT_016929,low,standard,2022-04-16 03:48:09,0,0,0.242
TCKT_044853,medium,gold,2025-06-22 23:06:29,1,1,0.728
TCKT_028139,medium,gold,2023-01-01 11:04:17,1,1,0.759
TCKT_008246,high,standard,2024-07-20 23:20:23,1,0,0.295
TCKT_033556,low,gold,2022-04-29 16:09:17,0,1,0.617
TCKT_091061,low,gold,2024-02-12 03:18:23,1,1,0.637
TCKT_076930,low,gold,2023-07-11 12:50:32,0,1,0.625
TCKT_024207,high,standard,2022-01-02 21:15:24,0,0,0.241
TCKT_034646,low,gold,2023-02-05 08:14:16,1,1,0.617
TCKT_057954,medium,gold,2025-11-20 08:48:14,1,1,0.762
TCKT_022297,low,standard,2025-02-13 10:59:06,0,0,0.243
TCKT_066783,high,platinum,2023-08-23 19:14:27,1,1,0.876
TCKT_002766,urgent,standard,2025-10-18 02:00:28,0,0,0.257
TCKT_030393,medium,standard,2024-07-09 21:56:45,0,0,0.225
TCKT_090111,medium,standard,2025-02-05 02:07:43,0,0,0.269
TCKT_062198,low,standard,2024-04-29 10:15:11,0,0,0.23
TCKT_011192,low,standard,2025-09-10 13:17:21,0,0,0.215
TCKT_002791,low,standard,2022-07-07 16:55:35,0,0,0.205
TCKT_023592,medium,standard,2022-04-21 17:50:37,0,0,0.247
TCKT_023768,medium,gold,2023-11-19 04:35:35,1,1,0.774
TCKT_042782,low,standard,2025-03-25 10:33:37,0,0,0.266
TCKT_067674,medium,standard,2025-07-21 15:04:17,0,0,0.245
TCKT_019115,low,standard,2022-05-03 03:08:38,1,0,0.23
TCKT_018062,urgent,gold,2025-10-31 02:20:01,0,1,0.72
TCKT_013031,medium,standard,2023-04-02 10:58:53,0,0,0.22
TCKT_083807,low,standard,2022-03-05 19:23:51,0,0,0.215
TCKT_072866,medium,standard,2023-02-19 16:08:12,0,0,0.283
TCKT_094632,medium,standard,2022-09-09 00:20:23,0,0,0.257
TCKT_005512,medium,gold,2025-01-05 21:40:44,0,1,0.731
TCKT_047413,urgent,standard,2025-02-22 12:11:27,0,0,0.27
TCKT_063064,low,standard,2024-02-27 01:57:40,0,0,0.224
TCKT_060675,medium,platinum,2024-07-18 15:29:03,1,1,0.876
TCKT_012411,low,standard,2025-09-27 22:40:42,0,0,0.264
TCKT_058831,low,gold,2023-12-19 04:16:39,1,1,0.61
TCKT_032005,high,gold,2022-06-05 07:00:13,1,1,0.718
TCKT_080371,medium,standard,2023-12-22 18:29:55,0,0,0.25
TCKT_099752,medium,standard,2024-07-03 05:46:45,0,0,0.284
TCKT_070104,urgent,standard,2022-09-10 15:29:51,0,0,0.276
TCKT_022465,high,standard,2024-04-25 21:31:48,0,0,0.235
TCKT_051602,low,platinum,2023-10-25 05:09:31,1,1,0.853
TCKT_082615,low,gold,2024-01-18 15:13:58,1,1,0.664
TCKT_089418,high,standard,2022-03-16 20:44:36,0,0,0.281
TCKT_027746,medium,standard,2022-11-23 02:28:03,1,0,0.22
TCKT_099623,high,standard,2023-06-15 11:51:42,0,0,0.285
TCKT_049350,low,gold,2024-02-20 21:53:03,1,1,0.6
TCKT_020295,medium,standard,2025-06-18 12:52:05,0,0,0.233
TCKT_030627,low,gold,2023-02-25 14:08:33,1,1,0.619
TCKT_018528,urgent,gold,2022-05-21 15:38:56,1,1,0.775
TCKT_046948,low,gold,2023-10-05 13:17:29,0,1,0.612
TCKT_020383,medium,standard,2025-11-03 19:45:15,0,0,0.291
TCKT_016870,medium,standard,2023-11-02 22:17:14,0,0,0.23
TCKT_047284,medium,standard,2022-08-24 09:28:56,0,0,0.223
TCKT_086104,medium,standard,2022-08-28 20:17:10,0,0,0.187
TCKT_087656,low,standard,2024-07-22 16:51:53,1,0,0.269
TCKT_093397,high,standard,2024-07-27 07:00:47,0,0,0.292
TCKT_044394,medium,platinum,2024-04-06 12:32:01,1,1,0.921
TCKT_023584,medium,standard,2023-01-08 03:19:29,0,0,0.274
TCKT_070941,medium,standard,2024-11-30 13:42:43,0,0,0.239
TCKT_080898,low,standard,2025-02-13 09:10:08,0,0,0.254
TCKT_071763,high,standard,2025-07-02 09:51:13,0,0,0.242
TCKT_065569,medium,standard,2023-08-04 04:50:18,0,0,0.267
TCKT_096675,high,standard,2022-09-05 19:18:50,1,0,0.222
TCKT_025455,low,standard,2022-12-04 00:36:22,0,0,0.242
TCKT_060944,high,standard,2022-05-29 11:10:06,0,0,0.237
TCKT_045676,urgent,platinum,2024-03-21 15:27:36,0,1,0.816
TCKT_052507,medium,platinum,2025-01-02 15:13:43,1,1,0.883
TCKT_066725,medium,platinum,2024-06-24 21:13:46,1,1,0.883
TCKT_092999,medium,standard,2022-02-10 09:36:15,0,0,0.236
TCKT_025348,medium,gold,2023-05-24 08:04:47,1,1,0.777
TCKT_060919,medium,standard,2022-05-21 22:05:09,0,0,0.297
TCKT_045405,medium,gold,2022-11-07 15:20:42,1,1,0.766
TCKT_055693,medium,standard,2022-01-21 11:25:56,0,0,0.269
TCKT_061597,low,platinum,2024-08-02 21:16:57,1,1,0.886
TCKT_037190,high,standard,2022-04-06 07:46:36,0,0,0.256
TCKT_092941,high,standard,2022-04-17 15:37:12,0,0,0.268
TCKT_009948,high,gold,2024-06-25 20:47:21,0,1,0.73
TCKT_036583,medium,standard,2023-11-18 07:13:24,0,0,0.24
TCKT_070988,low,standard,2025-12-30 06:03:48,0,0,0.227
TCKT_093908,high,standard,2025-05-01 00:05:06,1,0,0.273
TCKT_074568,medium,standard,2023-08-24 04:29:37,0,0,0.258
TCKT_000074,low,standard,2023-07-09 01:13:46,1,0,0.23
TCKT_093516,low,standard,2024-08-22 06:50:49,0,0,0.259
TCKT_034221,low,standard,2025-09-21 14:15:30,0,0,0.258
TCKT_036744,low,standard,2024-06-25 09:50:44,1,0,0.229
TCKT_095123,medium,standard,2024-09-07 16:20:26,0,0,0.266
TCKT_006772,low,platinum,2025-07-24 05:06:52,1,1,0.894
TCKT_072944,low,standard,2024-08-18 06:47:04,0,0,0.244
TCKT_035738,medium,gold,2025-10-14 13:02:56,1,1,0.77
TCKT_001060,medium,platinum,2024-08-08 02:11:32,1,1,0.909
TCKT_053117,high,gold,2022-12-24 17:40:38,0,1,0.721
TCKT_001899,medium,standard,2024-05-20 00:14:24,0,0,0.254
TCKT_065283,low,standard,2023-06-01 10:46:43,0,0,0.246
TCKT_069599,low,standard,2023-09-29 08:24:24,0,0,0.24
TCKT_061991,medium,gold,2023-07-10 10:33:11,1,1,0.766
TCKT_086176,low,platinum,2025-06-29 22:53:07,1,1,0.874
TCKT_065984,low,standard,2023-04-15 19:32:16,1,0,0.249
TCKT_091761,low,standard,2024-03-03 08:22:16,1,0,0.209
TCKT_071198,high,standard,2023-07-27 19:28:47,0,0,0.273
TCKT_009114,medium,gold,2023-08-27 16:47:03,1,1,0.781
TCKT_053332,low,standard,2025-03-14 15:59:27,1,0,0.234
TCKT_052367,medium,standard,2022-12-18 15:22:38,0,0,0.262
TCKT_083872,low,gold,2024-03-16 07:01:52,1,1,0.608
TCKT_080766,medium,standard,2024-08-03 12:17:32,0,0,0.256
TCKT_028306,low,standard,2025-11-04 19:19:06,1,0,0.223
TCKT_035111,low,gold,2023-04-20 06:46:42,0,1,0.572
TCKT_004046,low,standard,2025-01-19 16:15:45,0,0,0.235
TCKT_083249,medium,standard,2025-05-03 17:07:53,0,0,0.243
TCKT_048505,low,gold,2025-07-11 04:40:50,1,1,0.625
TCKT_032240,medium,standard,2023-01-25 10:13:48,0,0,0.237
TCKT_045493,low,standard,2025-04-19 14:48:08,0,0,0.24
TCKT_039743,medium,standard,2024-12-14 23:19:40,1,0,0.255
TCKT_081835,urgent,gold,2025-02-19 06:41:26,0,1,0.698
TCKT_020789,low,platinum,2024-11-15 08:30:08,0,1,0.893
TCKT_092738,medium,gold,2025-04-18 19:16:38,0,1,0.769
TCKT_086908,urgent,standard,2022-06-29 16:17:41,0,0,0.265
TCKT_061343,low,standard,2024-09-22 18:09:27,0,0,0.249
TCKT_011032,low,gold,2023-10-13 21:17:23,0,1,0.575
TCKT_005647,low,platinum,2022-07-24 05:25:04,0,1,0.864
TCKT_021609,urgent,gold,2024-11-17 19:36:14,1,1,0.735
TCKT_055245,low,gold,2024-08-24 20:39:57,0,1,0.59
TCKT_022352,medium,standard,2025-07-20 00:07:40,1,0,0.227
TCKT_069659,low,gold,2025-05-11 18:44:14,0,1,0.589
TCKT_088633,medium,standard,2022-10-28 19:31:03,0,0,0.268
TCKT_061313,low,platinum,2022-03-11 12:03:50,1,1,0.869
TCKT_069828,low,standard,2025-10-14 09:47:04,0,0,0.244
TCKT_083384,low,platinum,2025-02-15 00:42:39,1,1,0.823
TCKT_017386,medium,platinum,2023-05-17 20:55:03,0,1,0.863
TCKT_045434,medium,standard,2023-01-15 12:22:53,0,0,0.188
TCKT_053683,high,platinum,2022-11-29 00:47:25,0,1,0.864
TCKT_041612,low,standard,2024-03-11 14:32:35,0,0,0.199
TCKT_096633,low,standard,2023-03-16 01:31:39,0,0,0.214
TCKT_066036,medium,gold,2024-07-01 13:01:28,1,1,0.783
TCKT_091826,medium,standard,2022-05-06 17:23:51,0,0,0.248
TCKT_007626,low,gold,2024-07-15 09:36:14,1,1,0.644
TCKT_004968,medium,platinum,2022-09-24 21:37:25,1,1,0.879
TCKT_079651,medium,gold,2022-12-12 07:11:42,0,1,0.749
TCKT_030878,high,platinum,2025-07-01 01:20:20,0,1,0.892
TCKT_058986,high,standard,2024-01-06 22:53:53,0,0,0.238
TCKT_073477,low,standard,2022-06-13 05:17:24,0,0,0.21
TCKT_040451,urgent,gold,2023-01-09 12:28:28,1,1,0.7
TCKT_044078,medium,gold,2022-09-09 19:29:18,1,1,0.772
TCKT_094558,urgent,standard,2025-12-18 02:55:18,0,0,0.149
TCKT_012719,medium,gold,2022-06-29 07:16:00,1,1,0.772
TCKT_037732,medium,standard,2024-01-01 14:07:13,0,0,0.237
TCKT_051144,high,standard,2023-01-16 13:54:53,0,0,0.284
TCKT_009916,low,platinum,2022-11-08 06:16:34,1,1,0.874
TCKT_029714,low,gold,2022-10-14 06:33:14,0,1,0.618
TCKT_095230,medium,platinum,2024-03-16 15:08:51,0,1,0.925
TCKT_009083,high,standard,2024-12-10 14:26:25,1,0,0.276
TCKT_076686,low,standard,2022-02-13 05:34:05,0,0,0.236
TCKT_081402,high,standard,2023-08-14 10:05:49,1,0,0.28
TCKT_059706,medium,platinum,2025-03-12 23:58:39,1,1,0.887
TCKT_078808,medium,standard,2022-09-05 18:49:42,0,0,0.242
TCKT_023546,medium,platinum,2024-07-10 08:56:03,1,1,0.867
TCKT_090663,medium,platinum,2024-09-17 16:40:11,1,1,0.887
TCKT_025883,urgent,standard,2023-03-07 16:16:54,0,0,0.304
TCKT_058068,medium,standard,2024-05-24 02:23:02,1,0,0.225
TCKT_070428,high,standard,2024-07-09 06:02:16,0,0,0.291
TCKT_071223,medium,standard,2022-08-24 03:47:46,0,0,0.209
TCKT_099607,low,standard,2022-08-20 04:36:51,1,0,0.223
TCKT_047746,low,standard,2022-12-17 17:44:04,0,0,0.205
TCKT_098505,low,gold,2024-09-21 09:47:26,0,1,0.568
TCKT_010946,high,standard,2022-03-24 14:03:43,1,0,0.272
TCKT_063924,medium,gold,2024-04-30 07:47:12,0,1,0.777
TCKT_003021,medium,gold,2023-03-30 04:21:37,1,1,0.776
TCKT_017257,medium,gold,2025-08-23 13:27:51,0,1,0.76
TCKT_046559,medium,standard,2025-08-07 10:37:46,1,0,0.254
TCKT_084170,urgent,standard,2025-01-08 11:54:52,0,0,0.296
TCKT_050777,low,gold,2023-05-22 15:17:49,1,1,0.636
TCKT_086310,medium,standard,2022-05-06 07:06:34,0,0,0.238
TCKT_052188,medium,gold,2024-02-17 22:42:11,1,1,0.743
TCKT_037154,high,standard,2023-04-26 18:08:54,0,0,0.275
TCKT_072652,low,standard,2023-08-06 15:11:04,0,0,0.254
TCKT_090333,low,gold,2024-11-26 17:50:47,0,1,0.622
TCKT_093400,low,gold,2025-11-16 03:23:11,1,1,0.588
TCKT_030523,medium,standard,2024-04-02 18:12:47,0,0,0.231
TCKT_070943,low,standard,2025-01-13 17:13:09,0,0,0.198
TCKT_079103,low,gold,2022-09-19 07:06:38,0,1,0.624
TCKT_002831,low,standard,2025-10-10 10:02:55,0,0,0.176
TCKT_082389,low,standard,2024-06-23 15:16:51,0,0,0.249
TCKT_064942,high,standard,2025-01-21 10:18:40,0,0,0.296
TCKT_076061,high,gold,2022-10-09 20:46:51,0,1,0.716
TCKT_083878,high,standard,2025-08-03 22:52:34,0,0,0.228
TCKT_067451,low,standard,2025-04-30 02:49:07,0,0,0.25
TCKT_025496,low,standard,2022-10-08 15:31:28,0,0,0.22
TCKT_087463,low,standard,2023-08-07 04:19:17,0,0,0.238
TCKT_069855,low,standard,2022-03-04 03:52:06,0,0,0.209
TCKT_061749,low,platinum,2025-09-08 17:36:22,1,1,0.862
TCKT_048882,low,platinum,2025-03-14 23:06:23,1,1,0.836
TCKT_036225,low,platinum,2025-08-06 09:13:27,1,1,0.855
TCKT_005394,low,standard,2025-08-20 22:48:12,0,0,0.224
TCKT_073892,high,standard,2024-08-12 04:15:42,0,0,0.283
TCKT_042381,medium,gold,2025-04-29 17:44:26,1,1,0.768
TCKT_089488,high,standard,2025-07-31 03:47:59,0,0,0.24
TCKT_017876,medium,platinum,2022-07-13 17:14:38,1,1,0.863
TCKT_084374,medium,standard,2024-05-03 15:17:23,0,0,0.233
TCKT_075710,medium,standard,2024-10-28 03:04:57,0,0,0.279
TCKT_048486,urgent,standard,2025-11-20 04:03:15,0,0,0.189
TCKT_074496,medium,gold,2022-11-03 02:45:11,0,1,0.749
TCKT_056090,low,gold,2022-04-13 19:13:10,0,1,0.61
TCKT_028580,medium,gold,2025-05-15 17:29:59,0,1,0.735
TCKT_090943,urgent,standard,2022-06-27 15:51:04,0,0,0.309
TCKT_010373,medium,gold,2024-01-06 08:58:21,1,1,0.768
TCKT_036010,low,standard,2022-02-11 10:44:22,1,0,0.213
TCKT_073278,medium,standard,2023-02-10 18:45:31,0,0,0.266
TCKT_047958,medium,gold,2022-12-11 00:13:17,1,1,0.756
TCKT_000181,high,standard,2024-06-16 11:01:49,0,0,0.238
TCKT_014574,high,standard,2022-09-24 10:31:40,1,0,0.252
TCKT_003745,medium,platinum,2023-12-14 13:21:24,0,1,0.895
TCKT_039914,low,standard,2025-04-15 04:15:32,0,0,0.212
TCKT_012396,medium,standard,2025-07-21 09:58:36,0,0,0.26
TCKT_051714,medium,standard,2022-03-05 16:01:50,0,0,0.253
TCKT_006438,medium,gold,2024-05-01 20:12:56,1,1,0.73
TCKT_095270,low,standard,2023-09-03 08:25:07,0,0,0.234
TCKT_097729,medium,platinum,2025-11-26 11:22:22,1,1,0.89
TCKT_021441,medium,standard,2025-12-24 17:39:10,0,0,0.272
TCKT_097200,urgent,standard,2023-07-11 20:16:15,0,0,0.293
TCKT_035378,high,gold,2024-11-04 01:15:20,0,1,0.75
TCKT_050588,medium,standard,2022-05-03 14:41:25,0,0,0.266
TCKT_009845,low,standard,2022-12-02 09:55:58,0,0,0.268
TCKT_084414,high,standard,2023-05-24 04:17:39,0,0,0.316
TCKT_031045,high,standard,2024-04-03 15:33:49,0,0,0.281
TCKT_011550,medium,gold,2025-12-06 18:03:34,1,1,0.753
TCKT_075343,medium,standard,2024-07-08 14:05:35,0,0,0.229
TCKT_046595,low,gold,2023-08-02 19:35:02,1,1,0.621
TCKT_044312,high,standard,2022-10-08 08:28:29,0,0,0.281
TCKT_039465,medium,standard,2023-08-03 06:10:37,0,0,0.273
TCKT_031651,urgent,standard,2024-08-02 17:49:58,0,0,0.288
TCKT_015867,low,standard,2023-03-07 03:13:17,0,0,0.213
TCKT_007245,high,gold,2025-12-30 03:35:51,1,1,0.727
TCKT_061549,high,standard,2023-04-08 10:25:30,0,0,0.257
TCKT_019728,medium,standard,2022-07-14 20:27:24,0,0,0.236
TCKT_029932,low,platinum,2025-09-17 17:13:50,1,1,0.852
TCKT_092427,medium,standard,2023-05-20 18:34:51,0,0,0.234
TCKT_089525,medium,gold,2025-09-09 01:39:10,0,1,0.754
TCKT_062511,low,platinum,2022-08-10 19:30:08,1,1,0.848
TCKT_043699,medium,standard,2024-07-18 21:02:32,0,0,0.225
TCKT_014784,high,gold,2024-11-22 04:22:33,0,1,0.78
TCKT_060524,medium,standard,2024-06-01 04:38:23,0,0,0.256
TCKT_022723,low,standard,2024-05-21 02:51:03,0,0,0.234
TCKT_007416,medium,standard,2023-04-11 22:28:04,0,0,0.221
TCKT_002234,medium,standard,2023-11-06 08:11:56,0,0,0.233
TCKT_088626,low,gold,2023-10-22 05:34:48,1,1,0.634
TCKT_072387,low,standard,2022-11-24 19:59:19,0,0,0.223
TCKT_086108,high,gold,2022-02-04 01:22:31,1,1,0.755
TCKT_034198,medium,standard,2024-07-01 10:14:46,0,0,0.224
TCKT_086011,medium,standard,2024-11-29 12:08:24,0,0,0.26
TCKT_076708,low,standard,2024-05-13 20:48:45,0,0,0.195
TCKT_076766,low,platinum,2025-12-23 05:22:18,0,1,0.876
TCKT_085985,low,standard,2025-03-26 10:57:36,0,0,0.224
TCKT_051409,low,standard,2022-03-19 06:01:23,1,0,0.211
TCKT_025045,low,platinum,2022-09-20 05:28:42,1,1,0.866
TCKT_016825,low,standard,2025-08-30 15:01:16,0,0,0.229
TCKT_020016,urgent,standard,2023-07-15 18:12:16,0,0,0.247
TCKT_059954,medium,platinum,2025-09-12 18:21:52,1,1,0.895
TCKT_004646,medium,gold,2022-05-24 00:31:19,0,1,0.742
TCKT_083991,medium,gold,2022-10-11 01:21:58,1,1,0.775
TCKT_084102,high,gold,2022-09-25 19:21:20,0,1,0.721
TCKT_069637,medium,gold,2024-11-28 22:16:11,1,1,0.73
TCKT_066539,high,standard,2024-01-20 04:06:00,0,0,0.322
TCKT_002625,high,standard,2023-09-03 06:02:57,0,0,0.278
TCKT_053321,medium,platinum,2023-03-28 17:57:00,1,1,0.869
TCKT_013973,medium,standard,2023-05-29 19:50:03,0,0,0.261
TCKT_061093,medium,standard,2025-12-28 02:08:57,0,0,0.24
TCKT_050079,low,standard,2023-12-30 19:17:37,0,0,0.233
TCKT_020908,medium,gold,2022-01-04 16:44:49,1,1,0.77
TCKT_002060,low,standard,2025-08-06 21:48:11,0,0,0.219
TCKT_094762,low,gold,2022-10-25 18:57:39,0,1,0.634
TCKT_068742,medium,standard,2024-01-10 03:21:08,0,0,0.208
TCKT_030169,high,standard,2024-07-04 17:47:08,1,0,0.236
TCKT_041617,high,standard,2025-12-26 17:04:27,0,0,0.275
TCKT_057128,low,gold,2023-10-29 08:58:29,1,1,0.578
TCKT_070254,low,gold,2023-01-02 01:34:24,0,1,0.632
TCKT_017948,low,standard,2025-06-01 16:56:12,0,0,0.272
TCKT_084356,medium,gold,2022-08-04 22:14:58,1,1,0.726
TCKT_030761,high,gold,2025-12-25 05:12:24,0,1,0.714
TCKT_077842,high,standard,2025-03-07 09:22:55,0,0,0.252
TCKT_078087,high,standard,2023-11-06 18:13:20,0,0,0.286
TCKT_006149,medium,gold,2022-03-22 01:55:53,0,1,0.743
TCKT_062497,low,gold,2024-03-15 20:38:50,1,1,0.592
TCKT_091045,high,gold,2024-12-01 00:47:50,1,1,0.72
TCKT_048821,medium,standard,2022-09-19 15:35:31,0,0,0.261
TCKT_011263,low,standard,2022-06-29 14:39:58,0,0,0.237
TCKT_001295,high,gold,2023-04-29 07:24:11,0,1,0.761
TCKT_016629,low,standard,2022-10-10 20:45:14,0,0,0.237
TCKT_000825,low,standard,2022-04-27 22:49:47,0,0,0.259
TCKT_030802,medium,standard,2025-03-29 09:10:42,0,0,0.274
TCKT_042168,low,gold,2024-03-23 12:27:37,0,1,0.614
TCKT_034224,medium,platinum,2025-12-29 20:53:36,0,1,0.853
TCKT_054029,high,standard,2025-01-10 13:23:30,0,0,0.27
TCKT_073343,low,standard,2022-05-26 07:08:32,0,0,0.238
TCKT_088453,high,gold,2025-02-10 19:47:05,0,1,0.746
TCKT_003545,urgent,standard,2023-06-05 06:13:59,0,0,0.307
TCKT_008420,low,standard,2022-10-02 11:50:49,0,0,0.212
TCKT_063644,high,gold,2024-09-13 23:17:02,1,1,0.732
TCKT_046068,medium,standard,2023-07-12 08:30:42,0,0,0.254
TCKT_025617,low,gold,2022-03-23 07:52:06,0,1,0.644
TCKT_068135,medium,standard,2024-01-13 20:04:29,0,0,0.238
TCKT_036512,low,standard,2022-05-18 04:45:38,0,0,0.173
TCKT_052364,low,standard,2023-06-28 19:19:42,0,0,0.184
TCKT_081410,medium,standard,2023-10-24 19:02:37,0,0,0.231
TCKT_064777,medium,gold,2024-06-20 13:22:00,1,1,0.79
TCKT_025366,low,platinum,2024-01-10 11:57:52,1,1,0.852
TCKT_014460,medium,standard,2025-07-27 08:39:42,0,0,0.24
TCKT_037553,low,standard,2023-10-11 18:11:14,1,0,0.196
TCKT_038490,high,standard,2024-12-23 17:12:21,0,0,0.225
TCKT_019271,high,gold,2022-05-22 09:39:26,1,1,0.738
TCKT_016421,low,gold,2025-01-01 09:22:53,1,1,0.635
TCKT_079570,medium,standard,2024-07-09 08:09:00,0,0,0.237
TCKT_003331,medium,gold,2023-01-01 17:45:13,1,1,0.781
TCKT_099900,urgent,standard,2024-05-04 05:54:14,0,0,0.256
TCKT_018157,high,standard,2025-04-24 19:37:29,1,0,0.306
TCKT_097390,urgent,standard,2022-08-31 07:23:57,0,0,0.242
TCKT_088494,medium,gold,2022-07-26 14:28:49,0,1,0.768
TCKT_082164,urgent,standard,2022-09-05 06:44:42,0,0,0.288
TCKT_014817,low,standard,2025-01-22 09:29:04,0,0,0.202
TCKT_080769,high,standard,2023-03-17 19:34:37,0,0,0.304
TCKT_014685,medium,gold,2024-03-01 22:29:13,0,1,0.765
TCKT_069082,medium,standard,2022-09-18 21:15:59,0,0,0.26
TCKT_094994,urgent,standard,2022-03-06 05:00:56,0,0,0.307
TCKT_029512,high,gold,2025-04-27 12:06:20,1,1,0.741
TCKT_081112,medium,gold,2022-07-01 17:25:17,1,1,0.767
TCKT_023006,low,standard,2025-07-22 04:20:33,0,0,0.234
TCKT_067030,urgent,standard,2023-11-21 18:06:12,0,0,0.242
TCKT_085359,high,gold,2025-11-26 21:44:13,1,1,0.748
TCKT_005870,medium,platinum,2022-09-14 08:05:34,1,1,0.905
TCKT_069013,medium,standard,2025-12-20 01:54:36,0,0,0.202
TCKT_082466,low,platinum,2024-07-15 22:59:24,1,1,0.885
TCKT_027305,low,standard,2025-10-10 21:27:22,0,0,0.217
TCKT_011929,medium,standard,2022-12-12 20:48:07,0,0,0.271
TCKT_023661,low,standard,2023-08-29 13:39:54,1,0,0.252
TCKT_055066,low,standard,2024-09-03 18:32:11,0,0,0.26
TCKT_086993,low,standard,2023-01-21 05:37:14,0,0,0.226
TCKT_066205,low,standard,2023-11-21 06:56:41,0,0,0.211
TCKT_026627,high,standard,2022-05-22 16:07:41,0,0,0.25
TCKT_082336,high,platinum,2025-10-28 19:39:30,1,1,0.868
TCKT_047426,low,gold,2022-01-18 09:54:25,0,1,0.637
TCKT_031647,medium,platinum,2024-10-02 22:50:44,1,1,0.875
TCKT_026845,low,standard,2023-06-20 08:15:25,0,0,0.229
TCKT_058188,medium,platinum,2025-12-02 11:33:34,1,1,0.882
TCKT_092509,medium,gold,2025-07-12 02:49:09,1,1,0.753
TCKT_067599,high,standard,2025-02-28 19:51:43,0,0,0.241
TCKT_046176,high,standard,2022-08-10 13:08:51,1,0,0.303
TCKT_080183,low,gold,2022-12-04 19:07:34,0,1,0.627
TCKT_089745,low,standard,2025-06-15 16:41:14,0,0,0.247
TCKT_092946,low,standard,2024-12-01 23:02:10,0,0,0.244
TCKT_039094,high,gold,2024-04-13 06:12:21,1,1,0.74
TCKT_048906,medium,platinum,2022-11-11 14:14:45,1,1,0.889
TCKT_067465,medium,platinum,2024-03-23 04:39:38,0,1,0.903
TCKT_096494,medium,standard,2022-04-17 01:33:44,0,0,0.22
TCKT_085148,low,standard,2023-04-05 20:25:12,0,0,0.228
TCKT_024307,high,standard,2025-08-09 06:05:16,0,0,0.289
TCKT_017594,medium,standard,2023-05-06 01:59:51,0,0,0.237
TCKT_013816,high,standard,2025-10-08 23:48:03,0,0,0.268
TCKT_004262,urgent,standard,2024-09-14 11:11:03,0,0,0.305
TCKT_072784,high,standard,2023-09-29 09:37:56,0,0,0.248
TCKT_058097,medium,gold,2022-10-02 15:29:12,1,1,0.742
TCKT_074651,medium,standard,2024-05-02 13:50:19,0,0,0.279
TCKT_085951,low,standard,2025-05-04 21:48:27,0,0,0.234
TCKT_053810,medium,platinum,2022-07-15 14:53:03,1,1,0.894
TCKT_018209,low,gold,2022-01-14 07:55:24,0,1,0.636
TCKT_052848,urgent,standard,2023-05-21 18:07:56,0,0,0.321
TCKT_001666,low,standard,2024-04-16 11:56:28,0,0,0.229
TCKT_001323,high,standard,2022-04-23 06:36:06,1,0,0.269
TCKT_040163,medium,standard,2023-11-03 18:55:26,0,0,0.289
TCKT_047513,medium,standard,2025-02-08 04:18:55,1,0,0.256
TCKT_013238,urgent,standard,2025-04-15 17:26:44,0,0,0.296
TCKT_020597,low,standard,2024-03-07 08:47:38,0,0,0.245
TCKT_032032,medium,standard,2025-08-05 01:17:06,1,0,0.2
TCKT_021516,medium,gold,2022-08-06 16:22:42,0,1,0.781
TCKT_092236,high,platinum,2023-03-31 15:54:12,1,1,0.864
TCKT_087112,low,gold,2023-04-14 09:58:44,1,1,0.642
TCKT_094908,medium,standard,2022-03-21 06:55:35,0,0,0.234
TCKT_056404,medium,standard,2024-07-30 07:49:29,0,0,0.248
TCKT_024553,medium,gold,2024-07-30 20:28:36,1,1,0.746
TCKT_022710,low,standard,2022-04-21 09:35:42,0,0,0.247
TCKT_026805,low,standard,2022-01-02 08:54:08,1,0,0.249
TCKT_097517,medium,standard,2023-02-06 05:06:39,0,0,0.235
TCKT_004162,low,standard,2023-01-12 13:48:46,0,0,0.221
TCKT_017777,medium,standard,2022-09-12 07:21:42,0,0,0.228
TCKT_046236,low,gold,2025-09-19 13:58:35,0,1,0.666
TCKT_086812,urgent,standard,2024-01-20 18:30:16,0,0,0.361
TCKT_072309,urgent,standard,2025-06-21 05:30:57,0,0,0.331
TCKT_097272,low,gold,2025-01-20 13:32:21,1,1,0.677
TCKT_058262,high,gold,2025-11-12 14:47:50,1,1,0.761
TCKT_023652,low,standard,2022-04-16 09:20:36,0,0,0.202
TCKT_081913,high,gold,2022-08-08 12:52:58,0,1,0.731
TCKT_083204,low,gold,2025-04-20 11:30:11,0,1,0.576
TCKT_033237,medium,standard,2025-05-04 15:24:47,0,0,0.234
TCKT_062766,low,gold,2024-09-21 01:43:12,0,1,0.634
TCKT_093861,low,standard,2022-04-22 01:45:37,0,0,0.254
TCKT_086025,urgent,gold,2023-07-21 19:03:56,0,1,0.749
TCKT_099743,low,standard,2023-12-02 17:48:02,0,0,0.262
TCKT_093918,medium,standard,2023-02-14 16:37:27,0,0,0.206
TCKT_051154,low,standard,2022-11-26 13:42:40,0,0,0.243
TCKT_098403,low,standard,2022-03-10 08:26:56,0,0,0.245
TCKT_003209,medium,standard,2025-10-09 12:26:17,0,0,0.253
TCKT_000909,low,standard,2025-10-23 18:13:33,0,0,0.235
TCKT_046380,medium,platinum,2022-06-13 06:57:16,1,1,0.857
TCKT_050895,high,platinum,2025-01-27 04:06:30,1,1,0.831
TCKT_019874,low,gold,2022-07-30 07:08:48,1,1,0.627
TCKT_064004,medium,standard,2022-01-04 18:19:07,1,0,0.198
TCKT_073352,high,platinum,2023-12-30 01:36:11,1,1,0.893
TCKT_097347,low,gold,2025-11-09 07:32:22,0,1,0.583
TCKT_020044,medium,standard,2024-03-24 16:21:56,0,0,0.257
TCKT_084384,high,standard,2022-05-30 00:06:34,0,0,0.344
TCKT_084100,medium,gold,2022-01-30 08:53:24,0,1,0.78
TCKT_084093,high,standard,2025-12-06 17:51:18,0,0,0.304
TCKT_093433,medium,standard,2023-09-10 02:41:28,0,0,0.241
TCKT_073741,high,standard,2023-08-07 04:39:37,0,0,0.29
TCKT_079806,urgent,standard,2024-08-09 01:33:05,0,0,0.26
TCKT_099128,low,gold,2022-02-25 15:24:42,0,1,0.619
TCKT_081006,medium,gold,2022-11-18 04:31:53,0,1,0.743
TCKT_041800,low,standard,2023-05-21 18:04:42,0,0,0.226
TCKT_042820,high,standard,2025-05-09 04:06:46,1,0,0.272
TCKT_037754,low,gold,2022-04-25 12:57:23,0,1,0.613
TCKT_074732,low,platinum,2025-09-07 03:42:40,1,1,0.839
TCKT_012000,low,standard,2023-07-11 06:52:39,1,0,0.224
TCKT_002595,medium,standard,2023-11-17 05:04:10,0,0,0.263
TCKT_025832,low,standard,2022-06-26 03:50:17,0,0,0.247
TCKT_085937,medium,standard,2022-05-11 16:38:24,0,0,0.211
TCKT_063889,high,gold,2023-01-01 08:44:01,1,1,0.746
TCKT_002632,high,standard,2025-08-16 11:58:12,0,0,0.294
TCKT_034259,urgent,standard,2024-12-13 18:05:00,0,0,0.24
TCKT_002585,urgent,gold,2022-09-14 05:25:15,0,1,0.762
TCKT_051890,high,gold,2022-02-06 16:16:37,1,1,0.745
TCKT_076769,low,standard,2024-05-18 22:32:05,0,0,0.238
TCKT_011278,medium,gold,2022-05-21 08:31:19,1,1,0.752
TCKT_031618,medium,standard,2025-06-03 17:02:43,0,0,0.264
TCKT_062565,medium,standard,2024-12-21 10:31:47,0,0,0.24
TCKT_000950,low,gold,2025-05-06 23:31:18,0,1,0.613
TCKT_018377,low,gold,2024-09-11 19:44:28,1,1,0.609
TCKT_014606,low,standard,2022-01-07 23:46:28,0,0,0.197
TCKT_003278,high,standard,2022-08-11 09:22:37,1,0,0.282
TCKT_008929,low,standard,2022-12-20 22:04:12,0,0,0.222
TCKT_038131,low,standard,2023-10-25 07:16:03,0,0,0.209
TCKT_065304,low,standard,2025-03-22 22:14:43,0,0,0.231
TCKT_085887,low,gold,2025-02-23 06:40:55,1,1,0.623
TCKT_034922,low,standard,2025-11-17 23:59:36,0,0,0.168
TCKT_041722,medium,gold,2023-10-13 12:06:21,1,1,0.741
TCKT_041066,low,gold,2024-11-17 14:55:55,0,1,0.64
TCKT_032781,low,standard,2022-09-04 18:13:45,0,0,0.272
TCKT_024131,high,gold,2022-10-03 01:56:38,0,1,0.757
TCKT_043783,medium,standard,2025-12-01 18:48:27,0,0,0.258
TCKT_081749,medium,gold,2025-01-26 15:12:05,0,1,0.77
TCKT_020298,high,platinum,2023-09-25 18:57:57,1,1,0.861
TCKT_063629,low,standard,2023-08-03 18:45:10,0,0,0.225
TCKT_040293,low,standard,2024-07-31 04:55:53,0,0,0.239
TCKT_023601,medium,standard,2024-05-22 11:34:20,0,0,0.244
TCKT_066280,urgent,standard,2023-07-04 20:03:50,0,0,0.265
TCKT_031836,medium,platinum,2025-08-12 20:50:26,1,1,0.887
TCKT_054645,high,gold,2024-12-20 11:49:33,1,1,0.764
TCKT_002246,urgent,gold,2025-11-09 00:53:25,1,1,0.758
TCKT_072820,high,gold,2025-05-06 03:22:32,0,1,0.726
TCKT_071113,medium,gold,2022-04-25 21:21:59,1,1,0.804
TCKT_069073,low,gold,2022-04-28 21:48:32,0,1,0.621
TCKT_008934,low,standard,2024-04-02 10:57:13,1,0,0.222
TCKT_024557,high,standard,2024-10-04 10:49:53,0,0,0.276
TCKT_005709,medium,standard,2023-09-11 05:36:22,0,0,0.209
TCKT_008977,low,gold,2025-08-17 09:29:16,0,1,0.62
TCKT_000738,low,standard,2023-12-07 17:16:58,0,0,0.214
TCKT_068952,medium,standard,2023-07-10 01:42:59,0,0,0.228
TCKT_041553,medium,standard,2024-04-05 13:08:34,0,0,0.246
TCKT_050787,medium,standard,2022-04-22 16:48:34,1,0,0.232
TCKT_096549,low,platinum,2024-09-03 00:21:22,0,1,0.885
TCKT_034857,low,platinum,2022-08-30 17:59:55,1,1,0.85
TCKT_010150,low,standard,2024-05-03 09:24:14,0,0,0.261
TCKT_060725,low,standard,2023-07-24 08:08:44,0,0,0.21
TCKT_036885,urgent,gold,2025-02-26 02:45:52,0,1,0.707
TCKT_008478,urgent,standard,2025-04-28 11:05:42,0,0,0.291
TCKT_037250,medium,gold,2022-05-10 02:31:48,1,1,0.771
TCKT_060835,low,standard,2024-09-06 11:55:33,0,0,0.175
TCKT_009909,medium,gold,2024-10-13 04:44:46,0,1,0.771
TCKT_046672,low,standard,2025-01-16 21:46:05,0,0,0.238
TCKT_085334,urgent,standard,2023-04-05 03:57:23,0,0,0.238
TCKT_097587,low,standard,2024-06-08 09:06:05,0,0,0.237
TCKT_040218,low,standard,2022-03-18 23:24:15,1,0,0.177
TCKT_050809,high,standard,2024-05-04 18:45:04,0,0,0.277
TCKT_087752,urgent,standard,2025-07-30 23:38:45,1,0,0.317
TCKT_017372,low,standard,2022-02-27 22:59:50,0,0,0.258
TCKT_038866,medium,gold,2022-07-18 23:40:27,0,1,0.736
TCKT_090194,medium,standard,2025-04-06 11:33:12,0,0,0.23
TCKT_000375,low,standard,2023-07-13 23:05:17,0,0,0.23
TCKT_031674,high,standard,2023-07-27 22:25:32,0,0,0.258
TCKT_045971,low,standard,2022-05-08 17:43:25,0,0,0.225
TCKT_009509,medium,gold,2024-03-31 12:34:41,0,1,0.756
TCKT_096910,medium,gold,2025-08-16 06:58:16,1,1,0.772
TCKT_096785,low,standard,2023-08-12 13:25:36,1,0,0.233
TCKT_068515,medium,standard,2022-05-08 06:08:52,0,0,0.232
TCKT_095628,medium,gold,2025-08-21 21:49:42,1,1,0.774
TCKT_012734,low,gold,2023-08-29 00:50:02,0,1,0.605
TCKT_010590,medium,gold,2025-04-03 17:58:11,1,1,0.768
TCKT_098352,urgent,standard,2023-08-26 06:32:51,0,0,0.194
TCKT_008599,high,platinum,2024-03-20 11:33:28,0,1,0.804
TCKT_066281,low,standard,2022-08-09 01:07:54,0,0,0.198
TCKT_017080,low,gold,2024-07-25 00:01:20,0,1,0.599
TCKT_002937,low,platinum,2025-12-28 01:55:55,1,1,0.881
TCKT_017532,urgent,standard,2025-05-22 09:27:57,0,0,0.348
TCKT_081853,high,gold,2022-06-03 20:56:44,1,1,0.693
TCKT_076864,high,gold,2022-03-11 14:04:49,0,1,0.746
TCKT_088936,medium,gold,2025-09-05 08:30:25,1,1,0.757
TCKT_087004,low,gold,2025-08-28 20:59:35,1,1,0.661
TCKT_043523,low,standard,2025-10-26 13:31:22,0,0,0.225
TCKT_065209,medium,standard,2023-08-22 20:34:46,0,0,0.243
TCKT_003948,low,gold,2022-05-03 21:02:11,1,1,0.594
TCKT_036097,high,gold,2022-05-08 20:57:12,1,1,0.694
TCKT_074231,medium,standard,2025-06-22 12:19:49,0,0,0.23
TCKT_068453,medium,standard,2023-03-14 09:47:00,0,0,0.238
TCKT_076037,medium,standard,2025-09-26 10:34:06,0,0,0.259
TCKT_025438,medium,standard,2023-07-26 23:44:22,0,0,0.269
TCKT_009427,urgent,standard,2022-11-05 11:31:07,0,0,0.271
TCKT_009255,low,standard,2024-07-26 11:19:58,0,0,0.207
TCKT_033071,high,gold,2024-04-06 17:32:50,1,1,0.748
TCKT_076671,high,standard,2024-05-25 20:03:15,1,0,0.243
TCKT_001262,low,platinum,2023-05-19 00:49:23,1,1,0.879
TCKT_079546,high,gold,2025-08-09 06:27:46,0,1,0.731
TCKT_000182,medium,standard,2022-12-08 00:32:19,0,0,0.251
TCKT_069336,low,gold,2025-12-16 07:57:55,1,1,0.63
TCKT_018094,medium,platinum,2022-12-10 01:56:19,1,1,0.903
TCKT_054642,medium,standard,2025-05-24 13:09:04,0,0,0.285
TCKT_068990,urgent,standard,2023-05-28 06:07:00,0,0,0.198
TCKT_011360,low,standard,2023-08-27 02:06:14,0,0,0.248
TCKT_050761,high,platinum,2023-11-05 01:46:33,1,1,0.879
TCKT_060811,low,gold,2025-12-05 10:06:55,1,1,0.643
TCKT_005979,medium,gold,2022-04-22 18:45:56,0,1,0.748
TCKT_057812,medium,platinum,2024-07-26 06:25:57,0,1,0.907
TCKT_006468,low,standard,2022-05-11 11:52:49,1,0,0.243
TCKT_089080,medium,gold,2025-04-09 14:44:39,0,1,0.793
TCKT_098324,medium,standard,2025-02-10 13:52:40,1,0,0.235
TCKT_004375,medium,standard,2024-02-05 07:34:44,0,0,0.252
TCKT_098478,medium,gold,2024-02-06 14:30:11,0,1,0.757
TCKT_089378,low,gold,2025-09-06 02:24:56,1,1,0.586
TCKT_097595,medium,standard,2022-10-17 20:03:15,0,0,0.228
TCKT_084095,medium,standard,2022-07-04 19:03:15,0,0,0.211
TCKT_087522,low,gold,2023-03-21 10:15:37,0,1,0.607
TCKT_016843,urgent,standard,2022-01-27 21:09:25,1,0,0.384
TCKT_007260,low,platinum,2023-03-10 03:18:33,1,1,0.89
TCKT_099673,low,gold,2023-03-09 15:22:02,0,1,0.603
TCKT_091082,high,platinum,2023-03-29 15:57:30,1,1,0.891
TCKT_073696,medium,platinum,2025-06-03 03:18:53,1,1,0.862
TCKT_003762,medium,standard,2024-09-20 20:54:59,0,0,0.25
TCKT_097481,low,gold,2024-12-11 22:17:37,1,1,0.659
TCKT_009563,urgent,standard,2022-02-10 09:52:32,1,0,0.272
TCKT_012999,medium,standard,2024-02-20 11:06:58,0,0,0.213
TCKT_070993,low,standard,2023-09-16 22:22:31,0,0,0.237
TCKT_054911,medium,gold,2023-01-03 00:17:51,1,1,0.781
TCKT_097508,low,standard,2022-09-17 14:41:12,0,0,0.242
TCKT_021605,medium,standard,2025-01-23 23:46:48,1,0,0.221
TCKT_065232,high,gold,2022-07-10 05:02:06,1,1,0.746
TCKT_046077,low,gold,2022-11-08 11:50:54,1,1,0.631
TCKT_035450,low,standard,2025-12-12 12:44:55,0,0,0.222
TCKT_044220,urgent,standard,2023-07-21 03:31:57,0,0,0.224
TCKT_011472,low,standard,2023-05-28 07:05:58,0,0,0.212
TCKT_022997,low,standard,2022-11-15 03:53:39,1,0,0.228
TCKT_082889,low,gold,2024-06-05 02:25:24,1,1,0.616
TCKT_027742,high,standard,2024-08-28 11:11:44,0,0,0.233
TCKT_040489,medium,standard,2023-08-23 17:48:27,0,0,0.251
TCKT_079709,medium,gold,2022-03-23 22:33:52,1,1,0.742
TCKT_041104,high,standard,2023-08-20 13:27:11,0,0,0.271
TCKT_014977,low,standard,2024-07-09 05:34:07,0,0,0.221
TCKT_081092,medium,standard,2023-11-04 23:55:53,0,0,0.227
TCKT_045550,medium,gold,2022-01-24 08:21:48,1,1,0.764
TCKT_093921,medium,gold,2025-08-27 04:43:23,1,1,0.796
TCKT_012168,low,standard,2024-05-17 04:29:52,0,0,0.214
TCKT_056916,low,standard,2024-02-22 17:31:17,0,0,0.222
TCKT_086592,urgent,standard,2024-04-07 16:38:42,0,0,0.323
TCKT_044748,medium,standard,2024-09-11 16:28:30,0,0,0.251
TCKT_028808,medium,standard,2022-08-30 05:47:14,0,0,0.241
TCKT_019758,medium,standard,2024-08-28 14:30:02,1,0,0.254
TCKT_052737,medium,gold,2023-09-18 03:42:16,1,1,0.775
TCKT_004774,low,standard,2025-04-24 17:21:43,0,0,0.274
TCKT_015675,low,standard,2024-05-02 21:56:32,0,0,0.25
TCKT_074778,low,standard,2022-06-24 07:24:07,1,0,0.272
TCKT_013396,high,platinum,2022-06-16 16:25:02,1,1,0.843
TCKT_063752,low,standard,2024-02-03 02:55:47,0,0,0.215
TCKT_039136,medium,standard,2024-07-05 00:16:05,0,0,0.212
TCKT_094576,medium,standard,2024-02-17 04:09:36,0,0,0.249
TCKT_074023,medium,gold,2025-05-29 08:55:13,1,1,0.789
TCKT_040737,urgent,platinum,2023-12-14 10:14:17,1,1,0.867
TCKT_001925,medium,platinum,2025-10-07 10:20:00,1,1,0.896
TCKT_066447,medium,gold,2025-09-17 18:29:45,1,1,0.795
TCKT_047105,medium,standard,2022-05-12 04:14:50,0,0,0.269
TCKT_063268,low,standard,2022-01-01 00:20:26,0,0,0.23
TCKT_031169,low,standard,2023-11-23 18:36:38,0,0,0.255
TCKT_060722,urgent,standard,2024-04-28 13:10:43,1,0,0.312
TCKT_049356,low,gold,2024-11-12 19:48:00,1,1,0.583
TCKT_008371,medium,standard,2023-01-14 06:22:10,0,0,0.262
TCKT_035036,medium,standard,2023-08-09 04:23:12,1,0,0.26
TCKT_029939,low,standard,2024-01-17 14:37:36,0,0,0.257
TCKT_067189,medium,gold,2022-09-21 19:08:40,0,1,0.754
TCKT_030584,urgent,standard,2025-05-31 19:01:53,0,0,0.388
TCKT_063366,urgent,platinum,2024-08-14 11:44:27,0,1,0.786
TCKT_026691,low,standard,2023-09-05 16:31:14,0,0,0.203
TCKT_056486,low,standard,2024-11-06 21:30:43,0,0,0.226
TCKT_048650,low,standard,2023-05-11 02:30:40,0,0,0.229
TCKT_072891,medium,standard,2022-01-16 08:16:01,1,0,0.238
TCKT_061752,medium,standard,2022-05-14 14:14:58,0,0,0.248
TCKT_033820,medium,standard,2024-10-08 17:37:07,1,0,0.241
TCKT_045991,high,standard,2022-01-01 22:55:16,1,0,0.264
TCKT_092322,low,standard,2025-05-21 07:21:40,0,0,0.214
TCKT_027508,low,standard,2022-08-29 11:08:35,0,0,0.217
TCKT_024409,high,standard,2023-05-05 17:16:29,0,0,0.249
TCKT_046513,low,gold,2022-03-21 06:49:24,1,1,0.575
TCKT_033733,high,standard,2023-10-27 14:18:06,0,0,0.265
TCKT_026312,low,gold,2024-02-11 03:03:27,0,1,0.581
TCKT_060413,medium,standard,2022-08-22 18:10:00,1,0,0.244
TCKT_085683,high,platinum,2024-02-03 06:46:56,1,1,0.873
TCKT_012963,low,standard,2025-06-29 00:53:26,0,0,0.2
TCKT_053503,low,gold,2024-08-04 17:25:31,1,1,0.61
TCKT_050432,urgent,standard,2024-02-24 10:23:51,1,0,0.321
TCKT_050369,high,standard,2023-10-01 05:10:13,0,0,0.28
TCKT_043141,low,platinum,2025-03-15 11:13:30,1,1,0.881
TCKT_020544,low,standard,2024-04-08 02:08:23,0,0,0.209
TCKT_011140,low,gold,2022-01-26 03:30:21,1,1,0.571
TCKT_080669,low,platinum,2023-08-23 19:27:15,1,1,0.849
TCKT_034273,medium,standard,2022-07-29 00:00:46,0,0,0.212
TCKT_028203,high,standard,2023-09-27 10:54:52,0,0,0.228
TCKT_027258,low,standard,2022-10-04 17:40:10,0,0,0.211
TCKT_004775,medium,standard,2024-06-24 19:34:08,0,0,0.248
TCKT_029771,high,gold,2025-05-19 04:47:21,1,1,0.756
TCKT_007796,high,platinum,2024-07-01 14:52:28,1,1,0.84
TCKT_052358,medium,standard,2022-11-09 09:47:55,0,0,0.267
TCKT_036372,medium,gold,2024-03-13 01:23:09,0,1,0.783
TCKT_076895,urgent,standard,2023-03-07 14:51:49,0,0,0.238
TCKT_014909,medium,standard,2022-09-14 17:55:56,0,0,0.228
TCKT_031474,medium,standard,2025-03-17 08:12:31,0,0,0.264
TCKT_027363,low,standard,2022-04-25 04:12:37,0,0,0.247
TCKT_000055,low,standard,2024-12-22 02:06:27,0,0,0.193
TCKT_075232,medium,standard,2024-06-29 00:26:26,0,0,0.289
TCKT_092718,low,standard,2024-05-12 03:29:26,0,0,0.241
TCKT_064613,low,standard,2023-08-25 04:29:22,0,0,0.284
TCKT_037768,medium,standard,2022-04-17 06:22:55,0,0,0.261
TCKT_004753,high,platinum,2025-02-01 17:28:01,1,1,0.855
TCKT_057662,low,standard,2025-11-15 15:06:35,0,0,0.224
TCKT_018399,high,standard,2025-01-02 11:01:46,0,0,0.25
TCKT_067482,high,standard,2023-12-14 01:52:38,0,0,0.265
TCKT_027876,medium,gold,2025-08-12 14:02:31,1,1,0.798
TCKT_089200,low,standard,2025-07-04 20:44:42,0,0,0.262
TCKT_055082,medium,standard,2025-01-07 13:53:04,0,0,0.25
TCKT_040010,low,gold,2023-11-17 23:31:07,0,1,0.551
TCKT_037055,medium,gold,2024-03-30 17:55:07,1,1,0.763
TCKT_087989,medium,standard,2022-04-27 18:18:59,0,0,0.224
TCKT_061841,low,standard,2025-08-09 04:55:03,0,0,0.224
TCKT_004835,low,gold,2024-03-23 09:37:18,0,1,0.625
TCKT_036180,urgent,standard,2024-04-01 06:36:06,0,0,0.263
TCKT_053024,low,standard,2023-02-12 05:51:58,0,0,0.219
TCKT_085253,low,gold,2025-05-20 21:13:22,1,1,0.606
TCKT_095250,medium,gold,2022-03-18 00:54:11,1,1,0.775
TCKT_026567,high,standard,2024-04-26 17:17:38,0,0,0.249
TCKT_066908,medium,gold,2024-04-20 10:41:20,1,1,0.754
TCKT_033917,high,standard,2024-02-06 00:07:04,0,0,0.285
TCKT_088524,medium,standard,2025-08-19 03:29:46,1,0,0.197
TCKT_091077,low,standard,2022-04-05 22:59:11,0,0,0.22
TCKT_063488,low,standard,2024-02-22 03:02:15,0,0,0.214
TCKT_046177,medium,gold,2023-08-25 04:45:47,0,1,0.789
TCKT_086865,medium,gold,2024-11-08 20:44:34,0,1,0.767
TCKT_019052,high,standard,2022-03-13 16:07:47,0,0,0.24
TCKT_063360,medium,standard,2025-05-28 23:03:51,0,0,0.248
TCKT_055915,low,gold,2023-08-30 02:34:36,0,1,0.588
TCKT_030603,high,gold,2022-09-01 15:32:43,1,1,0.717
TCKT_071790,low,standard,2025-04-13 02:45:21,0,0,0.241
TCKT_048393,low,gold,2024-12-09 00:46:14,0,1,0.624
TCKT_022667,medium,standard,2025-11-01 22:49:12,0,0,0.23
TCKT_080773,medium,standard,2024-10-06 03:51:17,0,0,0.223
TCKT_077804,high,standard,2024-12-20 23:23:42,0,0,0.249
TCKT_076302,medium,standard,2022-03-24 18:58:29,0,0,0.258
TCKT_082976,high,standard,2022-09-07 13:40:48,1,0,0.281
TCKT_028428,medium,gold,2022-01-15 07:22:59,1,1,0.788
TCKT_036883,high,standard,2025-07-01 13:02:49,0,0,0.308
TCKT_072657,urgent,gold,2023-03-08 17:33:46,0,1,0.771
TCKT_096003,low,gold,2023-04-10 14:54:03,0,1,0.616
TCKT_095524,medium,standard,2025-02-07 05:47:44,0,0,0.272
TCKT_035280,medium,gold,2025-08-22 11:26:45,1,1,0.748
TCKT_006942,medium,standard,2024-04-18 06:29:51,0,0,0.235
TCKT_020603,medium,standard,2022-07-16 21:18:18,0,0,0.268
TCKT_017157,medium,standard,2025-04-14 16:37:27,0,0,0.254
TCKT_035709,high,standard,2025-12-30 14:49:42,0,0,0.282
TCKT_029026,high,gold,2023-09-15 22:29:18,0,1,0.757
TCKT_057299,medium,gold,2025-04-02 00:29:01,1,1,0.769
TCKT_066211,low,gold,2025-02-23 04:13:51,0,1,0.601
TCKT_017910,medium,standard,2023-07-24 19:55:50,0,0,0.24
TCKT_067268,high,gold,2024-11-01 15:31:29,1,1,0.767
TCKT_015339,high,platinum,2024-06-27 20:40:44,1,1,0.893
TCKT_019616,medium,standard,2024-06-17 01:59:31,0,0,0.262
TCKT_080545,low,standard,2023-09-05 04:00:36,0,0,0.224
TCKT_019570,low,standard,2023-02-15 12:38:27,0,0,0.222
TCKT_027850,medium,gold,2024-05-08 09:50:40,0,1,0.762
TCKT_069475,high,standard,2022-09-16 12:13:18,0,0,0.264
TCKT_068977,medium,platinum,2025-10-29 13:35:44,1,1,0.89
TCKT_033089,low,standard,2022-02-04 08:03:37,0,0,0.255
TCKT_076807,medium,standard,2024-07-18 14:24:33,0,0,0.255
TCKT_033495,medium,platinum,2025-01-19 15:52:38,1,1,0.905
TCKT_093994,low,gold,2022-10-07 15:30:25,1,1,0.64
TCKT_075108,medium,standard,2023-07-14 13:31:53,0,0,0.248
TCKT_073285,medium,standard,2024-12-12 10:05:31,1,0,0.253
TCKT_069975,low,gold,2023-06-27 20:38:54,0,1,0.609
TCKT_071530,medium,gold,2024-04-29 00:58:22,1,1,0.751
TCKT_066021,medium,standard,2025-12-21 20:35:28,0,0,0.255
TCKT_088875,low,standard,2022-02-26 20:14:56,1,0,0.259
TCKT_062670,high,platinum,2023-03-13 14:21:40,1,1,0.825
TCKT_003302,low,gold,2022-12-26 17:54:37,1,1,0.619
TCKT_093554,low,gold,2024-01-03 21:20:25,1,1,0.649
TCKT_051959,low,gold,2024-08-23 18:33:23,0,1,0.582
TCKT_093024,medium,standard,2023-09-07 18:50:42,1,0,0.211
TCKT_087323,low,gold,2024-05-05 20:41:17,1,1,0.605
TCKT_027479,low,standard,2024-02-17 05:01:15,0,0,0.204
TCKT_054964,medium,gold,2025-02-18 00:34:09,1,1,0.776
TCKT_063555,high,standard,2024-05-21 04:30:04,1,0,0.242
TCKT_020003,urgent,platinum,2023-08-08 07:13:36,1,1,0.791
TCKT_056268,medium,standard,2025-02-23 04:51:31,0,0,0.269
TCKT_097711,low,platinum,2025-09-01 09:24:32,1,1,0.88
TCKT_052757,medium,standard,2025-11-04 00:59:54,0,0,0.239
TCKT_042850,medium,gold,2022-01-25 21:06:40,1,1,0.783
TCKT_062881,medium,gold,2023-08-01 17:27:53,0,1,0.756
TCKT_000614,medium,gold,2022-06-17 23:46:58,0,1,0.748
TCKT_068628,high,standard,2023-10-02 02:19:11,0,0,0.267
TCKT_006836,low,platinum,2022-06-04 17:02:32,1,1,0.847
TCKT_028496,low,gold,2022-12-02 11:47:36,0,1,0.655
TCKT_071620,medium,gold,2023-04-04 10:05:19,0,1,0.771
TCKT_006534,low,standard,2024-07-02 14:13:58,0,0,0.251
TCKT_040935,low,standard,2022-10-19 00:35:57,0,0,0.245
TCKT_048011,medium,platinum,2022-12-03 19:49:52,1,1,0.895
TCKT_006004,medium,standard,2025-11-27 13:26:26,0,0,0.282
TCKT_006843,medium,standard,2024-08-13 03:10:41,0,0,0.246
TCKT_076177,medium,standard,2023-11-13 23:13:13,0,0,0.257
TCKT_066243,medium,gold,2025-05-04 18:55:05,1,1,0.752
TCKT_011151,low,standard,2023-12-12 06:08:25,0,0,0.216
TCKT_078869,high,gold,2024-07-07 02:35:12,0,1,0.74
TCKT_019884,high,standard,2024-05-25 16:40:57,1,0,0.268
TCKT_007013,medium,standard,2023-01-27 02:32:42,0,0,0.269
TCKT_074823,low,gold,2023-01-25 15:35:37,0,1,0.622
TCKT_049528,medium,standard,2024-12-18 18:45:07,0,0,0.243
TCKT_051032,medium,standard,2024-07-22 17:21:12,0,0,0.282
TCKT_062726,high,standard,2024-10-23 10:14:59,1,0,0.25
TCKT_044659,medium,standard,2023-10-28 18:12:31,0,0,0.212
TCKT_042649,low,gold,2025-05-03 20:11:27,1,1,0.608
TCKT_038047,high,gold,2025-11-16 03:45:39,1,1,0.715
TCKT_028618,high,platinum,2024-01-20 14:25:07,0,1,0.901
TCKT_094889,low,standard,2024-11-19 07:58:54,0,0,0.243
TCKT_011822,medium,gold,2022-09-25 06:06:11,0,1,0.772
TCKT_008735,low,gold,2024-10-29 18:53:29,0,1,0.622
TCKT_027887,high,gold,2025-01-13 00:55:56,0,1,0.753
TCKT_018823,high,standard,2025-07-21 12:15:00,0,0,0.305
TCKT_030018,low,platinum,2024-09-11 21:00:16,1,1,0.851
TCKT_054245,low,standard,2025-06-13 21:41:04,0,0,0.201
TCKT_035498,medium,standard,2025-04-24 13:49:28,0,0,0.238
TCKT_079532,urgent,gold,2024-01-07 23:21:50,1,1,0.641
TCKT_002695,medium,platinum,2023-04-15 18:04:09,0,1,0.916
TCKT_097898,medium,gold,2022-11-19 07:22:17,1,1,0.776
TCKT_046309,medium,platinum,2022-08-17 16:41:17,1,1,0.868
TCKT_050439,low,standard,2025-08-25 18:38:34,0,0,0.211
TCKT_067930,low,gold,2022-03-09 03:14:22,1,1,0.62
TCKT_022795,low,standard,2025-03-23 20:24:13,0,0,0.228
TCKT_035639,urgent,gold,2022-05-20 07:56:19,0,1,0.75
TCKT_084884,medium,standard,2024-03-27 17:07:49,0,0,0.222
TCKT_032099,low,gold,2022-02-05 17:58:14,0,1,0.637
TCKT_072045,low,standard,2022-09-17 03:04:33,0,0,0.228
TCKT_064349,high,platinum,2025-05-30 05:59:39,1,1,0.874
TCKT_039678,low,platinum,2023-04-23 11:10:02,1,1,0.872
TCKT_097627,high,gold,2022-02-01 01:16:17,1,1,0.721
TCKT_012165,medium,platinum,2023-07-20 20:58:46,1,1,0.904
TCKT_036589,medium,platinum,2023-06-23 04:20:48,1,1,0.886
TCKT_032796,low,standard,2024-10-10 23:49:09,0,0,0.235
TCKT_032380,high,gold,2024-10-20 16:53:57,1,1,0.743
TCKT_052044,low,standard,2022-12-03 09:11:10,0,0,0.22
TCKT_069212,urgent,platinum,2024-09-20 09:12:46,1,1,0.843
TCKT_068381,high,gold,2023-10-25 13:40:43,0,1,0.718
TCKT_076397,high,standard,2024-04-10 15:29:52,0,0,0.282
TCKT_033380,low,standard,2024-12-31 06:36:50,0,0,0.243
TCKT_025627,high,standard,2025-01-23 04:01:07,0,0,0.281
TCKT_090583,medium,standard,2024-07-10 17:13:04,1,0,0.275
TCKT_015440,medium,gold,2022-11-02 00:01:32,1,1,0.715
TCKT_073719,low,gold,2023-10-06 08:54:25,0,1,0.631
TCKT_057871,high,standard,2024-08-08 03:22:46,0,0,0.241
TCKT_026126,medium,standard,2025-12-11 21:00:06,1,0,0.228
TCKT_024050,high,standard,2023-08-31 07:26:40,1,0,0.246
TCKT_043732,high,standard,2025-11-08 04:44:18,0,0,0.31
TCKT_030516,medium,platinum,2024-07-27 18:47:38,1,1,0.915
TCKT_095826,medium,gold,2023-09-24 15:37:54,1,1,0.754
TCKT_051805,high,standard,2024-12-10 12:21:48,1,0,0.237
TCKT_016841,low,standard,2025-12-04 20:46:13,0,0,0.215
TCKT_085991,low,platinum,2023-01-18 09:39:10,1,1,0.848
TCKT_032234,medium,standard,2024-09-02 19:07:30,0,0,0.29
TCKT_088873,urgent,platinum,2023-11-26 11:39:35,0,1,0.873
TCKT_073401,low,platinum,2025-05-06 21:26:29,1,1,0.859
TCKT_078295,medium,gold,2022-09-30 01:25:44,1,1,0.788
TCKT_040084,medium,standard,2023-03-22 05:38:44,0,0,0.286
TCKT_095995,high,standard,2025-12-25 13:07:40,1,0,0.289
TCKT_016538,low,platinum,2024-11-11 18:58:57,1,1,0.87
TCKT_071032,high,gold,2022-05-29 10:11:34,1,1,0.768
TCKT_035123,high,standard,2025-01-22 09:57:13,0,0,0.275
TCKT_009709,low,standard,2022-09-03 03:06:47,0,0,0.216
TCKT_050197,low,gold,2024-07-12 17:44:24,1,1,0.623
TCKT_077876,medium,gold,2023-12-28 04:25:52,1,1,0.743
TCKT_001411,medium,platinum,2024-07-20 21:58:44,0,1,0.881
TCKT_028960,medium,gold,2024-11-05 05:03:52,0,1,0.764
TCKT_006589,low,standard,2022-10-02 17:14:41,0,0,0.221
TCKT_036805,medium,standard,2023-03-12 07:35:17,0,0,0.264
TCKT_017562,medium,standard,2024-03-05 19:57:25,0,0,0.273
TCKT_029990,medium,platinum,2024-08-15 12:26:50,1,1,0.884
TCKT_022966,low,standard,2022-05-22 02:07:40,0,0,0.241
TCKT_034303,medium,gold,2025-08-15 18:04:55,0,1,0.774
TCKT_060963,low,standard,2023-08-09 05:42:05,1,0,0.203
TCKT_093928,low,standard,2025-06-22 12:04:04,0,0,0.236
TCKT_084144,low,platinum,2024-03-25 20:42:03,1,1,0.854
TCKT_009217,medium,gold,2022-09-25 03:37:31,0,1,0.78
TCKT_079908,high,gold,2025-02-13 10:12:17,0,1,0.724
TCKT_089396,low,gold,2023-04-13 22:26:16,0,1,0.661
TCKT_074562,low,gold,2023-08-21 10:32:52,0,1,0.647
TCKT_077061,low,gold,2025-11-18 15:54:10,1,1,0.591
TCKT_050668,medium,platinum,2024-01-15 07:31:59,1,1,0.901
TCKT_087263,low,standard,2024-09-26 00:58:33,0,0,0.258
TCKT_010407,urgent,gold,2024-02-10 21:46:56,0,1,0.719
TCKT_008567,medium,gold,2023-12-10 09:53:34,1,1,0.779
TCKT_003237,high,gold,2024-08-17 05:14:05,1,1,0.76
TCKT_023564,low,standard,2025-06-06 13:09:08,1,0,0.226
TCKT_094591,medium,platinum,2023-11-11 19:11:29,1,1,0.888
TCKT_089637,medium,gold,2023-07-19 07:06:57,0,1,0.778
TCKT_043683,high,platinum,2025-11-11 05:09:18,0,1,0.927
TCKT_045513,low,standard,2023-02-02 08:53:21,0,0,0.223
TCKT_092024,medium,gold,2023-03-23 10:26:34,0,1,0.77
TCKT_028564,low,standard,2023-12-02 09:22:42,0,0,0.249
TCKT_080510,high,gold,2023-06-22 11:14:48,1,1,0.732
TCKT_059616,urgent,standard,2023-11-23 15:28:12,0,0,0.308
TCKT_001288,high,standard,2022-05-05 14:09:16,0,0,0.26
TCKT_022629,medium,standard,2024-10-02 02:22:53,0,0,0.257
TCKT_008096,low,standard,2022-06-19 17:13:04,0,0,0.251
TCKT_099129,urgent,standard,2022-01-07 19:02:23,0,0,0.275
TCKT_082577,medium,platinum,2023-03-04 22:54:33,1,1,0.9
TCKT_095045,medium,gold,2025-09-30 08:33:30,1,1,0.766
TCKT_094392,low,standard,2025-12-28 04:51:02,0,0,0.229
TCKT_014532,medium,gold,2022-11-18 19:46:29,1,1,0.765
TCKT_091158,low,standard,2023-03-10 14:39:21,0,0,0.191
TCKT_037459,high,standard,2024-08-09 23:16:18,1,0,0.277
TCKT_020065,medium,standard,2025-07-13 11:32:26,0,0,0.217
TCKT_044115,low,standard,2024-12-12 11:58:45,0,0,0.224
TCKT_063728,high,standard,2024-06-04 09:53:02,0,0,0.333
TCKT_027853,low,platinum,2023-12-12 04:43:19,1,1,0.867
TCKT_076042,medium,gold,2024-04-25 15:58:32,1,1,0.775
TCKT_070937,low,gold,2024-10-27 10:19:57,1,1,0.622
TCKT_082942,medium,gold,2025-01-18 16:35:35,1,1,0.767
TCKT_099993,high,standard,2023-06-11 05:35:25,1,0,0.252
TCKT_052463,low,gold,2023-04-24 07:28:19,0,1,0.614
TCKT_061717,low,standard,2022-05-13 00:28:23,1,0,0.182
TCKT_086446,high,standard,2023-10-15 17:51:51,0,0,0.27
TCKT_042317,low,standard,2022-08-20 02:36:46,0,0,0.214
TCKT_056968,urgent,gold,2022-09-13 00:46:19,1,1,0.691
TCKT_092430,medium,standard,2024-05-08 04:30:50,0,0,0.259
TCKT_036627,low,standard,2024-03-16 23:28:33,0,0,0.23
TCKT_054769,high,standard,2022-12-15 20:22:27,0,0,0.293
TCKT_011153,low,standard,2022-10-28 03:58:01,0,0,0.205
TCKT_090398,medium,gold,2023-04-29 23:32:40,0,1,0.728
TCKT_024228,low,standard,2023-09-15 21:35:21,0,0,0.17
TCKT_083162,urgent,gold,2022-06-08 16:25:51,1,1,0.709
TCKT_089075,medium,standard,2025-11-03 04:45:26,1,0,0.245
TCKT_065442,low,standard,2025-02-13 20:09:57,0,0,0.262
TCKT_050808,medium,standard,2025-07-14 07:03:52,0,0,0.245
TCKT_096106,medium,standard,2025-01-16 05:46:22,0,0,0.226
TCKT_099265,low,standard,2022-07-19 00:57:15,0,0,0.223
TCKT_068890,high,standard,2023-04-23 01:34:18,1,0,0.286
TCKT_059328,high,standard,2023-03-15 11:18:42,1,0,0.282
TCKT_043372,medium,standard,2022-09-28 23:17:06,0,0,0.211
TCKT_028636,low,standard,2025-03-24 00:25:26,0,0,0.223
TCKT_024630,medium,gold,2024-01-11 05:20:25,1,1,0.782
TCKT_098980,medium,gold,2024-11-17 02:24:15,1,1,0.775
TCKT_091814,low,standard,2022-06-25 03:01:53,1,0,0.24
TCKT_043447,medium,platinum,2024-02-15 21:15:24,1,1,0.883
TCKT_060650,low,gold,2022-07-27 19:14:13,0,1,0.611
TCKT_094278,low,standard,2022-05-31 19:43:20,0,0,0.208
TCKT_022379,medium,standard,2024-08-03 23:11:05,1,0,0.262
TCKT_092791,low,standard,2023-11-20 21:11:52,0,0,0.195
TCKT_067744,medium,gold,2022-10-12 00:46:45,1,1,0.745
TCKT_051656,high,gold,2024-02-08 11:20:39,0,1,0.72
TCKT_098435,medium,gold,2025-01-05 08:58:04,1,1,0.764
TCKT_012693,low,standard,2023-11-01 01:54:37,1,0,0.191
TCKT_061672,high,gold,2022-10-22 19:02:28,1,1,0.773
TCKT_068795,low,standard,2025-03-12 15:59:42,0,0,0.207
TCKT_019816,low,platinum,2022-10-02 19:06:27,1,1,0.864
TCKT_067618,medium,platinum,2025-01-09 20:18:39,1,1,0.896
TCKT_003735,high,standard,2025-12-24 01:18:49,0,0,0.307
TCKT_001743,low,gold,2024-01-07 19:00:47,0,1,0.551
TCKT_017491,medium,standard,2025-03-05 20:55:50,0,0,0.218
TCKT_008867,medium,platinum,2024-01-09 03:26:31,1,1,0.906
TCKT_038657,medium,standard,2022-04-24 14:16:22,0,0,0.271
TCKT_065999,medium,standard,2023-11-20 06:39:29,0,0,0.245
TCKT_067055,low,standard,2024-08-11 02:45:42,0,0,0.281
TCKT_050248,low,standard,2023-08-30 22:43:22,0,0,0.267
TCKT_049729,high,standard,2025-06-15 15:23:48,1,0,0.222
TCKT_014067,low,standard,2025-10-19 13:07:56,1,0,0.261
TCKT_047839,medium,gold,2024-02-19 07:01:36,1,1,0.781
TCKT_069587,high,standard,2024-03-21 23:10:58,0,0,0.236
TCKT_059695,low,standard,2025-11-23 02:41:58,0,0,0.219
TCKT_072297,medium,standard,2023-10-14 19:11:46,0,0,0.254
TCKT_061015,urgent,gold,2024-04-27 05:35:56,0,1,0.766
TCKT_002027,medium,standard,2022-09-19 06:40:11,0,0,0.246
TCKT_048239,low,standard,2025-06-26 08:51:09,0,0,0.243
TCKT_071724,medium,standard,2023-01-27 11:29:18,0,0,0.23
TCKT_096324,medium,gold,2022-08-01 04:08:38,1,1,0.761
TCKT_014390,low,gold,2022-03-23 07:38:42,1,1,0.648
TCKT_057836,low,standard,2024-06-23 22:31:26,1,0,0.222
TCKT_093187,urgent,gold,2024-07-14 20:51:48,1,1,0.653
TCKT_064900,low,gold,2024-04-19 23:02:44,1,1,0.588
TCKT_021830,low,standard,2022-11-23 15:11:15,1,0,0.192
TCKT_002694,high,standard,2025-02-10 15:34:08,0,0,0.243
TCKT_091754,high,standard,2022-04-18 08:44:15,0,0,0.267
TCKT_048969,medium,gold,2024-03-15 08:44:46,1,1,0.752
TCKT_045600,medium,standard,2025-09-16 06:40:19,0,0,0.25
TCKT_054754,low,standard,2023-01-03 22:08:53,0,0,0.251
TCKT_032774,high,gold,2024-05-27 12:57:55,0,1,0.742
TCKT_020794,medium,standard,2023-09-14 18:06:38,0,0,0.262
TCKT_084321,medium,gold,2025-03-02 10:41:17,1,1,0.766
TCKT_061381,urgent,standard,2022-11-01 02:23:31,0,0,0.226
TCKT_069636,high,standard,2023-06-13 09:53:39,0,0,0.264
TCKT_025066,low,standard,2022-03-19 22:54:43,0,0,0.236
TCKT_060843,medium,standard,2022-10-22 18:52:09,0,0,0.221
TCKT_058285,medium,gold,2023-08-14 00:32:42,1,1,0.766
TCKT_051453,medium,standard,2024-02-22 08:41:09,0,0,0.265
TCKT_061675,low,gold,2024-09-14 11:59:50,1,1,0.63
TCKT_087720,medium,standard,2023-12-15 03:27:13,0,0,0.244
TCKT_026295,medium,standard,2024-02-29 09:44:27,0,0,0.209
TCKT_013778,low,gold,2023-01-31 23:25:02,0,1,0.63
TCKT_076589,low,platinum,2025-01-16 13:00:06,0,1,0.846
TCKT_097733,medium,gold,2023-06-18 20:17:24,1,1,0.763
TCKT_090072,medium,standard,2022-03-12 12:24:07,0,0,0.257
TCKT_013577,low,standard,2024-11-13 10:55:14,0,0,0.237
TCKT_037581,medium,platinum,2025-01-20 18:26:10,1,1,0.894
TCKT_043250,high,platinum,2023-05-08 06:32:53,1,1,0.843
TCKT_092818,medium,standard,2024-07-24 20:37:09,0,0,0.197
TCKT_027571,medium,standard,2025-09-20 07:58:32,0,0,0.252
TCKT_083801,high,standard,2025-05-07 02:51:29,0,0,0.276
TCKT_088790,low,standard,2023-06-28 07:32:18,1,0,0.201
TCKT_076585,medium,standard,2022-10-18 00:12:19,0,0,0.254
TCKT_055997,urgent,standard,2024-05-09 02:22:23,1,0,0.247
TCKT_003305,low,standard,2023-10-16 05:21:05,0,0,0.214
TCKT_009320,medium,platinum,2023-11-23 18:48:40,1,1,0.868
TCKT_035851,medium,platinum,2022-09-10 04:12:40,1,1,0.903
TCKT_059055,urgent,standard,2024-02-28 21:17:05,0,0,0.348
TCKT_069851,high,standard,2022-10-26 10:47:22,0,0,0.32
TCKT_092858,low,standard,2022-05-27 16:21:40,1,0,0.174
TCKT_089758,low,standard,2024-06-01 04:16:17,0,0,0.229
TCKT_051589,low,standard,2023-08-19 15:40:29,1,0,0.269
TCKT_082144,low,platinum,2024-04-26 04:21:48,1,1,0.867
TCKT_058958,low,standard,2022-10-24 20:57:07,0,0,0.22
TCKT_095289,low,platinum,2022-10-31 01:48:35,0,1,0.874
TCKT_014508,medium,gold,2022-04-08 21:09:23,1,1,0.705
TCKT_097466,low,standard,2022-05-10 05:56:03,0,0,0.214
TCKT_068309,low,platinum,2025-11-25 15:51:48,0,1,0.862
TCKT_052115,low,gold,2025-10-05 07:41:40,0,1,0.619
TCKT_038676,medium,standard,2023-10-27 14:35:40,0,0,0.266
TCKT_016794,medium,standard,2024-06-13 16:49:37,0,0,0.218
TCKT_070611,medium,standard,2025-07-01 05:02:26,1,0,0.239
TCKT_087928,low,standard,2022-05-31 16:02:50,0,0,0.236
TCKT_061486,medium,gold,2023-09-25 04:11:24,1,1,0.811
TCKT_037875,medium,gold,2025-08-06 07:49:09,1,1,0.755
TCKT_068442,medium,platinum,2022-04-29 04:07:04,1,1,0.916
TCKT_051553,medium,standard,2023-04-30 19:21:43,1,0,0.229
TCKT_002633,medium,standard,2024-03-26 19:14:03,1,0,0.27
TCKT_064035,low,standard,2024-04-12 16:46:32,0,0,0.181
TCKT_001330,low,gold,2024-02-01 17:40:17,0,1,0.633
TCKT_002195,low,platinum,2022-01-18 21:32:56,1,1,0.873
TCKT_008994,high,standard,2025-08-21 21:04:55,0,0,0.287
TCKT_097194,medium,standard,2025-08-08 16:40:15,0,0,0.203
TCKT_087213,high,standard,2023-11-09 11:13:49,0,0,0.284
TCKT_018405,high,standard,2024-04-23 08:40:56,0,0,0.243
TCKT_008361,high,standard,2023-02-19 05:46:43,0,0,0.256
TCKT_031639,low,standard,2025-12-21 14:46:44,0,0,0.224
TCKT_035987,medium,standard,2023-02-26 00:24:40,1,0,0.257
TCKT_027203,medium,standard,2022-11-13 10:53:59,0,0,0.231
TCKT_090222,low,standard,2023-10-12 05:59:24,0,0,0.223
TCKT_004707,low,platinum,2022-06-30 15:55:10,1,1,0.883
TCKT_069400,medium,standard,2022-08-14 11:25:41,1,0,0.238
TCKT_031096,low,platinum,2023-09-07 11:51:23,1,1,0.837
TCKT_022728,medium,standard,2024-01-20 02:29:20,0,0,0.255
TCKT_014718,low,standard,2022-06-22 02:18:26,0,0,0.249
TCKT_032235,high,standard,2023-01-06 12:17:14,0,0,0.302
TCKT_075377,urgent,standard,2022-12-11 21:00:21,0,0,0.309
TCKT_086914,medium,standard,2025-04-28 21:12:18,0,0,0.282
TCKT_019713,high,gold,2022-01-17 16:51:17,0,1,0.752
TCKT_023573,urgent,standard,2025-04-18 11:28:40,1,0,0.262
TCKT_079108,medium,gold,2025-08-18 22:44:13,0,1,0.763
TCKT_003303,low,standard,2022-12-10 20:48:09,0,0,0.261
TCKT_029797,low,standard,2024-05-28 22:23:19,0,0,0.254
TCKT_038518,low,standard,2025-01-11 20:31:01,0,0,0.249
TCKT_012802,medium,gold,2024-03-28 12:15:15,1,1,0.764
TCKT_066944,medium,standard,2023-03-06 03:06:46,1,0,0.234
TCKT_024851,high,gold,2025-02-05 22:01:15,0,1,0.667
TCKT_008255,high,standard,2023-05-27 14:14:50,0,0,0.294
TCKT_034428,high,gold,2023-05-08 01:09:45,0,1,0.745
TCKT_029363,medium,platinum,2022-10-21 04:59:48,1,1,0.912
TCKT_016081,low,gold,2024-02-23 09:15:20,0,1,0.66
TCKT_034659,low,standard,2025-11-06 02:29:40,0,0,0.204
TCKT_049263,low,platinum,2022-11-16 14:11:23,1,1,0.876
TCKT_029436,medium,standard,2024-10-06 22:13:36,0,0,0.265
TCKT_076358,low,platinum,2025-05-10 08:35:51,1,1,0.871
TCKT_005132,high,standard,2023-12-12 18:58:19,0,0,0.31
TCKT_041168,high,platinum,2023-10-17 21:16:58,1,1,0.881
TCKT_040908,low,gold,2022-02-12 13:37:57,0,1,0.64
TCKT_091703,low,platinum,2022-08-04 13:49:53,0,1,0.889
TCKT_010895,low,gold,2024-11-19 11:30:26,1,1,0.665
TCKT_026582,medium,standard,2024-04-14 15:18:50,0,0,0.236
TCKT_044038,low,standard,2022-12-28 22:05:36,0,0,0.224
TCKT_051468,low,standard,2024-04-08 10:26:36,0,0,0.232
TCKT_013556,low,standard,2024-07-24 05:46:12,0,0,0.232
TCKT_039945,medium,standard,2024-04-29 11:57:12,0,0,0.226
TCKT_033247,low,standard,2023-12-06 16:08:13,0,0,0.215
TCKT_063830,low,gold,2025-01-24 05:57:08,0,1,0.601
TCKT_041933,low,standard,2025-09-13 06:32:09,0,0,0.213
TCKT_053428,medium,gold,2025-03-22 19:17:26,0,1,0.756
TCKT_060863,low,gold,2023-01-27 23:35:22,0,1,0.575
TCKT_070460,medium,standard,2024-01-21 10:30:32,0,0,0.238
TCKT_079984,low,gold,2024-08-01 04:09:24,0,1,0.624
TCKT_031760,low,standard,2022-08-27 18:24:00,1,0,0.26
TCKT_017050,medium,gold,2024-08-24 11:18:48,1,1,0.742
TCKT_066083,medium,gold,2024-05-21 05:59:31,0,1,0.743
TCKT_071746,high,standard,2022-03-04 11:51:50,0,0,0.267
TCKT_042030,low,gold,2022-08-31 13:36:57,0,1,0.651
TCKT_009486,low,gold,2022-04-21 12:45:52,0,1,0.6
TCKT_085673,medium,standard,2023-07-01 01:05:03,0,0,0.256
TCKT_024098,medium,standard,2023-01-22 06:46:29,0,0,0.205
TCKT_066986,medium,standard,2023-06-21 18:19:10,0,0,0.269
TCKT_099244,low,standard,2022-08-27 23:41:57,0,0,0.235
TCKT_094351,medium,standard,2025-05-05 04:54:20,0,0,0.221
TCKT_026892,medium,standard,2022-04-07 10:21:53,0,0,0.256
TCKT_058551,urgent,standard,2024-07-09 01:46:01,0,0,0.223
TCKT_036236,medium,platinum,2025-06-04 03:32:43,1,1,0.895
TCKT_010744,medium,standard,2025-06-21 16:29:28,0,0,0.242
TCKT_012110,high,standard,2024-08-23 13:15:43,0,0,0.245
TCKT_032113,medium,standard,2024-11-10 13:43:34,1,0,0.216
TCKT_068454,high,gold,2025-05-18 10:59:53,0,1,0.713
TCKT_040047,high,standard,2022-09-16 23:51:40,1,0,0.216
TCKT_043885,high,standard,2024-05-30 01:07:14,0,0,0.305
TCKT_015326,high,standard,2023-09-20 19:52:48,1,0,0.28
TCKT_054322,medium,standard,2022-01-20 22:42:29,0,0,0.234
TCKT_039452,low,platinum,2023-02-04 16:10:13,1,1,0.886
TCKT_025431,high,platinum,2025-07-22 02:18:00,1,1,0.915
TCKT_072874,high,standard,2022-07-09 08:58:55,0,0,0.234
TCKT_014342,urgent,standard,2022-11-22 08:26:02,0,0,0.318
TCKT_056551,low,gold,2023-04-07 11:43:18,0,1,0.62
TCKT_006182,high,gold,2022-01-15 06:08:35,0,1,0.745
TCKT_028882,low,standard,2023-01-06 15:49:39,0,0,0.171
TCKT_002086,low,standard,2025-02-03 15:02:06,0,0,0.207
TCKT_035038,urgent,standard,2024-12-06 11:32:00,0,0,0.286
TCKT_089642,medium,standard,2022-07-11 02:50:36,0,0,0.236
TCKT_026657,low,standard,2023-04-29 01:42:06,0,0,0.197
TCKT_033865,medium,gold,2023-11-29 05:37:58,1,1,0.759
TCKT_002736,low,gold,2025-11-27 23:43:24,0,1,0.555
TCKT_099747,medium,standard,2022-05-22 20:54:09,1,0,0.265
TCKT_090245,low,standard,2023-01-02 00:01:55,1,0,0.194
TCKT_075676,low,standard,2024-05-20 01:23:09,0,0,0.221
TCKT_011062,medium,standard,2025-12-05 23:46:25,0,0,0.233
TCKT_053591,medium,standard,2022-05-19 22:16:45,1,0,0.234
TCKT_024147,high,standard,2023-01-19 23:42:38,1,0,0.236
TCKT_071146,medium,standard,2023-12-14 01:08:29,0,0,0.223
TCKT_093888,medium,standard,2024-07-26 10:08:23,0,0,0.232
TCKT_043647,low,standard,2024-08-03 06:26:35,0,0,0.226
TCKT_046759,medium,platinum,2024-10-11 00:13:11,1,1,0.889
TCKT_041964,high,gold,2022-01-22 23:29:01,1,1,0.585
TCKT_000310,medium,standard,2025-06-03 06:01:39,0,0,0.25
TCKT_025671,high,gold,2022-02-11 15:13:00,0,1,0.74
TCKT_097831,low,gold,2023-11-17 15:48:06,0,1,0.647
TCKT_062279,medium,standard,2022-02-08 20:25:04,0,0,0.248
TCKT_065325,medium,platinum,2023-01-11 19:16:26,1,1,0.866
TCKT_010233,medium,gold,2022-02-18 02:43:29,1,1,0.786
TCKT_093334,low,gold,2024-08-10 08:02:09,0,1,0.626
TCKT_002986,low,platinum,2025-10-22 11:18:46,0,1,0.849
TCKT_097691,medium,standard,2024-09-07 20:30:35,1,0,0.281
TCKT_050568,medium,standard,2022-01-08 02:00:27,0,0,0.242
TCKT_071252,medium,gold,2023-09-25 05:15:29,1,1,0.79
TCKT_037727,low,standard,2023-09-26 15:03:31,0,0,0.222
TCKT_023506,low,standard,2022-09-05 01:47:49,0,0,0.222
TCKT_011250,low,gold,2024-12-25 11:22:14,1,1,0.66
TCKT_052362,medium,platinum,2025-01-19 18:13:57,0,1,0.893
TCKT_036550,medium,standard,2022-01-20 09:47:32,0,0,0.251
TCKT_087024,low,standard,2022-05-11 22:40:26,0,0,0.258
TCKT_015773,medium,gold,2024-06-05 21:52:00,1,1,0.763
TCKT_037870,medium,standard,2025-12-06 00:26:30,0,0,0.263
TCKT_034536,medium,standard,2022-04-11 23:17:05,0,0,0.242
TCKT_050232,medium,standard,2025-03-05 15:50:09,1,0,0.238
TCKT_046861,low,standard,2025-01-01 01:29:41,0,0,0.247
TCKT_016854,low,gold,2025-04-04 20:45:22,1,1,0.654
TCKT_073472,medium,standard,2024-06-15 00:43:19,0,0,0.215
TCKT_068919,medium,standard,2022-04-19 09:38:00,0,0,0.249
TCKT_033460,low,gold,2023-07-24 10:16:14,0,1,0.611
TCKT_028443,low,gold,2024-01-14 09:45:00,0,1,0.612
TCKT_005190,medium,platinum,2024-05-12 09:48:01,1,1,0.899
TCKT_018028,low,gold,2025-04-03 12:54:47,1,1,0.614
TCKT_023374,high,platinum,2023-10-12 18:31:06,1,1,0.88
TCKT_080015,urgent,standard,2024-12-15 02:23:48,0,0,0.235
TCKT_076556,medium,gold,2025-02-25 03:40:45,1,1,0.805
TCKT_082980,low,standard,2025-10-15 06:13:24,0,0,0.221
TCKT_044941,medium,standard,2024-12-16 00:01:55,1,0,0.239
TCKT_006295,medium,gold,2022-07-14 20:59:17,0,1,0.776
TCKT_072485,medium,standard,2025-02-10 10:13:48,0,0,0.283
TCKT_079230,medium,gold,2023-03-13 10:25:56,1,1,0.75
TCKT_092323,medium,gold,2024-08-01 09:41:34,1,1,0.758
TCKT_086445,low,gold,2023-02-21 06:32:48,0,1,0.605
TCKT_064848,medium,standard,2023-09-08 00:15:23,0,0,0.211
TCKT_029129,low,gold,2024-12-31 05:40:45,0,1,0.621
TCKT_075010,low,gold,2023-04-16 13:51:47,1,1,0.605
TCKT_064392,medium,standard,2025-12-01 03:58:24,0,0,0.263
TCKT_050744,low,standard,2022-10-08 00:25:02,0,0,0.227
TCKT_048333,low,gold,2025-01-23 02:33:04,0,1,0.621
TCKT_061130,high,gold,2023-09-29 02:59:53,0,1,0.761
TCKT_074437,low,standard,2023-01-23 11:56:49,0,0,0.218
TCKT_022112,low,gold,2022-08-22 03:04:40,0,1,0.61
TCKT_020452,medium,standard,2022-11-22 18:55:18,0,0,0.254
TCKT_067640,high,standard,2023-12-14 04:07:41,0,0,0.245
TCKT_012188,medium,standard,2022-12-11 11:23:24,0,0,0.261
TCKT_047941,low,standard,2024-07-09 22:53:40,0,0,0.215
TCKT_001084,medium,standard,2025-11-25 20:25:51,1,0,0.22
TCKT_050262,low,standard,2024-04-27 03:14:39,0,0,0.24
TCKT_084984,medium,standard,2024-01-12 08:29:02,0,0,0.259
TCKT_099270,low,standard,2024-05-12 08:59:05,0,0,0.244
TCKT_062425,medium,standard,2022-09-02 12:06:58,0,0,0.287
TCKT_028677,high,standard,2023-02-13 07:41:19,0,0,0.29
TCKT_026838,low,gold,2025-11-04 15:04:18,0,1,0.617
TCKT_054011,low,gold,2024-05-05 01:58:37,1,1,0.625
TCKT_009218,low,standard,2022-03-19 19:42:17,0,0,0.23
TCKT_071255,low,platinum,2023-04-05 08:21:05,1,1,0.872
TCKT_052040,medium,standard,2024-08-12 06:01:04,0,0,0.311
TCKT_082135,medium,gold,2025-10-10 23:15:08,1,1,0.727
TCKT_011481,medium,gold,2023-08-18 23:12:28,1,1,0.713
TCKT_005881,medium,gold,2022-09-02 08:30:53,0,1,0.783
TCKT_053509,medium,gold,2024-11-22 12:29:10,0,1,0.753
TCKT_002095,high,standard,2024-05-29 03:28:42,0,0,0.292
TCKT_057717,high,standard,2023-03-28 09:35:22,0,0,0.312
TCKT_014301,low,standard,2023-07-17 06:22:37,0,0,0.194
TCKT_088940,low,gold,2024-02-28 13:00:44,1,1,0.663
TCKT_026606,medium,standard,2023-11-12 11:14:53,0,0,0.255
TCKT_015373,medium,gold,2022-10-07 20:39:08,0,1,0.718
TCKT_083676,low,standard,2025-01-05 13:15:12,0,0,0.244
TCKT_028327,medium,standard,2023-04-16 12:00:03,0,0,0.274
TCKT_045168,medium,standard,2023-03-28 15:09:15,1,0,0.249
TCKT_060042,low,gold,2023-06-04 03:52:12,0,1,0.636
TCKT_038994,high,gold,2024-08-14 14:47:28,1,1,0.756
TCKT_016147,medium,gold,2022-08-22 23:51:20,1,1,0.744
TCKT_074684,low,standard,2025-11-02 21:23:40,0,0,0.252
TCKT_015616,high,standard,2023-02-15 18:26:16,0,0,0.275
TCKT_024604,low,standard,2024-01-29 07:05:50,0,0,0.231
TCKT_002862,high,standard,2023-09-12 04:47:18,0,0,0.282
TCKT_047042,low,gold,2025-11-29 05:03:33,1,1,0.625
TCKT_059308,medium,standard,2022-08-29 17:41:30,0,0,0.243
TCKT_057957,medium,gold,2024-07-19 18:17:49,1,1,0.786
TCKT_049278,low,standard,2022-02-23 12:00:42,1,0,0.228
TCKT_046625,high,standard,2023-03-18 06:54:41,0,0,0.289
TCKT_003667,medium,standard,2025-06-07 04:35:59,1,0,0.248
TCKT_091807,low,standard,2024-08-12 08:21:29,0,0,0.239
TCKT_003333,high,gold,2023-10-21 22:41:48,0,1,0.731
TCKT_024268,low,standard,2023-06-08 18:22:58,0,0,0.261
TCKT_021342,medium,standard,2025-03-26 00:11:24,0,0,0.211
TCKT_063905,low,standard,2025-11-08 23:42:43,0,0,0.235
TCKT_065728,low,standard,2023-11-18 02:28:56,0,0,0.242
TCKT_068066,low,platinum,2025-07-13 20:49:23,1,1,0.868
TCKT_031478,urgent,standard,2022-08-29 16:15:16,0,0,0.318
TCKT_012346,high,standard,2023-07-09 15:56:03,0,0,0.244
TCKT_077523,low,standard,2025-04-14 18:02:53,0,0,0.26
TCKT_048850,low,platinum,2023-04-28 19:34:57,1,1,0.864
TCKT_066814,medium,standard,2022-08-13 05:48:51,0,0,0.236
TCKT_072773,low,gold,2024-10-24 19:36:19,1,1,0.586
TCKT_087447,high,standard,2024-05-11 12:35:10,0,0,0.274
TCKT_069181,low,standard,2024-11-18 20:11:01,1,0,0.247
TCKT_055907,low,standard,2022-01-02 08:30:50,0,0,0.241
TCKT_077347,high,gold,2022-09-20 13:22:13,1,1,0.75
TCKT_028343,high,standard,2022-07-12 21:33:22,0,0,0.291
TCKT_062475,medium,platinum,2025-07-07 08:03:53,1,1,0.898
TCKT_012146,low,standard,2024-02-02 10:56:35,0,0,0.242
TCKT_068057,medium,gold,2022-12-19 23:38:01,1,1,0.745
TCKT_033837,high,gold,2025-06-25 12:25:56,1,1,0.746
TCKT_035236,low,gold,2023-12-21 15:10:56,0,1,0.611
TCKT_063010,low,platinum,2023-11-27 11:27:49,0,1,0.865
TCKT_058277,medium,standard,2025-05-25 22:57:23,0,0,0.264
TCKT_038285,low,platinum,2023-10-30 00:08:33,1,1,0.897
TCKT_059066,high,standard,2025-12-08 23:42:48,0,0,0.331
TCKT_018134,low,platinum,2024-05-05 14:28:17,1,1,0.881
TCKT_052515,medium,platinum,2024-06-20 20:09:54,1,1,0.906
TCKT_015246,low,standard,2024-03-03 16:00:06,1,0,0.209
TCKT_004980,medium,standard,2023-11-14 12:51:25,0,0,0.212
TCKT_034019,medium,gold,2023-02-21 20:00:32,1,1,0.742
TCKT_057865,low,standard,2024-10-23 21:14:16,0,0,0.224
TCKT_040178,high,gold,2024-08-24 14:24:35,0,1,0.73
TCKT_044229,low,gold,2022-07-20 07:16:40,0,1,0.659
TCKT_032093,low,standard,2022-09-22 08:54:53,0,0,0.26
TCKT_007064,low,standard,2022-02-10 11:48:04,0,0,0.243
TCKT_019532,urgent,standard,2023-11-20 02:47:41,0,0,0.3
TCKT_030411,high,gold,2025-10-17 13:09:58,1,1,0.733
TCKT_023282,high,gold,2023-10-21 10:40:01,1,1,0.743
TCKT_013757,medium,standard,2023-09-07 15:08:34,0,0,0.296
TCKT_017392,urgent,standard,2025-05-20 04:44:23,0,0,0.223
TCKT_020631,medium,platinum,2022-01-17 17:14:20,1,1,0.905
TCKT_017905,low,standard,2025-07-03 09:41:05,0,0,0.25
TCKT_010807,medium,gold,2023-06-25 06:38:37,1,1,0.769
TCKT_028558,urgent,standard,2023-01-24 03:56:35,0,0,0.292
TCKT_085629,low,standard,2022-01-08 20:50:31,0,0,0.239
TCKT_052152,low,standard,2024-03-09 00:43:21,0,0,0.25
TCKT_049101,medium,standard,2024-06-25 10:08:35,0,0,0.249
TCKT_051172,low,standard,2023-03-22 21:48:32,0,0,0.23
TCKT_060871,high,standard,2023-10-21 09:55:07,0,0,0.296
TCKT_056142,low,gold,2023-11-01 15:41:04,0,1,0.601
TCKT_046158,medium,standard,2024-08-24 08:36:58,0,0,0.268
TCKT_063848,medium,standard,2023-09-15 07:26:31,0,0,0.248
TCKT_043496,high,standard,2024-07-04 14:05:44,0,0,0.271
TCKT_084704,high,standard,2023-11-04 23:14:19,0,0,0.291
TCKT_004940,low,standard,2025-03-03 05:31:47,0,0,0.201
TCKT_054876,low,standard,2022-12-18 10:02:16,0,0,0.239
TCKT_099047,medium,standard,2024-06-02 12:53:56,0,0,0.221
TCKT_062691,low,standard,2025-12-10 06:50:16,0,0,0.209
TCKT_090166,medium,gold,2023-08-03 22:29:14,1,1,0.749
TCKT_007613,medium,standard,2024-07-30 16:48:11,0,0,0.192
TCKT_008346,medium,standard,2025-05-06 17:58:48,0,0,0.276
TCKT_079555,low,gold,2025-12-13 00:01:53,1,1,0.563
TCKT_008922,low,standard,2023-03-27 00:28:34,0,0,0.214
TCKT_016681,medium,standard,2025-06-22 02:39:52,0,0,0.237
TCKT_003299,low,standard,2025-07-19 12:36:18,0,0,0.23
TCKT_052447,low,standard,2022-10-01 04:06:01,0,0,0.209
TCKT_041477,urgent,gold,2025-11-13 05:43:52,0,1,0.696
TCKT_063661,medium,standard,2024-09-26 04:28:23,0,0,0.214
TCKT_098447,medium,platinum,2025-11-08 18:13:20,1,1,0.917
TCKT_002140,low,standard,2025-06-10 01:38:19,0,0,0.211
TCKT_044282,medium,standard,2022-10-30 05:22:12,0,0,0.243
TCKT_056611,medium,standard,2024-08-09 05:03:55,0,0,0.224
TCKT_094010,low,standard,2023-07-13 23:08:07,0,0,0.255
TCKT_028915,medium,gold,2025-07-03 04:29:46,0,1,0.787
TCKT_098272,urgent,standard,2025-01-06 12:07:46,1,0,0.259
TCKT_057474,urgent,standard,2024-12-24 20:17:14,0,0,0.26
TCKT_059701,medium,standard,2024-09-30 17:39:59,0,0,0.272
TCKT_018408,low,standard,2023-05-07 11:01:29,0,0,0.222
TCKT_019204,urgent,gold,2024-01-25 01:40:57,0,1,0.739
TCKT_010764,medium,standard,2024-11-17 21:57:19,1,0,0.297
TCKT_034983,low,gold,2025-09-05 18:44:47,0,1,0.602
TCKT_005513,medium,platinum,2023-09-06 06:35:00,1,1,0.849
TCKT_094017,low,standard,2025-04-22 23:39:55,0,0,0.258
TCKT_093662,low,standard,2023-06-18 09:45:55,0,0,0.23
TCKT_056596,medium,gold,2022-09-15 00:26:55,1,1,0.717
TCKT_013904,high,gold,2023-08-12 03:43:26,0,1,0.742
TCKT_007436,low,standard,2024-01-13 06:16:56,0,0,0.226
TCKT_093799,low,standard,2023-12-03 00:33:18,0,0,0.254
TCKT_034475,medium,gold,2024-07-21 05:03:33,0,1,0.758
TCKT_066517,urgent,gold,2024-02-13 10:29:01,1,1,0.666
TCKT_071098,medium,standard,2022-05-27 02:36:24,0,0,0.245
TCKT_021931,medium,gold,2025-04-08 22:23:28,1,1,0.723
TCKT_022566,medium,standard,2025-08-07 15:20:17,1,0,0.252
TCKT_022621,medium,gold,2024-02-04 11:43:23,0,1,0.785
TCKT_087590,low,standard,2022-05-06 23:06:07,0,0,0.207
TCKT_030536,medium,gold,2024-12-20 19:46:01,0,1,0.741
TCKT_062169,high,standard,2022-06-04 17:53:21,0,0,0.281
TCKT_024245,medium,standard,2023-01-05 18:46:10,1,0,0.221
TCKT_072851,medium,standard,2023-01-19 10:42:49,0,0,0.25
TCKT_005169,medium,standard,2025-02-26 06:30:36,0,0,0.249
TCKT_063099,low,standard,2022-06-04 06:08:11,0,0,0.239
TCKT_051488,medium,standard,2022-02-06 05:48:08,0,0,0.233
TCKT_036894,medium,standard,2024-08-23 17:39:17,0,0,0.196
TCKT_003713,urgent,standard,2023-09-26 15:52:25,1,0,0.325
TCKT_085836,low,standard,2022-06-09 12:28:53,0,0,0.28
TCKT_006416,low,platinum,2023-08-22 01:10:56,1,1,0.814
TCKT_064136,low,standard,2025-09-14 06:51:54,0,0,0.221
TCKT_022756,low,gold,2024-12-15 18:56:49,0,1,0.584
TCKT_002561,medium,standard,2023-07-27 12:57:57,0,0,0.223
TCKT_084041,high,standard,2023-09-12 08:31:40,0,0,0.266
TCKT_055818,medium,standard,2022-01-20 06:31:32,0,0,0.262
TCKT_095613,low,standard,2023-08-25 19:22:29,0,0,0.192
TCKT_030408,low,standard,2024-07-13 15:53:20,0,0,0.202
TCKT_061489,medium,standard,2025-08-27 08:31:57,0,0,0.205
TCKT_043017,low,standard,2022-06-14 12:37:42,0,0,0.228
TCKT_035334,low,standard,2022-10-04 00:25:05,0,0,0.199
TCKT_053250,urgent,gold,2025-04-12 15:48:43,0,1,0.747
TCKT_016155,medium,gold,2024-06-03 04:10:11,1,1,0.788
TCKT_000519,low,standard,2024-03-01 03:53:24,0,0,0.205
TCKT_084565,medium,standard,2023-06-07 00:41:39,0,0,0.219
TCKT_058514,high,standard,2025-12-28 23:01:38,0,0,0.254
TCKT_076937,low,standard,2025-04-12 05:29:02,0,0,0.234
TCKT_036782,medium,platinum,2025-08-12 22:12:36,1,1,0.817
TCKT_085228,medium,standard,2025-01-20 00:10:18,0,0,0.238
TCKT_037699,medium,gold,2025-06-05 12:00:08,1,1,0.751
TCKT_092448,medium,standard,2023-04-25 04:53:35,0,0,0.221
TCKT_030269,low,platinum,2025-04-30 11:20:32,0,1,0.844
TCKT_082430,medium,standard,2023-10-18 05:10:56,0,0,0.222
TCKT_093198,low,platinum,2023-12-13 08:44:42,0,1,0.853
TCKT_034786,low,standard,2023-11-30 23:13:58,0,0,0.239
TCKT_077323,medium,standard,2025-02-22 22:24:29,0,0,0.234
TCKT_002441,medium,gold,2023-12-28 09:44:30,0,1,0.765
TCKT_075367,medium,platinum,2024-05-29 06:19:54,1,1,0.881
TCKT_091719,high,standard,2023-06-13 15:30:55,0,0,0.265
TCKT_099196,low,standard,2024-01-02 21:31:08,0,0,0.288
TCKT_052199,low,standard,2022-01-18 21:44:42,0,0,0.222
TCKT_015864,medium,standard,2025-06-22 00:26:56,0,0,0.243
TCKT_033452,high,standard,2024-01-16 04:47:04,0,0,0.249
TCKT_089709,low,standard,2025-01-31 07:14:38,0,0,0.194
TCKT_026727,medium,standard,2023-06-07 06:01:25,0,0,0.288
TCKT_005583,low,gold,2025-02-01 18:45:57,0,1,0.628
TCKT_076188,medium,standard,2024-06-22 07:33:29,1,0,0.244
TCKT_035008,low,gold,2022-10-09 18:55:40,1,1,0.662
TCKT_003616,high,gold,2024-11-12 12:30:00,1,1,0.745
TCKT_035173,urgent,standard,2025-08-17 18:58:57,0,0,0.341
TCKT_025026,low,standard,2022-03-14 18:55:05,0,0,0.202
TCKT_068906,medium,platinum,2024-10-29 21:08:24,1,1,0.928
TCKT_005345,low,standard,2024-12-19 20:05:34,0,0,0.21
TCKT_096828,medium,standard,2022-03-24 23:55:28,1,0,0.243
TCKT_091137,medium,standard,2022-04-14 18:20:23,0,0,0.251
TCKT_062685,medium,gold,2022-05-04 14:11:06,1,1,0.752
TCKT_098719,low,gold,2024-04-19 20:13:01,0,1,0.558
TCKT_046678,low,standard,2024-03-28 05:57:48,0,0,0.228
TCKT_056333,medium,gold,2023-06-15 15:24:07,0,1,0.769
TCKT_090152,low,platinum,2025-06-21 02:51:10,1,1,0.861
TCKT_074290,low,standard,2024-06-13 21:21:27,0,0,0.23
TCKT_000727,low,platinum,2023-07-02 11:26:34,0,1,0.886
TCKT_083019,low,gold,2023-10-26 04:03:48,1,1,0.578
TCKT_061871,medium,platinum,2022-06-30 06:21:21,1,1,0.901
TCKT_053543,high,standard,2022-03-11 20:48:05,0,0,0.242
TCKT_000296,low,gold,2024-12-02 17:27:03,1,1,0.604
TCKT_020547,low,platinum,2025-03-05 07:04:24,1,1,0.867
TCKT_010900,medium,standard,2023-07-30 21:53:38,0,0,0.166
TCKT_035547,medium,standard,2025-09-23 00:59:14,0,0,0.222
TCKT_085111,medium,platinum,2022-05-13 15:11:08,0,1,0.879
TCKT_048032,high,gold,2023-10-31 08:48:37,1,1,0.745
TCKT_094095,low,standard,2022-05-01 13:52:58,0,0,0.25
TCKT_014655,low,gold,2022-11-12 02:32:42,0,1,0.579
TCKT_079672,high,standard,2023-08-23 21:34:05,0,0,0.282
TCKT_063739,low,gold,2025-04-20 00:28:36,1,1,0.579
TCKT_059080,urgent,standard,2025-11-23 06:55:30,0,0,0.312
TCKT_059573,medium,standard,2022-10-07 04:19:54,0,0,0.276
TCKT_070550,medium,standard,2023-01-20 07:51:00,0,0,0.222
TCKT_024956,medium,gold,2024-04-17 21:31:00,1,1,0.727
TCKT_085036,low,standard,2023-10-15 10:15:27,0,0,0.258
TCKT_054487,medium,gold,2025-11-06 22:10:31,1,1,0.775
TCKT_042354,urgent,gold,2025-10-15 08:01:44,0,1,0.737
TCKT_036587,medium,platinum,2025-09-16 13:51:22,1,1,0.903
TCKT_042827,medium,standard,2023-10-12 04:49:40,0,0,0.236
TCKT_014204,high,standard,2023-04-25 23:50:15,0,0,0.261
TCKT_049540,medium,standard,2023-09-25 12:28:55,0,0,0.225
TCKT_033705,high,standard,2023-10-02 04:58:38,0,0,0.272
TCKT_016022,medium,gold,2025-11-29 10:58:17,1,1,0.759
TCKT_048639,high,standard,2022-12-30 21:43:44,0,0,0.252
TCKT_014558,medium,gold,2025-10-24 17:34:30,1,1,0.782
TCKT_068060,low,platinum,2024-03-03 19:37:04,1,1,0.863
TCKT_059996,high,standard,2024-08-02 18:29:37,1,0,0.315
TCKT_016270,low,standard,2025-02-17 11:31:43,0,0,0.217
TCKT_030384,low,gold,2024-08-07 05:10:07,1,1,0.646
TCKT_023922,low,gold,2023-07-07 06:52:01,1,1,0.666
TCKT_098559,high,standard,2022-12-06 23:29:02,1,0,0.293
TCKT_015282,high,standard,2024-08-26 21:52:54,0,0,0.28
TCKT_071301,low,standard,2022-10-15 20:34:49,0,0,0.228
TCKT_044934,low,gold,2024-04-29 06:44:41,0,1,0.642
TCKT_051272,low,gold,2024-04-20 23:28:44,0,1,0.544
TCKT_058142,low,standard,2023-04-14 09:33:54,0,0,0.205
TCKT_021248,medium,standard,2025-07-27 16:00:34,0,0,0.297
TCKT_048745,low,standard,2023-08-11 17:54:48,0,0,0.216
TCKT_061283,low,standard,2024-05-30 21:31:56,1,0,0.242
TCKT_080159,low,standard,2024-03-03 07:13:00,0,0,0.233
TCKT_065639,high,standard,2022-02-20 04:17:05,0,0,0.289
TCKT_044971,high,standard,2025-12-26 21:20:41,0,0,0.231
TCKT_046901,low,standard,2025-09-23 01:03:44,0,0,0.2
TCKT_099108,medium,gold,2022-06-16 15:06:59,0,1,0.726
TCKT_064179,high,platinum,2022-01-18 06:04:30,0,1,0.894
TCKT_026690,medium,standard,2025-03-17 11:46:55,0,0,0.242
TCKT_065674,medium,gold,2024-12-01 00:02:47,0,1,0.728
TCKT_038585,low,platinum,2024-07-07 08:21:04,0,1,0.822
TCKT_032874,low,gold,2025-10-28 08:35:34,0,1,0.598
TCKT_075182,medium,standard,2025-03-20 08:08:47,0,0,0.253
TCKT_030678,high,gold,2024-02-28 09:57:57,1,1,0.706
TCKT_012982,low,platinum,2025-03-25 18:19:33,1,1,0.859
TCKT_066097,low,gold,2024-01-23 08:43:25,1,1,0.633
TCKT_092174,medium,standard,2023-11-17 14:22:03,0,0,0.228
TCKT_087936,low,standard,2024-11-16 01:06:13,0,0,0.23
TCKT_031039,medium,platinum,2024-05-21 12:56:10,1,1,0.891
TCKT_056356,medium,platinum,2025-05-02 20:18:16,1,1,0.866
TCKT_054360,low,gold,2023-11-25 03:52:51,1,1,0.627
TCKT_072272,low,standard,2022-06-16 03:15:03,0,0,0.228
TCKT_001550,high,gold,2022-03-13 01:11:48,1,1,0.711
TCKT_006647,low,standard,2025-12-03 18:59:12,0,0,0.237
TCKT_076359,urgent,standard,2024-10-15 01:32:17,0,0,0.211
TCKT_074283,low,standard,2024-04-07 18:12:53,1,0,0.198
TCKT_011697,high,standard,2022-11-01 03:17:08,0,0,0.302
TCKT_091674,medium,standard,2022-06-19 02:08:41,0,0,0.237
TCKT_057541,urgent,standard,2025-12-28 11:24:05,0,0,0.334
TCKT_051342,high,standard,2022-07-02 15:05:02,0,0,0.267
TCKT_042320,low,standard,2023-12-18 17:53:33,0,0,0.273
TCKT_014016,low,standard,2023-08-22 14:10:57,1,0,0.228
TCKT_015920,low,platinum,2023-01-30 05:51:49,1,1,0.895
TCKT_086450,low,standard,2023-07-30 14:59:55,0,0,0.219
TCKT_039676,medium,standard,2024-09-15 20:55:26,1,0,0.2
TCKT_007265,medium,platinum,2024-02-26 02:50:25,1,1,0.887
TCKT_034124,low,standard,2024-01-21 01:27:09,0,0,0.252
TCKT_082155,high,gold,2025-05-18 14:27:33,0,1,0.699
TCKT_021763,low,standard,2022-09-11 14:53:23,0,0,0.234
TCKT_082593,high,platinum,2022-04-24 18:43:13,0,1,0.9
TCKT_095723,medium,standard,2023-06-01 22:43:50,1,0,0.261
TCKT_073879,low,standard,2022-06-21 02:41:41,0,0,0.178
TCKT_050812,medium,standard,2024-05-06 03:32:05,0,0,0.221
TCKT_096360,high,standard,2023-10-18 11:38:21,1,0,0.271
TCKT_092068,high,standard,2022-07-03 18:08:21,0,0,0.311
TCKT_070671,low,standard,2025-06-30 13:41:20,0,0,0.219
TCKT_013423,medium,standard,2024-04-11 11:50:41,0,0,0.224
TCKT_061777,low,standard,2024-12-07 17:07:27,0,0,0.241
TCKT_063403,medium,gold,2025-11-29 19:50:14,1,1,0.742
TCKT_022927,medium,standard,2022-03-29 06:52:01,0,0,0.288
TCKT_081036,low,standard,2023-01-01 01:55:03,1,0,0.233
TCKT_026919,high,standard,2025-01-13 23:39:27,1,0,0.235
TCKT_072076,low,standard,2024-07-21 10:38:06,0,0,0.246
TCKT_021860,medium,standard,2024-07-15 04:23:45,0,0,0.264
TCKT_001387,urgent,standard,2024-04-18 12:17:22,0,0,0.243
TCKT_026609,medium,standard,2025-05-27 12:30:40,0,0,0.233
TCKT_045401,medium,standard,2023-11-25 19:04:37,0,0,0.218
TCKT_092097,high,standard,2025-03-31 12:31:32,0,0,0.278
TCKT_010495,low,gold,2022-01-10 19:51:55,1,1,0.603
TCKT_056158,high,gold,2024-02-23 11:09:15,1,1,0.745
TCKT_013856,low,standard,2024-11-18 21:21:49,0,0,0.234
TCKT_048148,low,gold,2023-06-17 09:52:06,0,1,0.646
TCKT_055273,high,standard,2022-10-11 09:51:25,0,0,0.316
TCKT_070270,urgent,standard,2023-01-27 07:36:43,1,0,0.257
TCKT_006216,urgent,gold,2024-08-11 04:31:44,1,1,0.697
TCKT_082257,medium,gold,2024-07-24 17:54:06,0,1,0.74
TCKT_015863,low,standard,2025-03-29 04:53:44,0,0,0.22
TCKT_081027,medium,standard,2025-10-28 18:10:13,0,0,0.229
TCKT_023995,medium,gold,2022-10-30 06:37:46,1,1,0.761
TCKT_089207,low,standard,2025-03-11 23:29:42,0,0,0.238
TCKT_055299,low,platinum,2024-09-05 19:59:50,1,1,0.875
TCKT_016619,low,standard,2023-08-10 07:10:18,0,0,0.235
TCKT_044796,low,standard,2023-12-11 23:08:39,0,0,0.207
TCKT_006246,high,platinum,2025-04-07 17:27:57,0,1,0.893
TCKT_078344,high,standard,2024-03-13 05:24:58,1,0,0.266
TCKT_009241,medium,standard,2022-10-23 12:35:19,0,0,0.269
TCKT_033360,medium,standard,2022-01-14 08:47:31,1,0,0.263
TCKT_075188,high,standard,2025-09-10 02:38:07,0,0,0.266
TCKT_056139,medium,standard,2022-06-22 20:49:53,0,0,0.235
TCKT_036994,low,platinum,2024-11-13 01:41:19,1,1,0.856
TCKT_080342,high,standard,2025-05-19 13:16:16,0,0,0.258
TCKT_073553,low,gold,2025-09-02 13:12:58,1,1,0.577
TCKT_039626,medium,standard,2023-01-18 17:37:22,0,0,0.265
TCKT_059613,low,standard,2024-03-04 02:30:05,1,0,0.214
TCKT_022500,low,standard,2022-12-14 16:21:50,0,0,0.175
TCKT_072308,low,standard,2022-09-27 14:07:26,0,0,0.259
TCKT_058663,low,gold,2023-08-08 23:00:54,0,1,0.648
TCKT_083700,high,platinum,2023-01-12 01:21:50,1,1,0.863
TCKT_066493,medium,standard,2022-06-10 13:27:16,0,0,0.251
TCKT_093178,medium,standard,2023-06-07 13:42:39,0,0,0.256
TCKT_098348,low,standard,2023-08-17 11:07:50,0,0,0.224
TCKT_084743,high,standard,2022-12-06 11:11:40,0,0,0.251
TCKT_007264,low,standard,2022-07-07 15:34:43,0,0,0.209
TCKT_032421,medium,standard,2025-11-10 11:06:50,0,0,0.247
TCKT_003221,medium,gold,2023-05-17 16:21:28,1,1,0.777
TCKT_036789,high,standard,2024-08-29 21:22:08,0,0,0.219
TCKT_040390,medium,standard,2024-03-27 20:27:58,0,0,0.228
TCKT_048701,low,standard,2022-08-14 04:02:43,0,0,0.238
TCKT_022070,urgent,standard,2025-10-31 22:58:52,0,0,0.32
TCKT_053645,medium,gold,2023-04-10 16:26:02,1,1,0.752
TCKT_022986,medium,standard,2025-04-21 12:21:20,0,0,0.253
TCKT_024804,medium,standard,2025-12-04 04:07:49,0,0,0.194
TCKT_058995,urgent,gold,2025-12-12 18:02:50,0,1,0.765
TCKT_095323,low,gold,2022-09-28 18:01:24,0,1,0.648
TCKT_079280,low,gold,2025-05-06 10:17:44,0,1,0.632
TCKT_018086,high,standard,2022-03-22 00:27:21,0,0,0.273
TCKT_034707,medium,standard,2024-01-01 23:47:55,0,0,0.249
TCKT_040168,low,standard,2022-11-03 11:43:33,0,0,0.239
TCKT_091366,low,gold,2025-07-16 01:00:18,0,1,0.603
TCKT_077047,low,standard,2024-03-07 19:09:44,0,0,0.251
TCKT_084918,low,standard,2023-09-14 21:22:24,0,0,0.204
TCKT_063158,medium,standard,2022-11-02 09:02:33,0,0,0.219
TCKT_090023,medium,standard,2023-08-22 11:01:45,1,0,0.263
TCKT_046233,medium,gold,2025-04-26 17:26:57,1,1,0.752
TCKT_008927,high,platinum,2024-02-28 10:40:13,1,1,0.858
TCKT_016787,low,standard,2025-05-13 14:02:22,0,0,0.226
TCKT_096283,low,gold,2022-11-06 18:28:27,0,1,0.617
TCKT_032590,low,standard,2023-10-08 00:52:21,0,0,0.218
TCKT_096020,low,gold,2025-09-15 04:08:32,0,1,0.6
TCKT_024719,high,standard,2025-09-02 13:16:21,0,0,0.272
TCKT_084747,medium,platinum,2024-03-08 18:29:49,1,1,0.892
TCKT_020610,low,standard,2022-10-17 05:16:54,0,0,0.208
TCKT_011982,low,platinum,2022-01-17 11:09:11,0,1,0.835
TCKT_096881,medium,standard,2024-08-16 23:15:08,0,0,0.212
TCKT_057111,high,standard,2024-11-11 14:20:47,0,0,0.289
TCKT_093903,medium,standard,2023-12-08 20:44:53,0,0,0.21
TCKT_003476,high,platinum,2024-02-24 09:05:10,0,1,0.893
TCKT_035876,medium,gold,2023-05-30 07:35:54,1,1,0.761
TCKT_094119,urgent,standard,2024-03-22 05:25:15,0,0,0.267
TCKT_088478,low,standard,2024-10-21 02:22:33,0,0,0.191
TCKT_062177,high,gold,2025-07-30 04:19:01,1,1,0.697
TCKT_043212,medium,standard,2023-01-10 12:35:31,0,0,0.233
TCKT_042114,low,gold,2023-03-22 13:18:18,1,1,0.632
TCKT_052607,low,standard,2023-06-06 23:18:19,0,0,0.236
TCKT_018477,low,gold,2023-10-19 17:26:14,1,1,0.601
TCKT_059329,high,platinum,2023-01-27 10:03:09,1,1,0.868
TCKT_080265,low,standard,2024-12-18 12:49:42,0,0,0.218
TCKT_038798,medium,standard,2022-06-01 03:58:53,0,0,0.272
TCKT_032425,high,standard,2025-10-04 20:12:10,1,0,0.249
TCKT_011232,low,standard,2024-01-23 06:08:11,0,0,0.223
TCKT_096112,high,standard,2025-05-03 04:55:41,1,0,0.269
TCKT_010005,low,gold,2024-10-06 02:33:29,0,1,0.608
TCKT_006569,high,standard,2024-08-14 07:02:28,0,0,0.286
TCKT_081438,low,gold,2022-05-06 15:14:00,0,1,0.603
TCKT_018955,low,standard,2023-09-01 05:27:26,0,0,0.212
TCKT_053477,medium,standard,2024-06-14 08:40:49,0,0,0.275
TCKT_047362,low,platinum,2025-08-22 02:41:39,1,1,0.882
TCKT_068161,low,standard,2025-10-14 06:33:21,0,0,0.226
TCKT_065302,low,platinum,2022-01-26 00:05:48,0,1,0.856
TCKT_025761,low,gold,2024-10-31 23:14:45,0,1,0.575
TCKT_025501,high,standard,2023-08-19 10:49:54,1,0,0.322
TCKT_069588,low,standard,2025-01-03 11:50:52,0,0,0.181
TCKT_035707,medium,standard,2025-09-08 23:53:00,0,0,0.295
TCKT_078095,low,gold,2022-05-25 04:20:02,0,1,0.613
TCKT_082214,medium,standard,2022-02-13 10:52:41,0,0,0.261
TCKT_098018,high,gold,2023-06-11 19:37:00,1,1,0.722
TCKT_021376,low,gold,2022-10-18 06:23:27,1,1,0.614
TCKT_017113,medium,standard,2024-02-19 17:20:19,0,0,0.287
TCKT_044997,high,standard,2023-08-04 10:06:38,0,0,0.227
TCKT_021057,low,standard,2022-07-30 11:21:02,0,0,0.234
TCKT_034993,low,standard,2024-09-24 09:08:03,0,0,0.252
TCKT_076052,medium,standard,2025-02-02 03:13:53,1,0,0.237
TCKT_036190,medium,gold,2025-01-31 01:01:18,1,1,0.765
TCKT_050481,medium,standard,2022-01-17 17:29:09,0,0,0.247
TCKT_027111,high,standard,2025-08-07 14:01:26,0,0,0.303
TCKT_035551,medium,standard,2022-08-09 19:02:15,0,0,0.237
TCKT_017217,low,gold,2025-07-19 21:01:48,0,1,0.654
TCKT_037986,medium,gold,2024-07-09 16:17:50,1,1,0.731
TCKT_016529,high,standard,2022-03-30 05:31:57,0,0,0.276
TCKT_023430,high,standard,2023-09-12 22:43:41,0,0,0.312
TCKT_045169,high,gold,2025-09-28 23:58:18,1,1,0.654
TCKT_084083,medium,standard,2022-06-21 20:57:44,0,0,0.237
TCKT_005042,high,standard,2025-06-02 18:22:16,1,0,0.267
TCKT_042529,medium,standard,2022-01-29 17:16:49,0,0,0.184
TCKT_066286,high,standard,2024-05-15 09:10:37,0,0,0.309
TCKT_018154,medium,standard,2024-07-26 06:14:13,0,0,0.241
TCKT_091559,low,standard,2024-10-17 10:10:41,0,0,0.224
TCKT_051596,low,gold,2022-08-25 04:16:16,0,1,0.616
TCKT_007708,medium,gold,2022-03-06 14:46:34,1,1,0.771
TCKT_016156,medium,standard,2024-05-12 09:19:23,0,0,0.26
TCKT_092596,medium,gold,2024-04-08 06:49:20,0,1,0.778
TCKT_087109,low,standard,2022-10-02 21:09:26,0,0,0.257
TCKT_015444,high,gold,2022-08-20 03:39:14,1,1,0.767
TCKT_014020,high,gold,2023-07-30 11:20:01,1,1,0.703
TCKT_002054,medium,gold,2024-05-21 06:38:21,1,1,0.742
TCKT_016643,low,standard,2024-11-13 00:06:55,0,0,0.198
TCKT_088768,low,standard,2022-01-18 07:10:03,0,0,0.216
TCKT_088090,medium,gold,2025-04-05 11:40:10,0,1,0.762
TCKT_010951,medium,standard,2023-03-06 16:29:57,1,0,0.23
TCKT_030467,low,standard,2023-12-31 08:41:54,0,0,0.256
TCKT_076741,high,standard,2023-11-27 11:45:11,1,0,0.274
TCKT_090586,high,standard,2023-04-03 05:08:53,0,0,0.242
TCKT_071597,low,standard,2023-03-29 13:45:53,0,0,0.257
TCKT_080582,low,standard,2025-06-22 15:00:14,0,0,0.243
TCKT_077980,high,standard,2025-03-01 05:07:01,0,0,0.284
TCKT_063489,urgent,gold,2025-08-31 15:12:18,0,1,0.743
TCKT_041631,low,standard,2023-10-06 11:55:40,1,0,0.23
TCKT_007124,medium,standard,2023-10-18 07:24:27,0,0,0.27
TCKT_058230,high,platinum,2024-06-06 12:57:50,0,1,0.891
TCKT_004075,medium,standard,2025-10-16 18:12:52,0,0,0.24
TCKT_045501,medium,standard,2024-11-09 07:23:44,1,0,0.269
TCKT_085831,low,standard,2024-11-07 01:37:44,1,0,0.181
TCKT_025421,low,standard,2024-10-14 23:06:37,1,0,0.201
TCKT_029839,medium,standard,2023-02-28 02:26:39,0,0,0.252
TCKT_040166,low,standard,2023-06-27 19:00:59,0,0,0.224
TCKT_065376,medium,gold,2023-06-21 07:04:06,1,1,0.737
TCKT_032555,medium,standard,2023-10-15 19:52:15,0,0,0.213
TCKT_054890,low,platinum,2025-11-01 23:17:32,1,1,0.83
TCKT_001566,medium,standard,2022-03-20 19:29:28,0,0,0.229
TCKT_034986,high,standard,2023-11-28 02:33:01,1,0,0.226
TCKT_095225,medium,standard,2025-03-08 22:05:39,0,0,0.271
TCKT_048279,low,gold,2025-12-12 16:31:10,1,1,0.641
TCKT_099689,low,standard,2023-12-10 16:51:25,0,0,0.203
TCKT_084914,high,standard,2023-09-02 01:12:02,0,0,0.277
TCKT_071551,low,gold,2024-04-01 12:30:50,1,1,0.624
TCKT_083380,low,gold,2023-02-13 09:35:14,0,1,0.628
TCKT_059445,low,gold,2022-05-29 10:02:55,1,1,0.641
TCKT_015117,low,standard,2024-09-07 15:54:26,0,0,0.23
TCKT_055579,low,gold,2025-02-10 07:09:49,1,1,0.637
TCKT_058893,low,platinum,2022-07-09 06:30:32,1,1,0.824
TCKT_097835,low,standard,2023-12-19 03:14:56,0,0,0.239
TCKT_084787,medium,gold,2024-02-16 08:17:13,0,1,0.752
TCKT_039527,medium,gold,2022-01-17 06:12:31,0,1,0.769
TCKT_029463,low,standard,2023-09-01 10:13:11,0,0,0.215
TCKT_012527,low,standard,2025-07-11 14:40:44,0,0,0.207
TCKT_072023,low,gold,2023-01-21 20:49:15,1,1,0.546
TCKT_051163,medium,standard,2022-12-01 19:32:13,0,0,0.22
TCKT_009154,medium,platinum,2024-08-20 07:28:12,1,1,0.887
TCKT_005540,medium,gold,2025-11-07 10:37:03,0,1,0.778
TCKT_098195,medium,gold,2022-11-18 21:24:09,0,1,0.712
TCKT_026334,medium,standard,2024-12-10 09:35:56,1,0,0.254
TCKT_051705,low,standard,2024-12-01 07:29:12,0,0,0.224
TCKT_079701,medium,gold,2024-11-26 21:24:39,0,1,0.72
TCKT_095153,low,standard,2022-02-03 23:51:56,0,0,0.222
TCKT_088121,medium,gold,2025-02-18 07:29:16,1,1,0.766
TCKT_098761,high,standard,2023-08-18 23:01:16,0,0,0.249
TCKT_099414,low,standard,2024-01-08 06:47:20,0,0,0.246
TCKT_063907,high,gold,2024-12-28 12:39:01,1,1,0.742
TCKT_097750,medium,gold,2023-06-10 11:43:49,1,1,0.768
TCKT_075042,medium,gold,2025-03-24 22:15:21,1,1,0.754
TCKT_011025,low,standard,2023-07-14 00:33:34,0,0,0.249
TCKT_087797,urgent,standard,2022-10-12 06:22:48,1,0,0.29
TCKT_003288,low,standard,2025-12-13 16:19:01,0,0,0.221
TCKT_008033,medium,platinum,2023-12-02 20:33:37,1,1,0.917
TCKT_063112,low,platinum,2024-04-22 11:14:57,1,1,0.867
TCKT_066289,high,standard,2023-12-22 22:51:39,0,0,0.307
TCKT_092092,medium,standard,2023-03-18 08:52:26,0,0,0.22
TCKT_060997,low,gold,2025-11-09 22:15:56,0,1,0.551
TCKT_087319,high,platinum,2023-02-18 18:36:23,1,1,0.867
TCKT_007226,high,gold,2024-10-05 04:39:11,0,1,0.743
TCKT_095857,high,gold,2022-09-07 18:09:23,1,1,0.716
TCKT_091868,medium,gold,2023-05-05 17:30:18,1,1,0.746
TCKT_018513,medium,platinum,2025-12-05 08:17:42,1,1,0.906
TCKT_045617,low,standard,2025-12-12 03:49:02,0,0,0.22
TCKT_096636,medium,standard,2024-11-10 17:10:55,0,0,0.231
TCKT_070640,urgent,standard,2024-09-26 04:33:32,0,0,0.24
TCKT_021478,low,gold,2022-09-27 20:11:55,1,1,0.587
TCKT_099955,medium,gold,2025-07-06 15:08:24,1,1,0.761
TCKT_087961,medium,standard,2023-12-15 08:03:27,0,0,0.246
TCKT_085170,low,gold,2024-04-15 02:53:11,1,1,0.604
TCKT_057673,high,standard,2022-05-03 11:10:15,0,0,0.233
TCKT_039379,high,standard,2024-04-26 15:19:03,1,0,0.29
TCKT_083905,high,gold,2025-09-14 00:00:50,0,1,0.703
TCKT_058506,low,standard,2025-09-02 09:41:38,0,0,0.239
TCKT_043364,medium,gold,2025-01-22 03:27:34,0,1,0.783
TCKT_085728,high,standard,2024-05-27 01:41:50,0,0,0.264
TCKT_032166,medium,gold,2022-06-07 07:31:21,1,1,0.764
TCKT_071370,low,standard,2025-12-11 06:07:48,0,0,0.221
TCKT_059994,low,standard,2024-12-27 05:01:56,0,0,0.205
TCKT_002576,medium,standard,2024-12-30 08:12:27,0,0,0.236
TCKT_056827,medium,gold,2024-03-21 14:23:41,1,1,0.768
TCKT_056388,low,standard,2024-11-10 23:33:20,0,0,0.224
TCKT_010683,high,standard,2023-01-23 17:05:48,0,0,0.224
TCKT_060186,medium,gold,2023-05-13 05:57:58,1,1,0.722
TCKT_032576,high,standard,2024-01-16 04:20:23,0,0,0.29
TCKT_091036,medium,standard,2024-09-26 03:07:19,0,0,0.243
TCKT_014713,medium,standard,2025-12-07 19:45:15,0,0,0.221
TCKT_053917,low,gold,2022-10-01 02:25:49,1,1,0.647
TCKT_077331,medium,standard,2025-08-07 01:54:32,0,0,0.263
TCKT_078751,low,gold,2025-09-24 09:36:32,0,1,0.59
TCKT_078437,low,standard,2022-05-04 12:31:06,0,0,0.23
TCKT_049871,low,standard,2024-10-25 13:29:35,0,0,0.2
TCKT_028370,medium,platinum,2025-02-09 09:57:57,1,1,0.915
TCKT_056765,low,standard,2025-12-28 13:54:52,0,0,0.254
TCKT_000980,medium,standard,2025-08-21 09:50:55,0,0,0.264
TCKT_073959,medium,standard,2024-05-07 03:07:19,0,0,0.299
TCKT_067936,low,standard,2022-12-12 17:04:43,0,0,0.209
TCKT_027231,medium,standard,2024-03-20 18:30:47,0,0,0.262
TCKT_002406,urgent,standard,2023-07-17 08:07:01,0,0,0.273
TCKT_026171,high,platinum,2023-12-25 02:39:41,1,1,0.868
TCKT_019300,high,standard,2025-08-11 08:52:44,0,0,0.29
TCKT_054435,medium,standard,2025-11-15 16:14:44,0,0,0.262
TCKT_047483,low,platinum,2023-01-31 09:29:15,1,1,0.864
TCKT_042593,medium,platinum,2023-06-21 20:11:49,1,1,0.899
TCKT_084152,low,standard,2022-07-01 21:48:17,0,0,0.23
TCKT_016192,medium,standard,2025-12-29 13:34:04,0,0,0.274
TCKT_079894,low,standard,2022-09-26 23:36:22,0,0,0.203
TCKT_084684,low,standard,2023-10-24 21:19:45,0,0,0.252
TCKT_076306,medium,gold,2022-01-04 00:50:54,1,1,0.77
TCKT_002518,high,standard,2024-01-02 05:31:35,1,0,0.295
TCKT_070485,medium,gold,2022-05-11 15:08:25,1,1,0.788
TCKT_041448,high,gold,2024-05-23 09:21:07,1,1,0.734
TCKT_025775,low,standard,2025-01-07 02:06:40,0,0,0.27
TCKT_081518,medium,standard,2025-12-09 20:15:23,0,0,0.247
TCKT_027301,low,gold,2024-04-07 21:24:25,1,1,0.57
TCKT_073589,low,gold,2023-09-27 19:38:09,1,1,0.637
TCKT_057823,high,gold,2024-12-23 00:41:16,1,1,0.711
TCKT_070649,low,standard,2024-04-16 22:23:29,0,0,0.291
TCKT_072792,medium,standard,2025-11-30 23:07:41,0,0,0.298
TCKT_036038,medium,standard,2025-12-03 12:44:00,0,0,0.256
TCKT_091447,high,standard,2022-10-14 20:05:49,0,0,0.251
TCKT_040060,high,standard,2022-03-31 17:59:45,1,0,0.267
TCKT_031661,medium,gold,2025-09-21 10:27:15,1,1,0.775
TCKT_005483,low,standard,2025-03-31 07:18:24,0,0,0.23
TCKT_000855,high,standard,2023-09-18 12:49:36,0,0,0.263
TCKT_078802,urgent,platinum,2024-04-30 04:03:59,1,1,0.806
TCKT_007994,low,standard,2022-02-05 21:56:39,0,0,0.235
TCKT_061613,low,standard,2025-12-17 09:13:20,0,0,0.243
TCKT_095372,high,standard,2023-05-17 18:20:09,1,0,0.307
TCKT_087352,low,standard,2025-08-12 21:17:47,0,0,0.24
TCKT_035077,low,platinum,2022-08-02 18:46:21,1,1,0.863
TCKT_021566,high,standard,2023-06-08 04:04:35,0,0,0.231
TCKT_011955,high,gold,2022-01-22 08:22:36,1,1,0.773
TCKT_040572,medium,standard,2025-03-13 18:24:47,0,0,0.241
TCKT_060483,medium,standard,2022-11-13 20:18:34,0,0,0.219
TCKT_051970,low,gold,2023-08-29 07:01:59,0,1,0.619
TCKT_099589,high,standard,2025-11-27 18:50:14,0,0,0.238
TCKT_020557,low,standard,2023-11-17 09:45:22,1,0,0.185
TCKT_025589,medium,standard,2023-04-07 06:09:28,0,0,0.25
TCKT_005415,medium,standard,2022-05-19 00:17:17,0,0,0.255
TCKT_096219,medium,gold,2025-09-30 01:28:31,0,1,0.727
TCKT_023841,medium,standard,2025-10-20 19:31:18,0,0,0.22
TCKT_026411,low,standard,2022-01-14 10:19:22,0,0,0.22
TCKT_042835,low,standard,2022-06-30 01:39:20,0,0,0.239
TCKT_002687,low,standard,2023-10-24 01:26:27,0,0,0.204
TCKT_012404,medium,gold,2022-04-15 15:12:53,1,1,0.777
TCKT_062427,medium,standard,2023-04-05 22:29:47,0,0,0.255
TCKT_015190,low,standard,2023-09-15 01:03:07,1,0,0.2
TCKT_000029,medium,gold,2024-01-20 19:55:45,1,1,0.743
TCKT_030503,low,standard,2022-07-18 22:18:29,0,0,0.207
TCKT_096375,medium,standard,2022-06-21 00:19:21,0,0,0.222
TCKT_018159,medium,gold,2023-12-23 01:47:13,0,1,0.785
TCKT_018299,low,standard,2025-06-02 20:41:26,0,0,0.243
TCKT_010778,medium,platinum,2023-01-19 17:39:47,1,1,0.858
TCKT_070840,high,gold,2025-08-04 16:08:08,1,1,0.736
TCKT_008914,urgent,gold,2025-01-09 16:51:51,0,1,0.717
TCKT_072722,low,gold,2025-08-30 08:00:40,1,1,0.64
TCKT_024081,medium,gold,2023-01-01 16:42:53,1,1,0.751
TCKT_038524,low,standard,2022-09-06 04:39:29,0,0,0.225
TCKT_022275,medium,standard,2025-01-17 08:35:35,0,0,0.228
TCKT_033930,medium,platinum,2024-05-21 03:29:25,1,1,0.891
TCKT_001950,medium,standard,2025-05-18 07:02:19,1,0,0.228
TCKT_096850,low,gold,2025-07-04 06:31:47,0,1,0.607
TCKT_055826,medium,platinum,2023-09-28 19:02:42,0,1,0.894
TCKT_013512,low,standard,2022-10-08 08:15:40,1,0,0.242
TCKT_071823,medium,standard,2022-03-24 04:31:00,0,0,0.244
TCKT_022694,medium,standard,2024-06-12 06:00:54,0,0,0.267
TCKT_093206,low,gold,2024-11-11 01:52:33,1,1,0.648
TCKT_075715,low,standard,2025-02-05 10:23:05,0,0,0.212
TCKT_008432,low,standard,2023-02-15 16:19:03,0,0,0.206
TCKT_049199,low,standard,2022-12-10 13:10:36,0,0,0.204
TCKT_024765,medium,standard,2022-01-18 22:28:41,0,0,0.212
TCKT_097958,medium,platinum,2023-01-02 03:41:48,1,1,0.908
TCKT_037231,low,standard,2025-03-18 04:50:55,0,0,0.215
TCKT_010911,high,gold,2023-03-26 15:03:58,1,1,0.728
TCKT_002243,low,gold,2025-12-24 07:10:37,0,1,0.663
TCKT_050331,low,standard,2024-01-19 00:43:23,0,0,0.232
TCKT_037377,medium,standard,2023-12-23 03:52:36,0,0,0.197
TCKT_097527,low,standard,2022-05-17 13:15:33,1,0,0.24
TCKT_083275,high,gold,2023-05-18 01:25:43,0,1,0.647
TCKT_024351,medium,gold,2022-01-22 01:48:59,0,1,0.755
TCKT_017459,low,standard,2025-11-22 17:46:00,0,0,0.231
TCKT_064931,low,standard,2024-04-09 00:26:11,1,0,0.235
TCKT_026728,medium,standard,2022-05-30 18:37:40,0,0,0.256
TCKT_048620,medium,standard,2024-08-13 06:38:57,0,0,0.261
TCKT_039125,medium,standard,2023-08-24 10:58:26,0,0,0.263
TCKT_086998,high,standard,2024-10-06 05:26:59,1,0,0.26
TCKT_039253,high,gold,2024-11-14 12:42:01,1,1,0.745
TCKT_096793,low,gold,2022-03-11 19:31:37,0,1,0.631
TCKT_082563,medium,platinum,2023-12-18 00:54:10,1,1,0.912
TCKT_041632,low,standard,2025-06-06 08:57:50,0,0,0.256
TCKT_007186,high,gold,2023-05-11 12:00:55,0,1,0.743
TCKT_083281,low,standard,2022-04-21 17:51:51,0,0,0.291
TCKT_052000,urgent,standard,2023-11-04 21:33:58,0,0,0.255
TCKT_016426,low,standard,2022-04-11 14:48:46,0,0,0.27
TCKT_037785,low,platinum,2023-04-10 11:56:42,1,1,0.883
TCKT_071468,high,platinum,2022-09-18 18:41:00,1,1,0.869
TCKT_047946,medium,standard,2024-10-19 11:28:04,1,0,0.24
TCKT_040216,low,gold,2024-11-08 13:06:33,0,1,0.64
TCKT_059267,low,standard,2025-07-04 07:19:46,0,0,0.231
TCKT_096676,low,standard,2024-04-06 11:59:24,0,0,0.22
TCKT_092507,medium,standard,2024-03-04 13:10:34,1,0,0.278
TCKT_007270,low,gold,2025-02-03 11:42:48,1,1,0.618
TCKT_059970,high,standard,2025-03-14 10:53:10,0,0,0.261
TCKT_093466,high,standard,2023-12-25 10:19:55,1,0,0.258
TCKT_077927,low,platinum,2022-04-08 10:55:22,1,1,0.878
TCKT_042686,high,gold,2025-05-03 18:10:30,0,1,0.715
TCKT_026590,low,standard,2022-04-18 00:43:37,0,0,0.192
TCKT_001779,low,standard,2025-12-06 02:19:36,0,0,0.273
TCKT_073234,medium,standard,2024-09-23 10:24:09,0,0,0.249
TCKT_043162,urgent,gold,2024-12-27 07:18:46,1,1,0.754
TCKT_031369,high,standard,2023-03-16 10:58:18,0,0,0.28
TCKT_093960,high,gold,2024-11-10 00:51:13,1,1,0.675
TCKT_068394,low,gold,2024-11-17 14:49:21,0,1,0.618
TCKT_087701,low,standard,2024-10-22 06:27:39,0,0,0.245
TCKT_071653,low,platinum,2025-05-06 09:01:58,1,1,0.866
TCKT_077383,low,gold,2023-01-01 22:48:23,0,1,0.659
TCKT_015096,medium,gold,2022-04-28 08:37:45,0,1,0.778
TCKT_037863,low,standard,2024-01-27 15:56:46,0,0,0.251
TCKT_012760,medium,gold,2022-11-20 17:52:22,1,1,0.762
TCKT_055587,medium,platinum,2022-04-30 01:25:58,1,1,0.878
TCKT_048452,medium,standard,2023-04-15 03:55:39,0,0,0.215
TCKT_027861,medium,gold,2024-07-08 05:13:27,1,1,0.777
TCKT_011889,medium,platinum,2023-06-09 16:20:43,1,1,0.915
TCKT_036073,low,standard,2022-11-04 09:23:11,1,0,0.214
TCKT_030628,low,platinum,2023-01-13 08:20:59,1,1,0.877
TCKT_001606,high,standard,2023-11-07 12:03:03,0,0,0.304
TCKT_095774,high,gold,2025-06-02 03:23:44,1,1,0.758
TCKT_050061,high,standard,2023-09-15 06:45:19,0,0,0.254
TCKT_035022,low,platinum,2022-04-26 22:27:30,1,1,0.829
TCKT_099605,high,gold,2023-04-23 10:46:53,0,1,0.704
TCKT_044850,low,standard,2024-01-31 22:30:19,0,0,0.208
TCKT_088470,medium,standard,2022-09-14 22:35:38,0,0,0.228
TCKT_043263,high,gold,2023-02-14 17:20:30,1,1,0.725
TCKT_098187,low,platinum,2022-04-17 02:22:02,1,1,0.872
TCKT_078481,high,standard,2025-10-27 03:06:12,0,0,0.29
TCKT_086058,high,gold,2024-08-26 16:22:22,0,1,0.785
TCKT_035390,low,gold,2023-02-16 20:34:44,0,1,0.647
TCKT_065627,medium,standard,2025-07-27 02:54:27,0,0,0.258
TCKT_030107,high,standard,2023-08-08 22:54:07,0,0,0.302
TCKT_050076,low,standard,2023-03-03 21:02:00,0,0,0.262
TCKT_079938,low,standard,2025-12-03 21:00:24,1,0,0.257
TCKT_048349,low,standard,2023-12-05 14:40:10,0,0,0.245
TCKT_000312,low,standard,2024-08-31 02:51:07,1,0,0.228
TCKT_042211,medium,standard,2025-03-21 16:42:38,0,0,0.257
TCKT_082809,low,gold,2023-01-26 16:11:35,1,1,0.579
TCKT_045494,low,platinum,2023-08-13 02:09:24,0,1,0.854
TCKT_079209,high,gold,2023-11-09 17:09:09,1,1,0.764
TCKT_029492,medium,platinum,2023-12-22 22:25:16,1,1,0.906
TCKT_031720,low,gold,2022-01-11 01:36:53,0,1,0.582
TCKT_089825,medium,standard,2022-06-02 09:03:28,0,0,0.25
TCKT_087526,low,gold,2022-11-23 02:18:33,1,1,0.631
TCKT_059170,high,standard,2024-05-16 03:38:38,0,0,0.282
TCKT_077779,high,gold,2023-06-20 00:21:25,1,1,0.629
TCKT_062894,low,gold,2024-03-06 20:03:59,0,1,0.687
TCKT_027321,medium,platinum,2025-12-06 15:36:44,1,1,0.912
TCKT_014801,low,platinum,2024-10-05 14:28:19,1,1,0.867
TCKT_025942,medium,standard,2022-06-24 14:11:00,0,0,0.263
TCKT_009785,medium,gold,2025-12-17 01:22:27,0,1,0.798
TCKT_052660,low,standard,2024-09-24 17:46:47,0,0,0.218
TCKT_018600,low,standard,2024-06-13 06:36:06,0,0,0.229
TCKT_010456,low,platinum,2023-12-02 17:42:59,1,1,0.871
TCKT_065015,low,standard,2024-08-25 01:35:00,0,0,0.204
TCKT_006888,medium,gold,2025-07-15 05:24:42,0,1,0.775
TCKT_043166,high,gold,2023-03-08 10:52:28,1,1,0.743
TCKT_042882,medium,standard,2022-09-01 06:15:11,0,0,0.238
TCKT_079797,high,gold,2023-11-03 08:20:55,0,1,0.733
TCKT_058714,medium,standard,2023-11-28 13:17:08,0,0,0.242
TCKT_027080,low,gold,2025-08-25 15:57:54,0,1,0.575
TCKT_046369,medium,gold,2025-07-31 01:16:09,1,1,0.798
TCKT_008952,low,gold,2022-11-06 07:11:47,0,1,0.632
TCKT_030484,low,platinum,2022-02-26 07:31:00,1,1,0.863
TCKT_039929,low,gold,2025-12-21 01:37:01,0,1,0.62
TCKT_059338,urgent,standard,2022-12-21 14:12:40,0,0,0.242
TCKT_060915,low,gold,2023-08-25 17:16:31,0,1,0.626
TCKT_009533,low,standard,2022-05-16 20:58:54,0,0,0.224
TCKT_072234,low,standard,2024-06-17 12:28:47,0,0,0.251
TCKT_020309,medium,gold,2025-10-04 15:02:17,1,1,0.759
TCKT_036948,low,standard,2025-05-29 14:20:43,0,0,0.249
TCKT_035952,medium,gold,2022-08-05 18:23:11,1,1,0.764
TCKT_062205,low,standard,2022-03-16 15:02:33,0,0,0.221
TCKT_061336,low,standard,2024-01-26 16:25:57,0,0,0.207
TCKT_022237,high,gold,2024-08-14 16:00:15,1,1,0.719
TCKT_056882,low,standard,2024-06-30 08:09:39,0,0,0.235
TCKT_063670,medium,gold,2024-03-07 16:45:42,1,1,0.766
TCKT_030432,medium,standard,2022-07-20 02:38:18,0,0,0.249
TCKT_014185,low,standard,2022-10-06 15:16:18,0,0,0.213
TCKT_082817,high,standard,2022-11-04 22:51:18,0,0,0.31
TCKT_050625,medium,standard,2025-11-27 04:42:54,0,0,0.254
TCKT_012601,high,standard,2025-05-14 12:01:41,1,0,0.282
TCKT_036618,high,standard,2024-08-16 00:17:16,0,0,0.234
TCKT_090424,urgent,standard,2023-01-27 16:13:33,0,0,0.263
TCKT_069078,low,standard,2023-10-07 20:27:47,0,0,0.227
TCKT_085075,high,standard,2024-11-22 11:53:25,0,0,0.252
TCKT_004288,low,standard,2025-10-23 09:55:56,0,0,0.23
TCKT_057595,low,standard,2024-12-08 02:44:36,0,0,0.215
TCKT_024733,medium,standard,2024-02-01 20:47:14,0,0,0.253
TCKT_028771,medium,standard,2025-08-05 13:30:10,0,0,0.202
TCKT_018920,low,standard,2024-12-06 14:29:01,0,0,0.225
TCKT_090892,medium,standard,2024-04-20 13:20:41,0,0,0.215
TCKT_082317,medium,gold,2024-01-13 09:39:42,0,1,0.739
TCKT_019243,low,gold,2025-06-13 15:20:15,0,1,0.585
TCKT_036754,medium,gold,2023-07-05 02:44:26,1,1,0.77
TCKT_070591,medium,standard,2022-04-01 11:50:10,1,0,0.233
TCKT_059434,low,standard,2022-12-07 06:43:57,0,0,0.238
TCKT_040051,low,platinum,2025-07-23 01:59:04,0,1,0.854
TCKT_005421,low,gold,2022-08-10 16:52:28,1,1,0.629
TCKT_094694,urgent,standard,2022-03-02 09:16:51,0,0,0.234
TCKT_001193,low,gold,2022-09-05 11:51:58,0,1,0.595
TCKT_053451,low,gold,2024-12-10 12:33:12,0,1,0.649
TCKT_027063,low,standard,2025-10-14 12:24:51,0,0,0.251
TCKT_055378,low,standard,2024-01-19 12:19:44,0,0,0.195
TCKT_058124,low,standard,2025-05-06 15:27:22,0,0,0.209
TCKT_054418,low,gold,2023-11-21 16:38:29,0,1,0.555
TCKT_020134,low,standard,2025-09-27 06:28:08,0,0,0.215
TCKT_005357,low,gold,2022-07-02 13:01:31,0,1,0.6
TCKT_001681,high,standard,2024-07-27 20:45:24,1,0,0.251
TCKT_004830,low,standard,2024-08-09 10:22:50,0,0,0.214
TCKT_052171,low,platinum,2024-03-30 01:16:03,1,1,0.887
TCKT_017394,high,standard,2024-01-19 01:58:15,0,0,0.285
TCKT_087806,medium,standard,2022-12-18 06:40:21,0,0,0.257
TCKT_018725,high,standard,2023-03-12 03:38:07,1,0,0.218
TCKT_068110,medium,gold,2025-03-08 03:34:57,0,1,0.78
TCKT_095516,low,platinum,2023-01-14 01:43:33,1,1,0.876
TCKT_059111,low,gold,2023-12-06 20:54:03,0,1,0.605
TCKT_088378,high,standard,2025-10-10 06:00:19,0,0,0.289
TCKT_090502,low,standard,2022-05-06 04:13:54,0,0,0.235
TCKT_020133,low,standard,2022-11-22 22:19:32,0,0,0.225
TCKT_049002,high,gold,2023-10-27 00:08:08,1,1,0.688
TCKT_049788,medium,gold,2024-11-11 02:06:00,1,1,0.762
TCKT_056546,low,standard,2022-02-14 11:12:50,0,0,0.217
TCKT_062582,medium,standard,2025-03-06 09:55:00,0,0,0.271
TCKT_096554,low,standard,2025-06-30 19:56:33,0,0,0.276
TCKT_068196,low,standard,2023-05-08 09:49:19,0,0,0.219
TCKT_031183,high,platinum,2022-12-05 20:21:43,1,1,0.863
TCKT_074381,high,standard,2024-11-27 12:09:55,0,0,0.26
TCKT_014386,low,gold,2023-09-07 13:49:03,1,1,0.626
TCKT_011707,urgent,gold,2022-08-30 04:11:54,0,1,0.772
TCKT_067810,low,standard,2023-06-25 02:50:35,0,0,0.214
TCKT_008506,low,standard,2024-08-05 04:35:04,0,0,0.195
TCKT_092288,medium,standard,2022-05-03 19:41:07,0,0,0.229
TCKT_072202,low,standard,2023-10-26 00:30:16,0,0,0.25
TCKT_076161,low,gold,2024-07-03 11:12:04,1,1,0.604
TCKT_057528,medium,standard,2025-05-19 18:59:02,0,0,0.231
TCKT_074360,low,standard,2022-08-11 22:00:04,0,0,0.217
TCKT_067976,medium,platinum,2024-05-10 20:56:27,1,1,0.908
TCKT_045148,low,gold,2023-02-23 00:19:17,1,1,0.591
TCKT_053224,high,standard,2025-07-04 17:56:17,0,0,0.259
TCKT_015038,medium,standard,2024-04-01 14:48:40,1,0,0.266
TCKT_041751,low,standard,2025-03-14 09:12:15,0,0,0.206
TCKT_040712,low,standard,2023-03-05 17:23:48,0,0,0.218
TCKT_063118,low,gold,2025-06-26 02:12:18,1,1,0.586
TCKT_030184,medium,standard,2023-06-30 13:26:32,0,0,0.259
TCKT_007337,high,gold,2023-01-08 02:19:12,1,1,0.73
TCKT_058666,high,standard,2023-11-28 17:37:26,0,0,0.215
TCKT_083629,medium,standard,2023-03-20 03:08:51,1,0,0.185
TCKT_075319,high,standard,2022-05-20 11:29:11,1,0,0.248
TCKT_074856,medium,gold,2024-02-27 21:35:01,1,1,0.751
TCKT_006891,urgent,gold,2025-08-12 12:31:13,0,1,0.763
TCKT_008066,medium,standard,2024-03-14 18:02:29,0,0,0.225
TCKT_032120,high,gold,2023-03-17 08:33:38,1,1,0.733
TCKT_040331,medium,gold,2023-02-11 04:56:32,0,1,0.773
TCKT_068996,high,standard,2024-07-02 23:43:28,0,0,0.275
TCKT_019592,low,standard,2022-08-03 16:53:55,0,0,0.216
TCKT_018353,low,gold,2024-12-13 15:53:56,0,1,0.652
TCKT_019346,high,standard,2025-11-14 08:55:49,0,0,0.293
TCKT_050673,low,standard,2025-01-13 00:37:43,0,0,0.213
TCKT_093704,medium,gold,2023-02-12 15:46:18,0,1,0.773
TCKT_059319,high,standard,2024-06-29 15:53:10,0,0,0.248
TCKT_000365,high,standard,2023-12-29 12:16:21,0,0,0.241
TCKT_053870,medium,standard,2023-02-12 05:06:44,0,0,0.244
TCKT_030365,medium,platinum,2024-08-11 19:31:13,0,1,0.922
TCKT_066854,urgent,standard,2023-10-30 02:30:48,0,0,0.29
TCKT_056009,high,standard,2023-06-03 15:48:17,0,0,0.257
TCKT_089227,high,standard,2022-12-09 07:26:00,0,0,0.272
TCKT_035296,medium,standard,2023-09-28 11:20:01,0,0,0.23
TCKT_008295,low,standard,2024-03-18 18:21:18,0,0,0.205
TCKT_003263,low,platinum,2022-08-27 15:28:53,0,1,0.858
TCKT_034524,medium,gold,2022-11-06 21:12:46,1,1,0.738
TCKT_092638,medium,platinum,2023-07-21 06:46:41,0,1,0.905
TCKT_020392,high,platinum,2022-12-07 23:06:16,1,1,0.743
TCKT_070438,low,standard,2023-04-23 17:57:25,0,0,0.263
TCKT_040116,low,standard,2025-11-16 22:28:18,0,0,0.261
TCKT_028438,medium,standard,2024-03-09 04:04:08,0,0,0.256
TCKT_061044,medium,gold,2022-02-18 18:53:50,0,1,0.733
TCKT_093919,low,standard,2025-02-09 20:21:42,0,0,0.218
TCKT_047423,low,standard,2025-01-09 08:36:28,0,0,0.239
TCKT_074820,urgent,gold,2024-05-29 18:54:16,1,1,0.692
TCKT_019262,medium,standard,2022-05-23 02:47:17,0,0,0.203
TCKT_061335,low,standard,2024-07-22 13:47:19,0,0,0.225
TCKT_083894,medium,standard,2025-09-18 11:12:32,0,0,0.221
TCKT_005093,medium,standard,2025-11-08 11:27:31,1,0,0.246
TCKT_007681,urgent,gold,2022-10-22 13:04:21,0,1,0.773
TCKT_091863,medium,gold,2025-12-11 21:07:23,1,1,0.772
TCKT_087753,medium,standard,2023-01-12 03:12:09,0,0,0.208
TCKT_022150,low,standard,2023-02-01 17:30:11,0,0,0.246
TCKT_002443,low,standard,2023-07-19 10:50:23,0,0,0.218
TCKT_026786,high,standard,2024-04-28 03:21:39,0,0,0.265
TCKT_003891,medium,standard,2022-01-31 00:03:26,0,0,0.256
TCKT_079886,medium,gold,2023-04-20 06:12:55,1,1,0.764
TCKT_026038,low,standard,2023-07-03 08:03:01,0,0,0.233
TCKT_077085,medium,standard,2025-09-16 06:28:04,0,0,0.227
TCKT_013703,low,standard,2022-10-22 08:00:08,0,0,0.235
TCKT_064308,low,standard,2025-05-04 08:00:36,0,0,0.239
TCKT_098590,medium,gold,2024-02-25 07:10:48,0,1,0.783
TCKT_060034,medium,standard,2024-06-15 17:43:37,0,0,0.24
TCKT_041874,high,standard,2025-09-03 23:04:35,1,0,0.248
TCKT_032198,medium,standard,2022-02-19 21:48:14,0,0,0.248
TCKT_059287,high,gold,2022-03-03 14:45:30,1,1,0.695
TCKT_021777,medium,standard,2024-03-17 01:05:57,0,0,0.213
TCKT_026608,low,standard,2023-12-27 01:58:21,0,0,0.234
TCKT_048583,low,standard,2024-10-19 00:20:43,1,0,0.22
TCKT_003714,medium,gold,2022-04-11 15:14:55,1,1,0.779
TCKT_024082,low,gold,2022-10-22 15:04:50,0,1,0.644
TCKT_073260,medium,standard,2022-11-04 00:17:02,0,0,0.287
TCKT_083909,medium,standard,2024-05-24 01:02:45,0,0,0.243
TCKT_035844,low,gold,2022-12-18 01:07:01,1,1,0.524
TCKT_052485,high,gold,2023-01-23 21:17:26,0,1,0.716
TCKT_000256,high,standard,2022-05-16 02:03:59,0,0,0.267
TCKT_030842,low,standard,2022-07-01 14:10:41,0,0,0.276
TCKT_075304,low,platinum,2022-04-21 08:29:56,1,1,0.86
TCKT_077207,medium,standard,2025-04-30 22:52:49,0,0,0.229
TCKT_084527,high,standard,2023-03-06 03:43:01,1,0,0.239
TCKT_021591,low,gold,2025-01-20 09:38:46,1,1,0.627
TCKT_034310,low,gold,2022-08-18 15:00:00,1,1,0.65
TCKT_077756,low,standard,2025-10-01 12:45:48,0,0,0.241
TCKT_006586,low,gold,2025-03-01 02:32:02,0,1,0.574
TCKT_045639,low,standard,2024-07-28 23:39:20,0,0,0.241
TCKT_011494,medium,platinum,2022-05-14 10:55:02,0,1,0.91
TCKT_042302,low,gold,2025-08-21 16:57:02,1,1,0.639
TCKT_015046,low,gold,2025-08-20 03:52:18,1,1,0.627
TCKT_026797,low,standard,2023-01-18 17:21:34,0,0,0.217
TCKT_072184,high,standard,2025-04-16 17:52:03,0,0,0.296
TCKT_072859,low,standard,2022-08-08 18:43:33,0,0,0.214
TCKT_067073,low,gold,2022-07-13 13:55:30,0,1,0.673
TCKT_012634,medium,standard,2023-07-26 14:45:32,0,0,0.261
TCKT_003334,high,standard,2025-02-26 23:30:34,0,0,0.279
TCKT_056893,medium,standard,2024-09-21 11:55:21,0,0,0.266
TCKT_000330,low,standard,2025-04-20 05:54:48,0,0,0.212
TCKT_016009,high,platinum,2025-07-23 19:08:15,1,1,0.837
TCKT_011442,medium,standard,2024-10-15 05:09:46,0,0,0.249
TCKT_046235,low,platinum,2025-02-06 21:48:04,1,1,0.883
TCKT_049458,low,standard,2025-09-17 06:50:31,0,0,0.206
TCKT_016209,medium,standard,2025-08-30 15:54:02,1,0,0.2
TCKT_002061,high,gold,2023-12-23 22:00:03,1,1,0.649
TCKT_062291,high,standard,2022-11-07 17:57:03,1,0,0.285
TCKT_035817,low,gold,2023-05-28 11:43:03,0,1,0.65
TCKT_034882,low,gold,2024-09-07 00:07:32,0,1,0.555
TCKT_098551,low,standard,2025-09-17 18:07:27,1,0,0.204
TCKT_061058,low,standard,2022-04-24 22:47:04,0,0,0.225
TCKT_088479,low,standard,2025-06-01 03:56:20,0,0,0.225
TCKT_068186,medium,standard,2022-09-29 10:58:14,0,0,0.244
TCKT_094206,high,standard,2025-04-21 21:05:48,0,0,0.324
TCKT_038703,medium,gold,2024-05-26 03:09:18,0,1,0.768
TCKT_092560,high,standard,2023-12-12 05:47:04,0,0,0.219
TCKT_032868,medium,platinum,2022-12-06 14:09:31,1,1,0.905
TCKT_000531,medium,standard,2022-07-10 17:53:07,0,0,0.244
TCKT_052853,low,standard,2024-11-20 02:30:46,1,0,0.211
TCKT_036798,medium,standard,2023-07-19 04:14:51,1,0,0.215
TCKT_080048,low,standard,2023-01-13 20:49:46,0,0,0.219
TCKT_095964,low,standard,2025-11-19 22:05:48,0,0,0.214
TCKT_034070,low,standard,2023-05-07 10:23:30,0,0,0.239
TCKT_024842,medium,standard,2025-02-20 15:42:09,0,0,0.26
TCKT_006296,low,gold,2022-07-28 16:56:10,0,1,0.659
TCKT_022939,low,gold,2024-08-11 01:37:09,1,1,0.67
TCKT_057842,low,gold,2024-07-30 15:05:17,0,1,0.647
TCKT_068111,high,standard,2023-06-07 05:10:58,1,0,0.26
TCKT_043593,medium,standard,2025-11-25 05:20:29,1,0,0.232
TCKT_058911,urgent,platinum,2022-07-04 14:32:35,0,1,0.863
TCKT_000218,medium,standard,2024-01-29 02:39:38,0,0,0.242
TCKT_059818,low,standard,2023-10-25 20:54:18,0,0,0.225
TCKT_087041,medium,gold,2023-10-21 05:21:26,1,1,0.773
TCKT_058463,medium,standard,2025-07-09 16:23:59,0,0,0.275
TCKT_050842,medium,standard,2022-03-31 18:13:05,0,0,0.243
TCKT_051615,high,gold,2025-06-11 07:49:48,1,1,0.732
TCKT_065532,low,standard,2025-08-18 19:50:55,0,0,0.224
TCKT_055743,low,standard,2023-06-06 15:14:48,0,0,0.216
TCKT_052248,high,standard,2022-05-11 08:36:47,1,0,0.294
TCKT_057160,high,standard,2023-03-05 12:39:35,0,0,0.259
TCKT_031740,medium,platinum,2024-06-30 06:14:06,1,1,0.902
TCKT_073298,low,gold,2025-05-30 18:09:19,0,1,0.598
TCKT_062470,high,standard,2024-07-19 14:07:20,1,0,0.272
TCKT_076232,medium,standard,2022-06-01 13:23:43,0,0,0.239
TCKT_069095,low,gold,2025-11-07 13:29:46,0,1,0.643
TCKT_074390,high,platinum,2025-12-18 18:53:15,0,1,0.816
TCKT_011501,medium,platinum,2023-05-12 19:12:46,1,1,0.879
TCKT_076498,low,standard,2024-08-13 16:40:30,0,0,0.207
TCKT_087869,high,platinum,2023-10-10 22:16:34,0,1,0.902
TCKT_071908,low,standard,2025-10-04 02:59:05,0,0,0.236
TCKT_039669,medium,standard,2023-05-08 07:59:19,0,0,0.265
TCKT_041911,low,standard,2025-12-21 13:51:28,0,0,0.229
TCKT_096692,high,standard,2023-04-04 11:12:27,0,0,0.279
TCKT_009855,medium,standard,2022-12-15 07:29:16,0,0,0.242
TCKT_023724,medium,gold,2025-07-23 09:59:20,1,1,0.764
TCKT_017616,urgent,platinum,2023-02-12 05:15:07,1,1,0.83
TCKT_080088,low,gold,2025-01-27 16:54:40,1,1,0.603
TCKT_030465,low,gold,2022-11-27 05:47:07,1,1,0.607
TCKT_009162,low,standard,2025-10-15 08:52:23,0,0,0.216
TCKT_008413,low,gold,2024-03-06 20:50:19,0,1,0.625
TCKT_006683,high,standard,2023-08-27 11:30:02,1,0,0.302
TCKT_003262,high,standard,2025-12-04 05:56:12,0,0,0.342
TCKT_082355,medium,platinum,2023-02-08 06:10:05,1,1,0.896
TCKT_093917,medium,standard,2022-06-09 17:18:03,0,0,0.229
TCKT_090001,low,standard,2025-01-26 04:34:52,0,0,0.245
TCKT_048572,low,standard,2024-03-03 18:47:45,0,0,0.226
TCKT_033848,low,standard,2024-11-11 04:10:58,0,0,0.217
TCKT_032448,low,gold,2023-09-14 12:44:03,0,1,0.634
TCKT_008685,low,standard,2025-12-23 09:42:25,0,0,0.213
TCKT_089790,low,gold,2023-10-17 17:20:02,1,1,0.591
TCKT_049393,high,gold,2024-05-27 08:39:49,1,1,0.731
TCKT_063026,low,platinum,2024-02-17 02:19:50,1,1,0.843
TCKT_018796,low,standard,2023-06-22 15:28:10,1,0,0.211
TCKT_088997,medium,standard,2023-11-11 16:47:06,0,0,0.215
TCKT_060724,high,standard,2022-03-24 03:27:52,0,0,0.265
TCKT_043644,medium,standard,2023-08-30 11:22:12,0,0,0.227
TCKT_067973,high,platinum,2025-02-17 07:03:40,1,1,0.86
TCKT_073576,medium,standard,2022-08-03 16:54:08,0,0,0.243
TCKT_019788,medium,standard,2024-09-20 08:16:52,0,0,0.234
TCKT_019425,low,standard,2024-08-31 10:44:47,0,0,0.228
TCKT_089291,medium,standard,2024-05-15 06:42:00,0,0,0.27
TCKT_015543,low,gold,2025-03-01 17:41:15,1,1,0.61
TCKT_059160,medium,standard,2025-04-15 06:03:43,1,0,0.218
TCKT_081896,low,platinum,2022-02-06 05:31:32,0,1,0.875
TCKT_004668,low,standard,2022-12-04 17:01:30,0,0,0.216
TCKT_001863,low,standard,2022-04-25 19:43:34,0,0,0.24
TCKT_067023,low,standard,2025-02-15 17:40:54,0,0,0.237
TCKT_077622,medium,standard,2023-09-16 10:52:43,1,0,0.256
TCKT_063310,low,standard,2024-10-04 00:36:06,1,0,0.186
TCKT_073559,medium,gold,2022-12-23 07:39:22,1,1,0.749
TCKT_005793,urgent,standard,2025-04-02 01:14:35,0,0,0.233
TCKT_058974,medium,gold,2022-08-25 14:22:00,0,1,0.764
TCKT_056619,low,standard,2023-09-08 15:17:24,0,0,0.248
TCKT_025549,low,platinum,2025-07-10 04:49:00,1,1,0.861
TCKT_052634,low,gold,2025-01-22 12:33:31,0,1,0.645
TCKT_023402,low,standard,2024-02-14 05:33:48,0,0,0.222
TCKT_037752,low,standard,2025-01-28 22:50:16,0,0,0.229
TCKT_057039,medium,gold,2024-10-20 15:14:30,0,1,0.738
TCKT_041116,medium,standard,2024-12-24 03:21:46,0,0,0.235
TCKT_085752,medium,standard,2024-11-25 03:16:47,0,0,0.222
TCKT_027504,low,platinum,2023-04-02 14:21:49,1,1,0.846
TCKT_067775,low,standard,2022-04-12 16:03:58,0,0,0.241
TCKT_047319,medium,standard,2025-06-08 13:11:39,1,0,0.259
TCKT_086350,low,standard,2025-08-27 01:02:54,1,0,0.219
TCKT_040269,medium,standard,2025-06-03 11:47:26,0,0,0.197
TCKT_067909,low,standard,2025-06-27 07:40:38,0,0,0.201
TCKT_054702,low,gold,2024-02-29 12:17:29,0,1,0.618
TCKT_081383,low,standard,2022-06-11 21:41:33,1,0,0.254
TCKT_087171,low,gold,2025-09-09 06:53:12,0,1,0.607
TCKT_026750,medium,standard,2025-07-07 23:53:33,0,0,0.256
TCKT_050074,low,gold,2023-09-08 03:43:51,0,1,0.625
TCKT_025394,urgent,standard,2025-10-15 20:19:20,0,0,0.312
TCKT_034244,high,standard,2022-03-04 23:06:05,0,0,0.234
TCKT_045976,low,standard,2025-07-07 17:06:07,0,0,0.21
TCKT_039523,medium,standard,2023-12-14 14:55:09,0,0,0.286
TCKT_060072,low,gold,2024-10-30 22:32:06,0,1,0.591
TCKT_026048,medium,standard,2022-10-09 10:27:49,0,0,0.278
TCKT_085383,medium,standard,2025-11-02 07:56:03,0,0,0.258
TCKT_026560,medium,standard,2024-08-29 20:25:08,1,0,0.254
TCKT_085745,medium,gold,2022-04-13 06:17:53,0,1,0.769
TCKT_084633,medium,standard,2023-11-13 12:49:14,0,0,0.241
TCKT_079293,high,standard,2024-02-03 08:58:47,0,0,0.274
TCKT_054171,medium,standard,2022-12-02 16:23:41,0,0,0.268
TCKT_059902,medium,standard,2022-12-26 23:06:57,0,0,0.319
TCKT_042173,low,standard,2023-08-28 23:20:17,0,0,0.222
TCKT_013197,low,standard,2022-09-24 11:01:40,1,0,0.229
TCKT_094715,low,gold,2024-09-18 09:46:59,1,1,0.654
TCKT_016395,low,standard,2025-03-29 10:23:17,0,0,0.233
TCKT_067048,medium,standard,2025-11-08 01:24:24,0,0,0.206
TCKT_015813,low,standard,2023-04-23 05:36:40,0,0,0.226
TCKT_017243,high,gold,2022-08-29 10:28:49,1,1,0.734
TCKT_097663,medium,platinum,2022-10-09 22:10:22,1,1,0.866
TCKT_075922,medium,platinum,2023-03-22 19:51:25,1,1,0.856
TCKT_067372,urgent,standard,2023-09-06 17:05:29,1,0,0.215
TCKT_025956,high,standard,2025-03-14 12:38:01,0,0,0.259
TCKT_009792,high,standard,2024-10-03 09:04:03,0,0,0.322
TCKT_023807,low,platinum,2025-08-04 01:58:51,1,1,0.894
TCKT_061383,low,standard,2025-03-16 13:11:31,0,0,0.284
TCKT_021604,high,gold,2023-06-20 18:51:01,1,1,0.677
TCKT_077428,low,gold,2022-10-05 09:32:09,1,1,0.619
TCKT_045397,medium,standard,2022-09-03 09:49:11,0,0,0.255
TCKT_060555,low,standard,2022-10-11 14:51:47,0,0,0.229
TCKT_075944,medium,gold,2022-07-08 22:03:42,1,1,0.766
TCKT_027741,medium,standard,2024-10-25 11:57:00,1,0,0.257
TCKT_090186,low,platinum,2024-08-22 07:00:09,0,1,0.842
TCKT_029894,medium,gold,2022-11-01 20:16:16,0,1,0.749
TCKT_074469,low,standard,2023-04-06 22:06:08,0,0,0.233
TCKT_059935,medium,standard,2023-10-02 05:24:25,0,0,0.269
TCKT_053441,medium,standard,2025-08-29 08:06:24,0,0,0.294
TCKT_042233,low,platinum,2025-03-18 08:01:22,1,1,0.848
TCKT_074333,urgent,gold,2022-07-25 12:57:30,0,1,0.749
TCKT_011625,low,gold,2023-03-11 08:03:13,0,1,0.62
TCKT_058998,high,gold,2022-09-22 18:23:38,1,1,0.75
TCKT_095814,medium,standard,2025-01-10 19:56:34,0,0,0.237
TCKT_034690,low,standard,2024-03-28 19:56:42,0,0,0.243
TCKT_006333,low,standard,2025-12-18 11:07:11,0,0,0.236
TCKT_035992,medium,platinum,2025-08-25 18:54:31,1,1,0.889
TCKT_022153,low,standard,2025-09-30 08:12:15,0,0,0.225
TCKT_054471,low,gold,2022-04-24 19:25:07,0,1,0.59
TCKT_086530,medium,standard,2022-09-30 11:55:15,0,0,0.263
TCKT_099888,medium,standard,2023-05-02 12:02:41,1,0,0.225
TCKT_099694,high,standard,2022-04-16 02:10:54,0,0,0.254
TCKT_086743,high,gold,2024-04-17 02:29:21,0,1,0.707
TCKT_049454,low,standard,2022-12-24 20:25:29,0,0,0.216
TCKT_048361,urgent,standard,2025-12-19 12:53:19,0,0,0.337
TCKT_013080,low,standard,2023-10-17 05:26:53,1,0,0.219
TCKT_035126,low,gold,2022-07-14 13:15:49,0,1,0.659
TCKT_065044,low,standard,2024-01-29 11:10:09,0,0,0.248
TCKT_075782,medium,standard,2025-05-26 16:27:52,0,0,0.264
TCKT_027444,low,standard,2025-10-23 08:49:28,0,0,0.205
TCKT_070371,low,standard,2024-10-26 14:12:47,0,0,0.225
TCKT_094879,high,standard,2024-11-05 07:37:05,0,0,0.267
TCKT_037424,low,standard,2022-03-03 05:48:25,0,0,0.217
TCKT_036859,high,standard,2023-04-20 00:23:41,0,0,0.266
TCKT_066764,low,platinum,2023-06-20 22:17:12,1,1,0.863
TCKT_058543,medium,standard,2023-10-08 14:41:50,0,0,0.282
TCKT_005978,medium,standard,2023-07-08 10:04:35,0,0,0.276
TCKT_026559,medium,standard,2024-07-06 03:49:41,0,0,0.195
TCKT_077010,medium,gold,2022-01-05 04:21:42,1,1,0.724
TCKT_068282,medium,gold,2022-05-10 11:14:49,1,1,0.764
TCKT_011608,medium,standard,2023-07-20 11:45:02,1,0,0.224
TCKT_087501,urgent,gold,2022-04-10 01:55:48,1,1,0.73
TCKT_016283,low,standard,2022-05-14 21:39:04,0,0,0.239
TCKT_031006,high,gold,2024-06-09 02:39:14,0,1,0.747
TCKT_039425,low,standard,2022-10-18 12:45:43,0,0,0.218
TCKT_011912,medium,gold,2022-02-28 18:52:41,1,1,0.753
TCKT_002357,medium,gold,2022-02-28 04:15:33,1,1,0.77
TCKT_068615,low,standard,2023-12-19 06:18:13,0,0,0.215
TCKT_014971,high,gold,2024-07-23 22:53:25,1,1,0.708
TCKT_080610,medium,standard,2025-11-28 12:32:22,0,0,0.28
TCKT_014369,low,gold,2023-12-06 08:25:21,0,1,0.615
TCKT_003337,high,gold,2022-04-13 19:19:52,0,1,0.724
TCKT_021470,medium,standard,2022-07-21 14:19:59,0,0,0.234
TCKT_065489,low,standard,2023-07-02 19:51:18,0,0,0.212
TCKT_054459,high,gold,2023-01-29 03:18:25,1,1,0.751
TCKT_077043,medium,gold,2022-08-03 23:25:10,0,1,0.68
TCKT_019896,medium,standard,2023-06-27 07:03:11,0,0,0.229
TCKT_002045,medium,standard,2023-09-14 15:51:15,0,0,0.261
TCKT_070658,low,standard,2024-05-29 23:49:27,0,0,0.23
TCKT_030676,medium,gold,2022-09-21 10:57:41,1,1,0.749
TCKT_084794,high,standard,2023-06-21 23:32:11,0,0,0.3
TCKT_012359,high,standard,2023-10-27 17:44:03,0,0,0.32
TCKT_097060,low,gold,2022-02-20 13:27:04,0,1,0.622
TCKT_052473,high,standard,2023-07-22 13:24:33,0,0,0.281
TCKT_047925,low,platinum,2025-04-19 07:58:24,1,1,0.858
TCKT_009591,high,standard,2023-12-09 08:48:15,0,0,0.308
TCKT_045734,medium,gold,2022-08-29 00:36:49,0,1,0.763
TCKT_003898,high,gold,2023-03-11 13:36:02,0,1,0.749
TCKT_083410,medium,standard,2024-04-17 09:45:39,0,0,0.251
TCKT_089623,high,standard,2023-07-23 06:40:29,0,0,0.247
TCKT_073842,low,gold,2022-11-01 17:10:13,0,1,0.638
TCKT_025915,medium,standard,2023-05-23 16:38:00,1,0,0.223
TCKT_097579,medium,standard,2025-01-22 14:28:12,0,0,0.204
TCKT_001046,medium,platinum,2023-08-29 17:46:46,1,1,0.886
TCKT_023830,medium,standard,2023-05-11 07:50:19,0,0,0.258
TCKT_016623,medium,gold,2024-09-02 21:46:33,1,1,0.766
TCKT_057720,low,gold,2022-09-17 15:12:22,0,1,0.612
TCKT_085714,medium,standard,2023-03-04 17:17:36,0,0,0.269
TCKT_041896,high,standard,2022-01-04 04:10:23,0,0,0.295
TCKT_041003,medium,standard,2025-05-10 16:56:32,0,0,0.279
TCKT_020123,high,gold,2022-10-04 10:05:43,0,1,0.732
TCKT_044469,low,gold,2023-02-08 09:14:18,1,1,0.635
TCKT_015659,medium,standard,2023-04-30 07:18:47,0,0,0.253
TCKT_010582,medium,gold,2022-03-11 14:12:52,1,1,0.751
TCKT_050879,medium,gold,2024-12-23 03:01:28,1,1,0.788
TCKT_099730,medium,gold,2022-01-24 22:15:13,0,1,0.745
TCKT_031850,low,standard,2022-03-21 07:55:33,0,0,0.263
TCKT_061099,medium,standard,2023-12-04 11:53:33,0,0,0.253
TCKT_046913,low,gold,2023-07-17 06:53:21,1,1,0.615
TCKT_045783,high,gold,2024-10-27 03:38:48,1,1,0.736
TCKT_004048,medium,gold,2022-04-25 23:22:29,0,1,0.729
TCKT_021178,low,standard,2025-03-10 04:38:40,0,0,0.217
TCKT_075846,medium,platinum,2023-12-27 08:58:40,1,1,0.88
TCKT_002446,medium,platinum,2024-07-24 09:39:11,1,1,0.849
TCKT_094955,low,platinum,2025-12-27 10:28:22,0,1,0.858
TCKT_040482,medium,gold,2025-10-27 22:06:33,1,1,0.729
TCKT_057412,medium,standard,2024-04-03 07:01:31,0,0,0.187
TCKT_064464,low,gold,2023-01-21 19:52:37,0,1,0.587
TCKT_086543,low,standard,2022-05-01 03:27:08,0,0,0.239
TCKT_047492,medium,standard,2022-05-07 10:42:22,0,0,0.261
TCKT_045887,low,standard,2025-11-27 20:33:43,0,0,0.235
TCKT_023897,low,standard,2023-05-04 14:01:54,0,0,0.258
TCKT_081119,low,standard,2025-04-20 15:45:24,0,0,0.224
TCKT_057266,medium,platinum,2022-10-14 18:14:46,1,1,0.912
TCKT_082390,high,standard,2025-10-16 14:57:09,0,0,0.284
TCKT_071382,medium,standard,2025-06-26 07:47:10,0,0,0.247
TCKT_041798,medium,gold,2023-11-19 15:34:09,1,1,0.735
TCKT_087693,low,gold,2022-01-03 13:53:46,0,1,0.634
TCKT_042520,medium,standard,2025-07-05 17:36:08,0,0,0.221
TCKT_025020,low,standard,2022-04-08 00:00:29,1,0,0.211
TCKT_077496,medium,gold,2022-04-07 22:33:34,1,1,0.747
TCKT_069442,low,standard,2025-05-09 08:35:52,0,0,0.222
TCKT_093867,low,gold,2024-07-30 15:30:54,0,1,0.624
TCKT_032073,high,standard,2024-11-28 13:23:07,0,0,0.281
TCKT_079144,medium,standard,2023-05-18 01:21:40,0,0,0.236
TCKT_060175,medium,standard,2024-03-12 21:34:31,0,0,0.227
TCKT_033526,low,standard,2023-04-01 12:31:48,0,0,0.234
TCKT_034620,medium,standard,2022-05-24 18:07:11,0,0,0.196
TCKT_037526,high,standard,2023-10-17 11:33:18,0,0,0.267
TCKT_015988,low,standard,2023-08-12 21:08:14,0,0,0.233
TCKT_060130,low,standard,2024-08-28 08:31:11,0,0,0.218
TCKT_043814,low,standard,2024-04-12 07:19:21,0,0,0.189
TCKT_038682,low,standard,2022-05-13 05:04:11,1,0,0.224
TCKT_082922,high,standard,2024-03-18 14:12:36,0,0,0.263
TCKT_013139,high,standard,2022-02-07 20:37:56,1,0,0.281
TCKT_039764,medium,platinum,2024-10-09 17:41:16,1,1,0.872
TCKT_039457,high,standard,2024-09-07 06:17:37,0,0,0.3
TCKT_081822,medium,standard,2024-06-11 10:11:16,0,0,0.209
TCKT_093342,low,platinum,2025-01-21 05:05:13,1,1,0.871
TCKT_056515,low,gold,2022-03-08 16:56:58,0,1,0.603
TCKT_068735,high,standard,2022-07-12 20:40:25,0,0,0.253
TCKT_068234,high,gold,2023-11-28 11:32:30,1,1,0.765
TCKT_068654,urgent,platinum,2024-05-04 16:23:49,0,1,0.859
TCKT_064173,high,standard,2025-08-21 15:55:59,0,0,0.251
TCKT_023890,high,gold,2024-09-19 05:17:55,1,1,0.728
TCKT_051819,low,standard,2025-01-25 11:26:42,0,0,0.209
TCKT_099892,low,gold,2024-12-09 18:12:43,1,1,0.629
TCKT_095285,low,standard,2023-07-06 17:00:21,0,0,0.269
TCKT_051909,urgent,standard,2023-01-01 08:50:08,0,0,0.293
TCKT_088422,medium,gold,2022-04-13 22:05:00,1,1,0.768
TCKT_019334,low,standard,2022-12-29 01:36:05,0,0,0.259
TCKT_020120,medium,standard,2023-02-27 14:52:05,0,0,0.255
TCKT_002226,low,standard,2022-03-20 01:20:08,0,0,0.203
TCKT_003104,medium,standard,2025-02-04 11:32:57,0,0,0.226
TCKT_069138,medium,gold,2023-07-25 15:35:36,1,1,0.752
TCKT_046178,high,standard,2022-07-17 20:54:30,0,0,0.279
TCKT_052076,high,standard,2024-01-02 03:03:54,0,0,0.258
TCKT_019692,low,standard,2025-05-13 21:48:41,0,0,0.225
TCKT_057637,high,standard,2025-03-22 15:04:57,0,0,0.255
TCKT_007453,high,standard,2025-09-02 15:43:47,0,0,0.258
TCKT_071726,medium,platinum,2023-01-08 04:26:13,0,1,0.918
TCKT_061276,low,standard,2024-12-08 08:34:24,1,0,0.244
TCKT_038269,medium,gold,2022-02-11 18:27:42,1,1,0.788
TCKT_099881,low,standard,2024-05-06 22:02:35,0,0,0.268
TCKT_094468,medium,gold,2025-02-18 18:41:49,0,1,0.78
TCKT_050863,low,standard,2025-03-03 01:08:52,0,0,0.207
TCKT_031404,low,standard,2022-10-14 04:39:50,1,0,0.238
TCKT_075034,medium,standard,2024-02-17 17:56:57,0,0,0.225
TCKT_011201,high,standard,2022-04-01 18:34:09,0,0,0.267
TCKT_013697,low,standard,2022-01-19 21:36:51,0,0,0.244
TCKT_086698,low,standard,2024-09-23 01:39:21,0,0,0.219
TCKT_035726,low,standard,2025-06-26 07:35:12,0,0,0.248
TCKT_016660,low,standard,2025-06-25 07:02:24,0,0,0.215
TCKT_038693,low,gold,2023-07-09 19:12:10,1,1,0.655
TCKT_091947,medium,platinum,2024-04-03 04:59:16,1,1,0.881
TCKT_046488,medium,gold,2022-07-12 20:24:31,0,1,0.772
TCKT_095910,low,standard,2024-06-27 19:26:04,0,0,0.188
TCKT_069916,low,standard,2024-08-25 23:06:23,0,0,0.255
TCKT_062295,low,platinum,2022-12-06 13:12:43,1,1,0.868
TCKT_078572,high,standard,2025-08-11 16:26:30,0,0,0.334
TCKT_060199,low,gold,2025-12-02 08:28:16,0,1,0.599
TCKT_041165,urgent,platinum,2024-10-22 13:11:31,1,1,0.787
TCKT_081188,high,gold,2025-09-11 13:21:16,0,1,0.743
TCKT_095186,urgent,standard,2025-11-14 19:50:32,1,0,0.284
TCKT_081555,high,standard,2023-11-28 16:53:47,0,0,0.264
TCKT_050218,medium,standard,2023-08-12 12:07:04,1,0,0.253
TCKT_065496,high,gold,2023-01-14 09:43:34,0,1,0.742
TCKT_065414,urgent,standard,2024-01-31 22:29:06,0,0,0.302
TCKT_006909,medium,platinum,2022-03-03 04:10:23,1,1,0.925
TCKT_056595,low,standard,2022-10-01 13:31:26,0,0,0.223
TCKT_098745,medium,standard,2023-08-11 07:15:03,0,0,0.235
TCKT_054128,low,platinum,2025-04-01 11:34:15,1,1,0.857
TCKT_009824,low,standard,2023-01-26 07:41:14,0,0,0.247
TCKT_011902,medium,platinum,2025-07-08 02:45:03,1,1,0.9
TCKT_037258,low,standard,2022-07-24 13:35:13,1,0,0.215
TCKT_028827,medium,standard,2023-02-23 10:37:18,0,0,0.222
TCKT_044627,high,standard,2025-04-14 14:11:33,0,0,0.276
TCKT_075646,low,standard,2024-01-16 21:31:41,0,0,0.251
TCKT_024508,high,gold,2025-01-29 23:14:02,1,1,0.703
TCKT_047987,high,standard,2023-03-11 02:46:29,0,0,0.272
TCKT_040982,medium,standard,2025-10-14 17:47:17,1,0,0.245
TCKT_046532,low,platinum,2023-04-23 20:27:53,1,1,0.882
TCKT_021720,high,standard,2022-04-04 23:03:48,0,0,0.314
TCKT_064769,medium,standard,2023-03-19 06:19:43,0,0,0.231
TCKT_028422,medium,gold,2022-02-06 17:25:21,1,1,0.762
TCKT_066861,low,standard,2022-02-18 17:42:25,0,0,0.163
TCKT_019981,high,gold,2024-02-02 18:45:24,1,1,0.709
TCKT_021705,low,gold,2025-04-26 09:42:53,0,1,0.599
TCKT_061960,medium,standard,2025-03-31 06:48:58,0,0,0.248
TCKT_051711,urgent,gold,2023-03-25 06:16:33,0,1,0.72
TCKT_028523,medium,gold,2023-04-26 15:10:34,1,1,0.76
TCKT_070216,low,gold,2025-09-08 21:32:46,0,1,0.606
TCKT_093139,medium,gold,2024-01-11 03:54:54,0,1,0.768
TCKT_000252,low,platinum,2023-02-11 07:04:12,1,1,0.876
TCKT_069844,high,gold,2022-01-28 20:47:06,1,1,0.701
TCKT_043512,medium,standard,2022-12-14 02:07:56,1,0,0.222
TCKT_035859,low,standard,2022-08-28 16:59:14,0,0,0.228
TCKT_057327,low,standard,2022-09-29 18:20:54,1,0,0.25
TCKT_015848,low,standard,2023-02-07 21:52:17,0,0,0.209
TCKT_054192,low,standard,2023-11-20 13:44:27,0,0,0.27
TCKT_092769,high,standard,2023-07-15 06:47:35,0,0,0.269
TCKT_034569,low,gold,2022-11-27 20:08:05,1,1,0.609
TCKT_072022,low,standard,2024-04-06 10:43:25,0,0,0.245
TCKT_063531,medium,standard,2024-08-29 18:31:12,1,0,0.226
TCKT_000901,medium,gold,2023-12-30 01:41:07,0,1,0.779
TCKT_050051,low,standard,2024-02-02 01:30:12,0,0,0.203
TCKT_090046,low,standard,2023-08-30 02:45:48,0,0,0.193
TCKT_056216,high,standard,2025-09-05 04:26:37,0,0,0.262
TCKT_066314,medium,standard,2022-11-05 10:05:28,0,0,0.254
TCKT_000546,low,standard,2024-07-02 19:04:05,0,0,0.225
TCKT_015055,low,standard,2024-01-31 06:29:25,0,0,0.221
TCKT_098677,low,standard,2023-03-06 08:26:47,1,0,0.214
TCKT_046074,high,gold,2024-07-25 06:32:22,0,1,0.7
TCKT_018507,medium,gold,2024-04-10 04:46:19,0,1,0.764
TCKT_000299,medium,standard,2025-04-25 18:48:17,0,0,0.255
TCKT_053138,low,standard,2025-11-01 03:26:38,0,0,0.225
TCKT_013917,urgent,standard,2025-10-29 20:42:25,0,0,0.201
TCKT_070655,medium,standard,2024-06-27 14:53:38,0,0,0.243
TCKT_043126,low,gold,2022-10-14 14:23:48,0,1,0.65
TCKT_054206,low,gold,2024-08-29 17:52:03,0,1,0.661
TCKT_040706,low,gold,2025-07-30 15:53:49,0,1,0.607
TCKT_000768,low,standard,2025-02-23 12:29:55,0,0,0.245
TCKT_011817,high,standard,2023-09-15 17:23:55,0,0,0.282
TCKT_083305,medium,standard,2022-04-23 16:58:39,0,0,0.216
TCKT_078423,medium,standard,2022-02-16 17:20:55,0,0,0.208
TCKT_069682,low,platinum,2024-07-03 15:09:26,1,1,0.843
TCKT_096122,low,standard,2024-09-25 00:20:17,0,0,0.276
TCKT_007612,medium,platinum,2024-05-04 06:10:59,1,1,0.882
TCKT_071980,low,standard,2022-01-30 12:44:53,1,0,0.253
TCKT_088871,high,standard,2025-05-02 15:10:32,0,0,0.252
TCKT_006823,medium,standard,2024-01-09 03:07:04,0,0,0.207
TCKT_075177,low,platinum,2023-02-07 12:15:41,0,1,0.881
TCKT_030390,low,gold,2022-05-14 11:18:49,1,1,0.62
TCKT_042117,medium,standard,2023-09-19 13:15:38,0,0,0.234
TCKT_056276,high,gold,2024-07-26 20:48:45,0,1,0.743
TCKT_041361,high,standard,2023-04-08 09:56:27,0,0,0.294
TCKT_077344,low,standard,2025-01-26 06:59:50,0,0,0.229
TCKT_019546,medium,platinum,2023-06-19 00:33:43,1,1,0.856
TCKT_058115,high,platinum,2022-10-24 03:53:08,1,1,0.889
TCKT_027122,high,standard,2025-01-14 14:47:40,0,0,0.301
TCKT_043625,high,platinum,2022-05-06 13:36:07,0,1,0.913
TCKT_041363,medium,standard,2022-11-07 11:56:51,0,0,0.277
TCKT_013337,low,standard,2025-09-08 01:47:08,0,0,0.2
TCKT_049422,medium,gold,2025-03-20 09:34:15,0,1,0.75
TCKT_042781,low,standard,2023-05-12 03:24:18,0,0,0.23
TCKT_071644,low,gold,2025-09-28 22:43:58,1,1,0.59
TCKT_032547,low,standard,2025-12-06 12:59:30,0,0,0.206
TCKT_071870,low,gold,2023-04-29 21:38:22,1,1,0.665
TCKT_090004,low,gold,2022-04-09 04:50:46,0,1,0.641
TCKT_059022,low,standard,2025-06-22 03:58:37,0,0,0.229
TCKT_047115,medium,gold,2025-05-03 08:33:45,1,1,0.787
TCKT_022630,high,standard,2025-09-15 22:35:24,1,0,0.287
TCKT_094630,high,standard,2025-09-14 20:27:49,0,0,0.27
TCKT_005972,medium,standard,2023-10-19 18:33:09,1,0,0.259
TCKT_067279,low,gold,2023-03-28 11:10:05,1,1,0.564
TCKT_038891,low,standard,2024-02-07 15:24:47,0,0,0.212
TCKT_086399,low,standard,2024-03-04 08:03:28,0,0,0.226
TCKT_017763,urgent,gold,2024-08-14 07:45:28,0,1,0.736
TCKT_003327,medium,standard,2022-02-21 10:27:43,1,0,0.253
TCKT_076281,low,gold,2024-11-08 14:28:36,0,1,0.606
TCKT_058907,low,standard,2023-12-10 21:31:41,0,0,0.258
TCKT_013826,low,standard,2022-07-31 13:35:52,0,0,0.233
TCKT_059031,high,platinum,2024-07-31 15:39:01,1,1,0.835
TCKT_053115,medium,standard,2025-11-27 19:33:52,0,0,0.231
TCKT_002584,low,standard,2022-10-03 17:13:57,1,0,0.22
TCKT_048538,medium,standard,2025-01-27 20:12:18,0,0,0.287
TCKT_088877,high,gold,2025-12-28 01:05:53,1,1,0.684
TCKT_016173,high,standard,2024-02-12 20:04:45,0,0,0.28
TCKT_098625,urgent,platinum,2022-04-18 07:59:50,1,1,0.85
TCKT_034479,medium,standard,2024-04-26 06:53:12,0,0,0.272
TCKT_058426,medium,standard,2025-08-11 02:48:14,0,0,0.219
TCKT_014742,low,standard,2024-06-23 10:51:09,0,0,0.212
TCKT_095933,low,gold,2024-10-14 03:10:19,1,1,0.572
TCKT_095696,high,standard,2024-05-20 00:51:19,0,0,0.275
TCKT_006889,low,standard,2025-11-16 16:10:02,0,0,0.249
TCKT_024198,medium,gold,2022-11-18 12:18:44,1,1,0.765
TCKT_046610,urgent,platinum,2023-05-22 02:18:37,1,1,0.86
TCKT_037217,low,standard,2024-02-04 18:43:37,1,0,0.244
TCKT_044259,low,gold,2022-12-16 00:36:16,1,1,0.642
TCKT_071845,high,standard,2024-07-15 13:02:43,0,0,0.24
TCKT_023397,high,standard,2025-11-08 02:37:08,1,0,0.258
TCKT_064428,high,standard,2025-04-16 20:46:32,0,0,0.267
TCKT_029293,high,standard,2022-11-28 21:12:31,0,0,0.284
TCKT_041513,low,standard,2025-07-18 12:21:50,0,0,0.229
TCKT_093358,low,standard,2025-02-03 14:11:29,1,0,0.218
TCKT_078963,medium,standard,2023-03-23 15:51:56,0,0,0.225
TCKT_094849,medium,standard,2023-10-02 12:42:23,1,0,0.248
TCKT_031733,medium,standard,2023-10-13 12:33:34,1,0,0.236
TCKT_018048,medium,standard,2022-03-16 06:21:34,0,0,0.242
TCKT_046521,medium,standard,2025-04-26 02:09:21,0,0,0.238
TCKT_000800,medium,gold,2022-01-26 15:16:19,0,1,0.736
TCKT_079718,low,standard,2024-05-14 03:16:30,0,0,0.246
TCKT_058687,low,gold,2023-06-30 09:37:10,1,1,0.677
TCKT_055969,high,platinum,2024-10-04 07:00:16,1,1,0.883
TCKT_041167,low,gold,2023-09-15 18:05:16,0,1,0.584
TCKT_000904,low,gold,2023-09-02 16:42:46,1,1,0.611
TCKT_051835,high,platinum,2025-12-17 10:35:01,1,1,0.849
TCKT_097202,medium,platinum,2024-08-16 16:57:09,1,1,0.906
TCKT_079954,medium,gold,2024-05-30 15:17:47,0,1,0.729
TCKT_052366,medium,gold,2022-02-10 13:42:19,1,1,0.76
TCKT_058339,medium,standard,2023-03-24 02:46:40,0,0,0.197
TCKT_085964,high,standard,2025-09-19 16:43:15,0,0,0.263
TCKT_085404,low,standard,2025-04-10 02:48:00,0,0,0.21
TCKT_079913,low,standard,2023-08-24 22:39:59,0,0,0.224
TCKT_049629,low,standard,2022-03-18 01:19:37,0,0,0.165
TCKT_053347,low,gold,2023-10-28 20:14:07,0,1,0.649
TCKT_088231,low,standard,2023-02-01 11:14:09,1,0,0.213
TCKT_016847,medium,standard,2025-01-06 23:48:24,0,0,0.254
TCKT_062193,low,standard,2022-08-25 03:38:59,0,0,0.205
TCKT_073914,medium,standard,2023-07-16 07:54:30,0,0,0.242
TCKT_086372,medium,standard,2023-07-22 21:28:41,0,0,0.281
TCKT_042920,high,gold,2022-04-03 18:18:24,1,1,0.764
TCKT_016262,medium,gold,2022-05-11 17:49:05,1,1,0.743
TCKT_026139,low,gold,2025-06-30 07:44:34,1,1,0.643
TCKT_053778,medium,standard,2022-11-24 11:39:49,1,0,0.214
TCKT_019132,medium,platinum,2025-01-25 07:25:43,1,1,0.885
TCKT_098879,low,standard,2023-02-15 07:49:39,0,0,0.222
TCKT_021263,urgent,standard,2024-08-10 10:35:23,0,0,0.266
TCKT_086987,medium,standard,2022-12-11 22:35:30,0,0,0.289
TCKT_066597,low,standard,2022-07-31 02:17:15,1,0,0.221
TCKT_051864,low,gold,2023-12-18 22:35:04,1,1,0.568
TCKT_031072,low,standard,2022-09-27 02:05:17,0,0,0.232
TCKT_097307,medium,gold,2022-07-26 01:09:27,1,1,0.783
TCKT_054231,low,standard,2023-08-10 12:57:32,0,0,0.236
TCKT_026583,medium,standard,2024-04-20 20:09:49,0,0,0.236
TCKT_040955,low,gold,2023-05-14 16:57:04,0,1,0.629
TCKT_025837,high,standard,2025-05-01 00:03:48,0,0,0.282
TCKT_072788,medium,standard,2025-10-31 16:33:31,0,0,0.233
TCKT_054442,low,standard,2025-04-08 03:34:15,0,0,0.234
TCKT_095682,medium,standard,2023-08-28 19:15:24,0,0,0.235
TCKT_029834,low,standard,2022-05-23 11:41:56,0,0,0.234
TCKT_091762,high,standard,2023-09-10 12:49:18,0,0,0.274
TCKT_073928,medium,gold,2022-10-22 10:58:26,1,1,0.754
TCKT_001389,urgent,standard,2025-06-14 13:23:08,0,0,0.285
TCKT_077317,medium,gold,2025-12-27 01:28:10,1,1,0.768
TCKT_064995,low,gold,2025-04-26 19:59:08,1,1,0.591
TCKT_093065,high,standard,2025-01-10 21:50:19,0,0,0.259
TCKT_021216,low,gold,2025-01-26 12:01:51,1,1,0.628
TCKT_020692,high,standard,2022-07-30 08:37:19,0,0,0.221
TCKT_079406,low,standard,2024-05-17 17:34:08,1,0,0.231
TCKT_072186,high,standard,2024-08-26 20:05:48,1,0,0.286
TCKT_024332,low,standard,2022-04-03 10:00:17,0,0,0.256
TCKT_079887,high,gold,2022-11-27 03:58:46,1,1,0.756
TCKT_085716,medium,standard,2023-01-27 09:52:01,0,0,0.279
TCKT_070935,low,standard,2024-03-19 18:50:40,0,0,0.229
TCKT_083554,urgent,standard,2022-05-08 22:35:56,0,0,0.344
TCKT_037037,low,gold,2022-05-10 12:59:11,1,1,0.618
TCKT_033309,medium,standard,2024-01-17 09:22:25,0,0,0.283
TCKT_093005,high,standard,2025-02-17 06:41:37,0,0,0.284
TCKT_033838,low,standard,2024-10-11 13:29:05,0,0,0.208
TCKT_092216,high,standard,2023-06-27 11:31:54,0,0,0.274
TCKT_045602,low,standard,2025-08-11 06:43:57,0,0,0.2
TCKT_063294,high,gold,2024-07-11 03:54:47,1,1,0.714
TCKT_045739,low,gold,2024-10-12 08:40:07,0,1,0.633
TCKT_086823,medium,gold,2024-06-22 06:25:19,1,1,0.767
TCKT_013071,low,standard,2025-11-24 01:47:03,0,0,0.202
TCKT_069819,high,standard,2023-10-12 20:39:20,0,0,0.242
TCKT_030435,low,standard,2024-08-17 03:53:10,0,0,0.24
TCKT_021429,medium,standard,2025-12-26 07:19:25,0,0,0.263
TCKT_038929,medium,gold,2023-02-09 20:38:14,0,1,0.797
TCKT_066309,high,standard,2024-02-19 11:14:42,0,0,0.276
TCKT_025961,low,gold,2025-08-14 03:09:45,0,1,0.609
TCKT_016306,medium,standard,2025-08-14 14:22:56,0,0,0.289
TCKT_049286,medium,standard,2022-03-30 13:59:33,0,0,0.276
TCKT_071922,urgent,standard,2023-10-12 12:26:24,0,0,0.343
TCKT_015654,low,standard,2025-01-09 14:09:15,0,0,0.213
TCKT_099639,high,gold,2024-07-23 06:21:25,1,1,0.72
TCKT_064087,low,standard,2023-05-06 16:45:45,0,0,0.246
TCKT_007781,low,standard,2024-09-21 01:18:20,0,0,0.195
TCKT_062208,urgent,gold,2023-01-20 17:05:27,1,1,0.748
TCKT_054293,high,gold,2023-02-11 06:52:00,0,1,0.741
TCKT_088989,low,standard,2023-04-02 03:31:49,0,0,0.217
TCKT_013660,low,gold,2022-07-12 08:09:11,0,1,0.653
TCKT_089547,urgent,standard,2024-03-10 04:21:37,0,0,0.297
TCKT_034634,medium,standard,2022-03-19 04:32:20,0,0,0.226
TCKT_041765,low,standard,2024-03-16 07:54:27,0,0,0.22
TCKT_082315,medium,standard,2025-08-16 10:00:28,0,0,0.232
TCKT_023928,high,standard,2023-01-01 23:35:08,0,0,0.242
TCKT_073423,low,standard,2023-05-08 00:31:50,0,0,0.213
TCKT_073092,medium,gold,2022-08-17 01:56:49,1,1,0.748
TCKT_007199,low,standard,2023-02-05 02:39:32,0,0,0.219
TCKT_073827,low,standard,2024-05-25 23:19:29,0,0,0.247
TCKT_087367,high,standard,2022-11-24 17:12:27,0,0,0.278
TCKT_012526,low,gold,2022-02-12 05:17:50,1,1,0.623
TCKT_046616,low,standard,2022-11-25 23:00:33,1,0,0.211
TCKT_021851,high,gold,2025-09-01 19:37:14,1,1,0.765
TCKT_088715,high,standard,2023-03-04 08:23:30,0,0,0.25
TCKT_033376,medium,standard,2022-08-19 09:53:03,0,0,0.243
TCKT_045423,high,platinum,2025-07-30 00:17:56,0,1,0.812
TCKT_073430,medium,gold,2023-03-12 11:51:32,0,1,0.775
TCKT_056038,medium,standard,2023-11-09 21:12:05,0,0,0.239
TCKT_043719,medium,standard,2025-02-20 08:10:19,0,0,0.219
TCKT_040491,high,standard,2022-08-03 17:07:05,0,0,0.312
TCKT_000200,high,standard,2022-10-05 04:14:13,0,0,0.29
TCKT_035355,low,gold,2023-01-03 16:40:52,1,1,0.607
TCKT_051220,high,gold,2023-04-25 00:34:38,1,1,0.685
TCKT_007881,medium,platinum,2022-07-11 17:02:05,1,1,0.858
TCKT_026672,low,gold,2023-12-06 09:02:32,0,1,0.603
TCKT_012008,medium,standard,2024-08-22 16:59:29,0,0,0.241
TCKT_083042,medium,standard,2024-04-03 19:08:06,0,0,0.193
TCKT_061605,low,gold,2024-09-17 01:34:22,1,1,0.598
TCKT_097634,low,standard,2023-01-12 02:55:40,0,0,0.207
TCKT_044294,urgent,standard,2023-12-14 14:30:26,0,0,0.214
TCKT_093471,medium,standard,2024-05-13 03:14:18,0,0,0.225
TCKT_005048,high,gold,2023-07-04 03:08:24,1,1,0.724
TCKT_041053,high,platinum,2024-05-04 23:52:10,0,1,0.874
TCKT_039712,high,gold,2023-07-27 07:05:42,1,1,0.732
TCKT_027472,high,gold,2024-06-05 04:06:38,1,1,0.711
TCKT_013785,medium,standard,2022-10-21 02:54:09,0,0,0.235
TCKT_019812,medium,gold,2022-05-16 12:23:35,1,1,0.793
TCKT_018664,high,platinum,2023-12-04 17:56:29,1,1,0.866
TCKT_058508,low,standard,2023-06-15 18:30:06,0,0,0.227
TCKT_055155,urgent,standard,2022-03-21 02:55:14,0,0,0.268
TCKT_096413,low,standard,2025-03-27 18:28:47,0,0,0.215
TCKT_041356,medium,gold,2024-10-02 15:02:01,0,1,0.776
TCKT_036429,medium,gold,2023-08-17 22:31:01,1,1,0.77
TCKT_062159,medium,gold,2025-01-28 03:30:29,1,1,0.763
TCKT_034664,urgent,standard,2025-08-11 01:44:43,0,0,0.26
TCKT_077503,high,standard,2022-10-11 10:46:31,1,0,0.294
TCKT_050022,low,standard,2025-05-09 02:38:41,0,0,0.2
TCKT_094796,low,standard,2024-04-01 03:31:24,0,0,0.201
TCKT_078693,high,standard,2024-08-20 04:43:32,0,0,0.276
TCKT_025842,low,standard,2025-10-01 11:27:21,0,0,0.261
TCKT_009876,high,standard,2024-03-12 04:58:55,0,0,0.296
TCKT_036455,low,gold,2023-09-30 20:21:27,0,1,0.611
TCKT_092745,low,standard,2024-04-28 07:28:00,0,0,0.221
TCKT_025082,high,standard,2023-12-25 22:33:51,0,0,0.243
TCKT_006864,medium,gold,2022-07-28 12:07:20,1,1,0.765
TCKT_024227,medium,gold,2025-01-30 01:10:55,1,1,0.727
TCKT_033522,high,standard,2022-08-30 02:23:29,0,0,0.237
TCKT_033097,medium,gold,2022-04-05 01:07:49,1,1,0.769
TCKT_093062,high,gold,2024-07-23 03:02:56,1,1,0.724
TCKT_055022,low,standard,2025-07-11 18:30:47,0,0,0.206
TCKT_099516,low,gold,2024-05-13 15:52:23,0,1,0.602
TCKT_099569,low,gold,2022-06-11 07:28:34,0,1,0.596
TCKT_093261,urgent,gold,2025-01-15 13:32:48,1,1,0.743
TCKT_093842,medium,gold,2025-10-30 14:32:30,0,1,0.778
TCKT_044764,high,standard,2022-02-27 02:43:42,0,0,0.226
TCKT_000485,low,standard,2022-11-27 18:00:55,0,0,0.228
TCKT_051446,medium,standard,2024-12-10 01:30:53,0,0,0.253
TCKT_080056,medium,standard,2024-08-25 12:14:21,0,0,0.225
TCKT_016105,high,standard,2023-01-05 15:04:52,0,0,0.262
TCKT_037880,medium,standard,2022-08-26 19:44:58,1,0,0.324
TCKT_040253,low,gold,2023-09-05 21:57:33,0,1,0.623
TCKT_064496,high,gold,2025-07-04 02:46:37,1,1,0.776
TCKT_061779,medium,platinum,2022-12-17 09:00:11,0,1,0.923
TCKT_075169,low,standard,2025-03-30 01:20:41,0,0,0.202
TCKT_042750,high,gold,2023-10-14 06:14:56,0,1,0.751
TCKT_058764,high,gold,2022-08-24 14:41:49,1,1,0.751
TCKT_067530,high,platinum,2025-01-05 13:55:12,1,1,0.873
TCKT_089121,low,standard,2025-02-19 15:19:51,0,0,0.207
TCKT_094731,medium,standard,2023-04-01 17:10:45,0,0,0.204
TCKT_081416,high,gold,2025-07-21 06:37:23,0,1,0.751
TCKT_020245,high,platinum,2022-06-11 19:22:28,1,1,0.893
TCKT_015623,medium,standard,2025-10-18 21:23:11,0,0,0.224
TCKT_050953,medium,standard,2022-02-04 16:29:12,0,0,0.249
TCKT_002221,low,gold,2024-04-01 08:23:11,0,1,0.602
TCKT_081488,high,gold,2023-03-09 10:13:18,0,1,0.742
TCKT_025021,low,standard,2023-07-27 04:51:25,0,0,0.232
TCKT_086097,medium,standard,2024-08-03 01:46:23,0,0,0.214
TCKT_090679,high,gold,2022-09-21 11:28:52,1,1,0.717
TCKT_097830,low,gold,2025-05-08 16:46:40,1,1,0.622
TCKT_018547,high,standard,2024-04-11 09:40:26,0,0,0.269
TCKT_021564,medium,standard,2023-08-11 08:07:52,0,0,0.248
TCKT_095065,low,gold,2023-09-28 13:13:55,1,1,0.626
TCKT_084849,medium,gold,2023-02-20 07:08:55,1,1,0.771
TCKT_056861,low,standard,2024-12-28 20:21:48,0,0,0.261
TCKT_085525,high,standard,2023-09-21 11:15:13,1,0,0.314
TCKT_096208,medium,gold,2024-03-20 10:47:08,1,1,0.782
TCKT_017362,medium,standard,2022-01-27 03:26:07,0,0,0.236
TCKT_015928,medium,standard,2022-08-20 14:22:10,0,0,0.227
TCKT_050057,medium,standard,2023-09-21 23:43:33,0,0,0.238
TCKT_080259,low,gold,2024-08-09 23:08:50,0,1,0.622
TCKT_098268,medium,standard,2024-02-26 13:46:51,0,0,0.243
TCKT_077837,medium,gold,2023-01-26 08:10:09,1,1,0.785
TCKT_014239,low,gold,2023-03-18 01:22:34,1,1,0.637
TCKT_086954,low,standard,2025-03-14 05:11:49,0,0,0.222
TCKT_044806,high,standard,2024-09-03 11:12:48,0,0,0.266
TCKT_041317,high,standard,2025-05-22 00:30:31,0,0,0.349
TCKT_002028,low,standard,2025-07-02 13:33:54,0,0,0.243
TCKT_011757,low,standard,2024-08-22 05:07:46,0,0,0.248
TCKT_018317,low,standard,2024-06-13 07:38:31,0,0,0.221
TCKT_055733,medium,standard,2025-10-22 23:00:36,0,0,0.239
TCKT_060060,high,standard,2024-01-22 16:17:36,0,0,0.264
TCKT_034844,high,platinum,2025-06-23 14:37:57,1,1,0.842
TCKT_058899,low,standard,2025-06-08 00:04:33,0,0,0.242
TCKT_053507,high,standard,2022-01-02 23:52:05,1,0,0.297
TCKT_028456,low,standard,2024-03-08 23:39:12,0,0,0.224
TCKT_098700,medium,standard,2023-08-05 03:26:15,0,0,0.231
TCKT_052412,high,standard,2023-02-20 18:29:10,0,0,0.26
TCKT_020810,urgent,standard,2024-05-01 12:24:36,0,0,0.284
TCKT_007662,medium,standard,2024-11-20 10:39:10,1,0,0.242
TCKT_050765,medium,platinum,2023-12-19 10:52:07,1,1,0.902
TCKT_029139,medium,gold,2025-03-02 10:51:00,1,1,0.731
TCKT_007133,high,standard,2023-06-30 12:41:02,1,0,0.253
TCKT_030636,medium,standard,2022-05-16 15:11:46,0,0,0.29
TCKT_053710,low,standard,2024-07-01 16:01:47,1,0,0.231
TCKT_019440,medium,standard,2023-04-09 02:31:20,0,0,0.215
TCKT_087459,medium,standard,2023-10-15 01:59:45,0,0,0.264
TCKT_043427,medium,gold,2023-10-28 09:57:58,1,1,0.757
TCKT_096138,high,gold,2023-10-07 19:04:40,0,1,0.759
TCKT_076343,urgent,gold,2023-08-06 08:57:55,0,1,0.73
TCKT_006256,low,standard,2023-04-12 14:28:52,0,0,0.25
TCKT_003428,medium,standard,2022-02-17 10:21:44,0,0,0.261
TCKT_043599,low,platinum,2025-12-19 11:44:12,0,1,0.89
TCKT_011148,medium,standard,2025-10-04 22:46:58,0,0,0.315
TCKT_021174,medium,standard,2023-01-17 20:21:39,0,0,0.213
TCKT_005291,medium,standard,2022-06-01 02:49:17,0,0,0.257
TCKT_095332,medium,gold,2025-06-25 17:40:56,0,1,0.768
TCKT_023161,low,standard,2022-04-24 10:11:47,0,0,0.232
TCKT_065503,medium,gold,2025-07-14 18:27:07,0,1,0.774
TCKT_081350,high,gold,2025-07-14 14:20:52,1,1,0.751
TCKT_044360,low,standard,2024-12-13 00:57:53,0,0,0.319
TCKT_073408,medium,gold,2023-01-08 18:58:18,0,1,0.773
TCKT_023548,medium,standard,2022-06-21 02:05:19,0,0,0.209
TCKT_000125,low,standard,2023-01-06 04:31:27,1,0,0.173
TCKT_098998,low,gold,2025-09-20 23:34:18,0,1,0.597
TCKT_026210,medium,standard,2022-02-23 04:24:48,0,0,0.269
TCKT_075885,high,standard,2024-08-15 21:45:43,1,0,0.283
TCKT_045673,medium,gold,2022-08-14 20:37:30,1,1,0.767
TCKT_097700,medium,gold,2022-01-26 22:17:18,1,1,0.78
TCKT_048938,medium,gold,2022-04-17 22:15:38,1,1,0.719
TCKT_068256,medium,gold,2025-03-01 00:58:57,0,1,0.71
TCKT_072235,medium,platinum,2024-10-12 15:47:09,1,1,0.926
TCKT_036775,low,standard,2022-06-08 05:17:04,0,0,0.197
TCKT_013006,low,standard,2025-11-28 01:59:24,0,0,0.231
TCKT_083226,low,gold,2023-12-21 14:11:16,1,1,0.622
TCKT_018770,low,gold,2022-09-30 04:37:32,0,1,0.651
TCKT_070556,urgent,gold,2024-04-12 02:28:05,0,1,0.719
TCKT_057981,low,standard,2024-03-01 11:29:33,1,0,0.224
TCKT_094428,medium,standard,2024-07-01 23:14:01,0,0,0.285
TCKT_071484,low,standard,2023-03-30 03:48:06,0,0,0.273
TCKT_064838,low,standard,2025-11-28 00:03:40,1,0,0.201
TCKT_020731,medium,standard,2022-02-22 00:15:55,0,0,0.245
TCKT_078406,medium,gold,2025-08-30 04:22:45,1,1,0.781
TCKT_083386,medium,gold,2024-11-10 02:53:09,0,1,0.744
TCKT_042963,high,standard,2023-09-21 11:22:31,0,0,0.281
TCKT_049044,low,standard,2023-07-10 07:08:55,0,0,0.221
TCKT_025602,low,standard,2025-08-23 07:57:13,0,0,0.27
TCKT_051217,medium,standard,2024-06-14 04:53:28,0,0,0.245
TCKT_032911,low,standard,2024-07-30 11:37:38,0,0,0.224
TCKT_004116,medium,standard,2024-10-12 02:29:04,0,0,0.228
TCKT_050667,urgent,standard,2025-10-15 11:59:34,0,0,0.23
TCKT_046730,medium,gold,2022-01-21 13:18:59,1,1,0.788
TCKT_069838,low,standard,2023-09-23 19:34:13,0,0,0.23
TCKT_057290,urgent,standard,2022-04-29 07:46:45,0,0,0.255
TCKT_067719,medium,standard,2023-08-22 01:33:54,0,0,0.258
TCKT_042188,high,gold,2022-02-26 08:50:20,0,1,0.75
TCKT_061798,medium,platinum,2024-11-27 16:06:11,1,1,0.856
TCKT_071334,medium,standard,2023-05-22 01:59:45,0,0,0.225
TCKT_020984,medium,gold,2022-10-26 21:51:30,1,1,0.783
TCKT_092862,low,standard,2022-04-06 01:21:04,0,0,0.204
TCKT_095302,low,platinum,2024-06-12 09:19:00,1,1,0.894
TCKT_053339,low,platinum,2023-01-26 04:10:59,1,1,0.844
TCKT_076485,low,standard,2023-08-07 09:53:17,1,0,0.254
TCKT_077882,low,standard,2022-11-01 14:40:14,0,0,0.203
TCKT_087227,medium,standard,2023-08-19 12:52:48,0,0,0.241
TCKT_052695,medium,gold,2024-04-24 19:16:19,0,1,0.747
TCKT_021514,high,gold,2023-04-24 10:44:44,1,1,0.767
TCKT_037779,medium,platinum,2022-07-17 12:06:40,1,1,0.895
TCKT_027110,low,standard,2023-06-25 03:56:47,0,0,0.206
TCKT_049799,medium,standard,2024-06-04 17:15:09,0,0,0.214
TCKT_000419,medium,standard,2023-10-05 21:31:24,0,0,0.238
TCKT_094218,high,standard,2024-05-06 00:51:30,1,0,0.284
TCKT_001895,urgent,standard,2024-11-06 14:57:22,0,0,0.204
TCKT_016284,low,standard,2022-03-15 13:58:36,0,0,0.241
TCKT_000453,low,standard,2023-05-20 04:53:39,0,0,0.222
TCKT_069356,high,standard,2025-06-08 03:15:51,1,0,0.27
TCKT_071968,high,standard,2024-10-31 10:00:16,1,0,0.239
TCKT_041782,medium,standard,2025-02-12 02:34:05,0,0,0.242
TCKT_012956,low,standard,2022-07-07 22:09:56,1,0,0.247
TCKT_029902,low,standard,2025-09-07 21:44:24,0,0,0.233
TCKT_099371,high,gold,2024-11-10 23:30:44,1,1,0.68
TCKT_005764,low,gold,2023-09-04 13:46:15,0,1,0.625
TCKT_017791,medium,standard,2022-07-31 18:03:31,0,0,0.25
TCKT_050431,low,standard,2022-11-01 17:13:46,1,0,0.226
TCKT_021754,high,gold,2022-04-15 15:19:58,1,1,0.708
TCKT_051574,low,platinum,2025-06-17 02:54:05,1,1,0.862
TCKT_057560,medium,standard,2024-10-31 09:43:09,0,0,0.222
TCKT_088222,high,platinum,2022-11-02 03:59:53,1,1,0.905
TCKT_095448,urgent,gold,2025-03-01 19:28:07,0,1,0.696
TCKT_017419,medium,standard,2025-04-17 00:46:45,0,0,0.209
TCKT_010701,low,standard,2022-08-20 07:02:38,0,0,0.22
TCKT_008331,high,standard,2023-05-09 18:35:29,0,0,0.232
TCKT_068556,low,standard,2023-07-27 12:47:48,0,0,0.23
TCKT_026579,medium,standard,2023-12-29 17:02:24,0,0,0.223
TCKT_070951,medium,standard,2024-06-27 00:39:06,0,0,0.275
TCKT_069051,high,gold,2024-01-29 07:08:11,1,1,0.722
TCKT_084379,low,standard,2023-11-23 19:09:24,0,0,0.22
TCKT_039787,medium,gold,2022-12-30 06:59:11,0,1,0.765
TCKT_059790,low,gold,2023-03-14 10:07:22,0,1,0.617
TCKT_056987,low,standard,2025-05-01 12:56:20,1,0,0.235
TCKT_051616,medium,platinum,2023-07-18 15:44:06,1,1,0.883
TCKT_048338,low,gold,2025-10-07 07:03:34,0,1,0.61
TCKT_072856,medium,standard,2024-01-30 02:11:52,0,0,0.239
TCKT_014864,medium,gold,2022-03-28 01:10:51,1,1,0.782
TCKT_072463,medium,standard,2024-10-25 05:58:50,0,0,0.23
TCKT_010430,low,standard,2023-11-20 14:48:25,0,0,0.23
TCKT_002545,medium,gold,2024-12-01 10:28:48,0,1,0.793
TCKT_078716,medium,gold,2023-06-05 09:12:09,1,1,0.774
TCKT_013470,medium,standard,2023-08-14 02:21:43,0,0,0.235
TCKT_036034,low,standard,2022-11-15 04:48:04,0,0,0.211
TCKT_050620,medium,standard,2023-11-17 18:22:35,0,0,0.262
TCKT_094981,high,standard,2025-01-19 11:10:16,0,0,0.285
TCKT_070016,high,platinum,2023-01-02 02:54:27,1,1,0.878
TCKT_023239,medium,gold,2023-02-12 08:25:04,0,1,0.774
TCKT_094461,medium,standard,2024-11-08 16:32:54,0,0,0.267
TCKT_008049,low,standard,2022-06-30 23:18:01,0,0,0.228
TCKT_027104,high,gold,2025-02-10 04:02:33,1,1,0.747
TCKT_013394,low,gold,2025-09-10 09:27:42,0,1,0.661
TCKT_088485,low,standard,2025-02-09 22:07:50,1,0,0.236
TCKT_042611,medium,gold,2025-07-02 21:41:42,0,1,0.765
TCKT_033909,low,standard,2023-08-31 12:33:01,1,0,0.215
TCKT_079559,high,standard,2024-12-26 04:07:40,0,0,0.302
TCKT_020795,medium,standard,2022-04-30 05:17:58,0,0,0.234
TCKT_033504,low,standard,2023-11-07 01:50:12,1,0,0.248
TCKT_081302,medium,standard,2023-03-18 13:59:53,0,0,0.257
TCKT_025874,low,standard,2022-01-12 04:24:57,0,0,0.22
TCKT_012608,high,standard,2023-05-31 21:38:32,0,0,0.235
TCKT_069200,low,gold,2025-02-13 13:55:27,0,1,0.603
TCKT_072191,medium,standard,2022-11-09 14:46:51,0,0,0.226
TCKT_091813,high,standard,2022-11-29 04:21:17,0,0,0.243
TCKT_022203,medium,standard,2022-12-11 08:10:36,0,0,0.23
TCKT_092915,low,standard,2024-03-05 05:18:23,0,0,0.212
TCKT_043319,high,gold,2022-01-11 16:58:17,0,1,0.756
TCKT_046708,medium,gold,2025-01-08 06:07:14,1,1,0.775
TCKT_034939,low,gold,2024-10-03 23:13:50,1,1,0.65
TCKT_068050,low,gold,2025-02-12 07:20:52,1,1,0.635
TCKT_012698,medium,standard,2024-08-13 17:31:46,0,0,0.249
TCKT_083146,high,standard,2025-01-22 14:03:01,1,0,0.258
TCKT_029732,low,standard,2022-07-20 10:23:23,0,0,0.225
TCKT_055217,medium,gold,2024-11-15 19:47:29,0,1,0.756
TCKT_067497,medium,gold,2022-05-20 10:32:45,0,1,0.762
TCKT_004653,low,gold,2025-12-16 12:34:51,1,1,0.642
TCKT_056650,medium,standard,2025-06-17 20:42:45,0,0,0.235
TCKT_048345,low,gold,2024-02-09 05:05:45,0,1,0.633
TCKT_070651,low,standard,2022-01-18 04:13:33,0,0,0.256
TCKT_090926,low,standard,2023-04-03 19:03:45,0,0,0.201
TCKT_086962,low,standard,2025-10-10 11:20:48,0,0,0.202
TCKT_016418,low,standard,2024-03-10 09:41:54,0,0,0.225
TCKT_095961,low,standard,2025-05-07 15:52:07,0,0,0.213
TCKT_000461,medium,gold,2023-09-03 03:56:25,0,1,0.76
TCKT_071903,high,standard,2024-03-30 09:00:46,0,0,0.277
TCKT_063980,low,standard,2022-01-22 13:18:48,0,0,0.246
TCKT_014064,high,standard,2023-04-19 22:31:23,0,0,0.205
TCKT_039233,low,standard,2022-06-22 05:31:49,0,0,0.195
TCKT_047567,low,gold,2024-10-31 03:44:00,0,1,0.618
TCKT_008407,high,standard,2022-05-08 02:01:39,0,0,0.263
TCKT_079632,low,standard,2022-07-26 11:31:25,0,0,0.246
TCKT_010378,low,platinum,2022-06-21 01:59:41,1,1,0.844
TCKT_007010,medium,standard,2024-01-22 16:30:21,0,0,0.26
TCKT_042617,medium,gold,2023-03-21 05:11:00,1,1,0.759
TCKT_018659,low,standard,2022-03-30 00:25:19,1,0,0.231
TCKT_062530,high,standard,2025-06-15 07:44:14,1,0,0.247
TCKT_031442,low,gold,2023-06-03 03:49:53,1,1,0.661
TCKT_043171,low,gold,2023-01-04 16:06:33,1,1,0.636
TCKT_061985,medium,gold,2022-07-23 15:15:38,1,1,0.772
TCKT_099226,high,standard,2025-04-24 02:14:12,1,0,0.241
TCKT_000393,low,platinum,2023-01-07 07:19:42,0,1,0.855
TCKT_054906,medium,gold,2024-03-24 08:45:36,1,1,0.759
TCKT_064725,low,platinum,2024-12-06 17:01:08,1,1,0.858
TCKT_046424,medium,platinum,2025-06-05 23:34:52,1,1,0.806
TCKT_050864,medium,gold,2023-10-22 02:51:01,1,1,0.764
TCKT_050487,medium,gold,2022-05-19 16:09:32,0,1,0.751
TCKT_015608,medium,standard,2022-08-21 14:28:49,0,0,0.249
TCKT_094567,low,gold,2022-11-16 02:19:55,1,1,0.607
TCKT_044392,medium,platinum,2025-09-13 18:00:55,0,1,0.904
TCKT_098093,medium,gold,2023-02-20 12:16:06,1,1,0.769
TCKT_063101,medium,standard,2025-11-16 07:12:22,0,0,0.26
TCKT_099821,urgent,gold,2025-05-25 00:46:16,1,1,0.749
TCKT_090848,low,standard,2024-02-12 16:49:17,0,0,0.217
TCKT_061685,medium,standard,2023-05-28 16:33:22,0,0,0.248
TCKT_034775,low,standard,2023-01-25 00:44:56,0,0,0.22
TCKT_000778,low,gold,2023-12-23 16:57:28,0,1,0.643
TCKT_085584,medium,gold,2025-07-20 09:26:11,1,1,0.764
TCKT_060786,low,standard,2022-04-02 08:59:32,0,0,0.206
TCKT_000031,low,standard,2023-08-01 11:48:02,0,0,0.241
TCKT_051834,low,standard,2023-01-18 23:15:27,0,0,0.206
TCKT_015393,medium,gold,2025-02-22 21:28:54,0,1,0.788
TCKT_090481,medium,standard,2025-10-04 08:25:12,0,0,0.236
TCKT_091621,medium,standard,2023-01-02 04:10:04,0,0,0.248
TCKT_049659,medium,gold,2023-01-25 08:25:29,0,1,0.78
TCKT_091326,low,standard,2023-12-18 18:16:14,0,0,0.192
TCKT_033056,medium,standard,2025-07-11 10:32:53,0,0,0.281
TCKT_058586,low,standard,2023-04-10 03:10:39,0,0,0.221
TCKT_055752,medium,gold,2024-07-07 07:03:04,1,1,0.78
TCKT_053200,high,standard,2023-12-03 23:34:42,0,0,0.228
TCKT_048376,low,standard,2025-07-09 16:00:24,0,0,0.26
TCKT_092696,medium,standard,2023-10-31 10:31:52,0,0,0.224
TCKT_029577,high,platinum,2024-01-08 07:25:59,0,1,0.89
TCKT_020804,high,standard,2022-03-19 12:59:37,0,0,0.298
TCKT_095789,medium,standard,2025-10-03 11:16:54,0,0,0.217
TCKT_013457,medium,standard,2025-08-04 19:08:25,1,0,0.274
TCKT_035277,medium,standard,2022-02-22 15:08:42,0,0,0.226
TCKT_045696,medium,standard,2025-06-07 11:06:04,0,0,0.265
TCKT_097145,high,standard,2024-04-18 19:05:39,0,0,0.263
TCKT_081034,medium,gold,2025-05-26 22:43:49,0,1,0.718
TCKT_033231,high,standard,2022-09-21 09:35:35,0,0,0.309
TCKT_054338,medium,standard,2022-03-23 19:34:22,0,0,0.256
TCKT_096062,low,standard,2022-08-25 17:39:55,0,0,0.258
TCKT_064257,low,gold,2025-02-16 18:57:07,0,1,0.617
TCKT_025788,low,standard,2022-10-31 13:52:02,0,0,0.215
TCKT_084777,urgent,standard,2023-07-14 18:00:49,0,0,0.304
TCKT_095384,low,standard,2022-11-16 00:17:14,0,0,0.244
TCKT_004208,medium,gold,2024-02-27 16:44:43,1,1,0.778
TCKT_015475,low,platinum,2024-11-12 14:46:44,1,1,0.877
TCKT_001214,low,standard,2024-12-31 12:58:28,1,0,0.223
TCKT_070894,low,gold,2025-01-26 20:47:33,1,1,0.618
TCKT_006671,low,standard,2023-04-27 01:48:05,0,0,0.234
TCKT_051895,medium,standard,2023-03-07 18:10:50,0,0,0.254
TCKT_097738,medium,standard,2023-10-30 04:23:03,0,0,0.259
TCKT_007063,low,platinum,2024-09-07 01:04:58,1,1,0.879
TCKT_077495,medium,standard,2023-06-27 18:00:33,0,0,0.206
TCKT_045141,low,standard,2024-05-30 11:50:29,0,0,0.256
TCKT_052484,low,standard,2025-06-16 22:45:09,0,0,0.198
TCKT_032655,low,platinum,2022-05-28 20:07:53,1,1,0.873
TCKT_080925,high,gold,2023-12-28 18:49:42,0,1,0.741
TCKT_099771,high,standard,2025-01-10 05:04:25,1,0,0.243
TCKT_011970,high,standard,2022-07-22 07:48:26,0,0,0.27
TCKT_088139,medium,standard,2025-03-29 04:49:00,0,0,0.263
TCKT_062624,low,standard,2025-06-06 20:55:27,0,0,0.231
TCKT_022594,medium,standard,2023-03-27 16:47:35,0,0,0.222
TCKT_076836,urgent,platinum,2024-04-28 16:22:49,1,1,0.83
TCKT_080907,high,standard,2025-04-30 15:01:59,0,0,0.32
TCKT_041077,high,gold,2025-08-30 11:06:18,1,1,0.758
TCKT_049017,low,standard,2023-12-18 02:24:57,0,0,0.23
TCKT_013220,low,gold,2023-05-10 05:15:39,0,1,0.582
TCKT_070746,high,standard,2023-03-09 08:52:42,0,0,0.266
TCKT_045149,medium,standard,2025-12-24 18:05:57,0,0,0.241
TCKT_010169,low,standard,2023-08-14 00:04:40,0,0,0.232
TCKT_022702,high,standard,2025-02-09 17:48:27,1,0,0.296
TCKT_099674,medium,standard,2025-01-31 05:33:30,0,0,0.23
TCKT_090876,low,gold,2024-02-12 02:18:36,0,1,0.622
TCKT_046360,low,gold,2024-06-21 21:19:22,1,1,0.624
TCKT_049340,high,standard,2023-04-05 06:52:17,0,0,0.279
TCKT_068972,medium,gold,2024-12-02 16:26:07,0,1,0.773
TCKT_026581,low,standard,2025-02-01 04:38:08,0,0,0.203
TCKT_086886,low,standard,2024-01-02 05:59:52,1,0,0.214
TCKT_051143,medium,standard,2024-06-27 20:11:15,0,0,0.238
TCKT_015416,low,standard,2025-05-04 06:33:19,0,0,0.224
TCKT_056728,low,standard,2024-07-02 06:41:51,0,0,0.229
TCKT_006500,low,standard,2025-08-03 16:56:45,0,0,0.228
TCKT_002554,medium,gold,2023-12-16 09:53:48,1,1,0.754
TCKT_008012,low,standard,2024-12-19 06:33:14,0,0,0.232
TCKT_019121,low,standard,2023-06-07 12:56:06,0,0,0.267
TCKT_021631,low,standard,2024-12-13 14:18:39,0,0,0.21
TCKT_092753,low,gold,2023-08-04 15:38:55,0,1,0.592
TCKT_060441,high,standard,2024-11-20 17:03:46,1,0,0.298
TCKT_073182,medium,standard,2023-01-25 03:30:58,0,0,0.246
TCKT_041920,low,gold,2022-01-15 10:09:17,0,1,0.641
TCKT_095136,low,standard,2024-08-02 09:43:44,0,0,0.239
TCKT_016223,medium,standard,2023-11-07 13:28:58,0,0,0.239
TCKT_081756,low,standard,2022-10-15 09:23:26,0,0,0.21
TCKT_052136,medium,standard,2025-04-06 23:59:41,0,0,0.282
TCKT_006979,medium,standard,2024-12-23 09:59:33,0,0,0.228
TCKT_070324,low,standard,2024-06-08 01:24:28,1,0,0.178
TCKT_010119,medium,gold,2022-05-27 20:50:24,1,1,0.753
TCKT_028268,low,gold,2024-11-27 22:07:05,1,1,0.638
TCKT_018829,low,gold,2024-05-12 02:20:17,1,1,0.612
TCKT_028527,low,standard,2024-05-03 13:45:05,0,0,0.214
TCKT_030189,medium,gold,2023-11-08 06:18:54,0,1,0.75
TCKT_009529,low,gold,2024-05-11 11:05:06,1,1,0.655
TCKT_089613,low,standard,2025-10-06 06:49:25,1,0,0.278
TCKT_066072,low,standard,2023-03-21 11:57:02,1,0,0.236
TCKT_036084,medium,platinum,2023-06-02 10:34:21,1,1,0.909
TCKT_074148,low,standard,2025-06-25 09:05:09,0,0,0.212
TCKT_059423,low,standard,2023-03-07 04:33:08,1,0,0.21
TCKT_083447,low,gold,2023-03-13 18:59:22,0,1,0.614
TCKT_096450,low,standard,2022-02-22 23:48:38,0,0,0.236
TCKT_036985,low,standard,2022-10-23 10:11:13,0,0,0.216
TCKT_075413,low,standard,2024-02-04 21:11:49,0,0,0.226
TCKT_068260,low,gold,2022-06-28 01:12:10,1,1,0.596
TCKT_080670,high,standard,2022-05-19 01:40:13,0,0,0.245
TCKT_096476,medium,gold,2025-11-24 00:16:59,1,1,0.794
TCKT_079998,medium,standard,2022-11-20 00:26:12,0,0,0.244
TCKT_089830,high,standard,2025-08-19 05:08:28,0,0,0.275
TCKT_028570,low,standard,2022-05-16 08:31:31,0,0,0.224
TCKT_065911,high,platinum,2024-01-14 17:10:40,1,1,0.886
TCKT_045549,medium,standard,2025-01-26 18:13:40,1,0,0.227
TCKT_082357,high,standard,2023-02-22 09:00:30,0,0,0.282
TCKT_016650,medium,standard,2022-11-09 14:11:23,0,0,0.234
TCKT_024641,low,standard,2025-03-19 22:20:20,0,0,0.252
TCKT_075299,high,standard,2022-12-30 18:59:26,1,0,0.255
TCKT_090375,low,standard,2025-07-09 03:14:14,0,0,0.229
TCKT_035596,medium,standard,2023-11-05 14:51:29,0,0,0.261
TCKT_031153,medium,standard,2022-01-30 12:51:33,0,0,0.231
TCKT_073811,medium,gold,2025-12-20 17:40:06,0,1,0.726
TCKT_042105,medium,standard,2023-10-18 10:13:48,0,0,0.24
TCKT_058369,medium,standard,2024-06-06 09:37:25,0,0,0.271
TCKT_057870,low,standard,2023-05-25 07:14:49,0,0,0.237
TCKT_024162,medium,standard,2023-01-22 06:07:43,0,0,0.242
TCKT_079405,high,standard,2022-11-18 06:37:08,0,0,0.286
TCKT_025137,low,standard,2024-07-26 07:30:55,0,0,0.239
TCKT_025070,medium,standard,2022-11-22 08:33:02,1,0,0.261
TCKT_017676,medium,standard,2022-05-08 14:09:08,0,0,0.3
TCKT_013307,medium,standard,2024-08-14 18:00:26,0,0,0.262
TCKT_056579,low,gold,2024-10-13 15:40:57,1,1,0.628
TCKT_034264,high,platinum,2023-07-18 00:39:16,1,1,0.865
TCKT_071882,high,standard,2024-04-02 06:12:05,0,0,0.264
TCKT_075048,medium,standard,2025-10-08 17:51:16,0,0,0.25
TCKT_065276,medium,gold,2022-02-08 00:27:39,1,1,0.777
TCKT_036648,low,gold,2022-02-26 10:59:55,1,1,0.635
TCKT_011718,high,gold,2024-11-26 16:24:54,0,1,0.732
TCKT_005597,medium,gold,2023-12-17 20:49:02,1,1,0.755
TCKT_001456,low,gold,2025-08-11 18:55:41,0,1,0.612
TCKT_031063,low,standard,2025-10-22 00:28:20,1,0,0.221
TCKT_054789,high,gold,2024-06-08 09:37:58,0,1,0.76
TCKT_082263,low,standard,2023-12-31 07:44:33,0,0,0.242
TCKT_075871,medium,platinum,2025-03-30 05:36:12,1,1,0.901
TCKT_073665,low,gold,2023-12-02 05:54:00,0,1,0.598
TCKT_042951,low,standard,2025-01-02 00:03:26,0,0,0.199
TCKT_024698,low,platinum,2023-10-22 11:09:37,0,1,0.866
TCKT_097493,low,standard,2022-02-13 13:09:13,0,0,0.238
TCKT_081847,urgent,standard,2023-12-21 14:42:57,0,0,0.259
TCKT_093340,high,standard,2025-03-08 14:13:00,1,0,0.303
TCKT_096460,urgent,standard,2023-11-18 11:12:44,0,0,0.284
TCKT_037516,low,standard,2023-12-24 16:38:14,1,0,0.224
TCKT_061414,low,gold,2022-04-17 23:30:45,1,1,0.622
TCKT_045482,low,standard,2025-10-24 17:08:45,0,0,0.218
TCKT_097698,low,gold,2024-01-04 04:06:54,1,1,0.589
TCKT_009135,low,standard,2024-01-13 20:50:43,0,0,0.229
TCKT_057242,medium,gold,2023-10-18 07:42:39,1,1,0.753
TCKT_099739,low,standard,2022-04-03 09:25:04,0,0,0.238
TCKT_000301,low,platinum,2024-12-13 23:45:47,1,1,0.827
TCKT_001413,medium,standard,2022-01-06 10:26:36,0,0,0.226
TCKT_067812,low,standard,2025-03-13 00:10:16,0,0,0.246
TCKT_088598,high,gold,2022-07-21 13:59:21,0,1,0.749
TCKT_089905,low,standard,2022-07-03 10:46:57,0,0,0.262
TCKT_093500,low,standard,2022-07-17 02:28:58,0,0,0.205
TCKT_009285,low,platinum,2022-06-11 05:18:30,0,1,0.878
TCKT_056918,low,gold,2024-10-29 11:24:44,1,1,0.633
TCKT_098025,medium,platinum,2025-11-27 19:21:56,1,1,0.905
TCKT_046758,medium,standard,2024-12-26 12:00:12,0,0,0.252
TCKT_069854,low,gold,2022-07-01 16:54:14,1,1,0.602
TCKT_093050,medium,standard,2024-07-23 19:07:18,1,0,0.194
TCKT_086456,high,standard,2024-11-06 16:03:29,0,0,0.243
TCKT_080363,low,standard,2023-01-15 16:53:00,0,0,0.215
TCKT_060486,medium,standard,2025-03-09 11:30:47,0,0,0.255
TCKT_024697,high,standard,2025-09-23 01:01:46,0,0,0.233
TCKT_045970,high,platinum,2025-01-15 19:01:56,1,1,0.904
TCKT_070593,low,gold,2023-05-02 14:52:37,0,1,0.627
TCKT_087508,low,gold,2025-05-08 10:32:42,1,1,0.63
TCKT_009371,low,standard,2025-11-12 20:35:31,0,0,0.217
TCKT_093767,low,standard,2025-07-30 05:23:42,0,0,0.22
TCKT_061301,low,standard,2022-03-15 14:21:34,0,0,0.27
TCKT_046062,low,standard,2025-01-10 02:13:24,1,0,0.24
TCKT_052687,medium,platinum,2022-03-30 01:14:29,0,1,0.839
TCKT_066569,medium,standard,2022-07-13 11:49:31,0,0,0.222
TCKT_005801,low,platinum,2025-07-27 00:35:26,1,1,0.857
TCKT_032487,medium,platinum,2023-11-17 09:25:50,1,1,0.86
TCKT_018794,urgent,platinum,2025-02-16 10:21:10,1,1,0.881
TCKT_025687,high,standard,2022-06-30 12:38:42,0,0,0.311
TCKT_002556,medium,standard,2024-08-08 03:41:16,0,0,0.224
TCKT_036605,high,gold,2023-03-14 11:23:44,1,1,0.713
TCKT_088004,medium,standard,2022-12-22 13:08:19,0,0,0.249
TCKT_066554,urgent,gold,2025-11-06 11:05:58,0,1,0.706
TCKT_004316,medium,standard,2025-08-30 14:49:05,0,0,0.289
TCKT_009188,medium,standard,2025-01-14 16:30:34,0,0,0.238
TCKT_052768,medium,standard,2025-07-08 11:44:56,0,0,0.288
TCKT_066832,medium,standard,2025-03-20 13:22:26,0,0,0.277
TCKT_073324,medium,standard,2023-11-15 20:54:47,0,0,0.232
TCKT_087711,medium,standard,2023-01-23 16:19:00,0,0,0.27
TCKT_097501,medium,standard,2023-09-14 13:15:53,0,0,0.253
TCKT_009158,medium,standard,2025-08-06 04:48:36,0,0,0.187
TCKT_018669,high,standard,2023-04-07 07:01:47,0,0,0.247
TCKT_030437,high,gold,2024-06-20 18:46:01,1,1,0.672
TCKT_005829,medium,standard,2025-03-12 21:02:17,1,0,0.228
TCKT_001894,medium,standard,2024-04-16 00:02:47,0,0,0.23
TCKT_083692,medium,standard,2022-07-11 01:14:36,0,0,0.218
TCKT_076126,low,standard,2025-08-08 20:28:21,1,0,0.219
TCKT_002514,medium,standard,2023-02-08 18:13:45,0,0,0.229
TCKT_056750,high,platinum,2024-11-08 20:59:06,1,1,0.841
TCKT_000372,medium,standard,2023-02-06 07:03:26,0,0,0.233
TCKT_077482,urgent,gold,2024-06-12 13:57:24,1,1,0.731
TCKT_086331,low,standard,2023-06-15 14:09:59,0,0,0.228
TCKT_046506,low,standard,2023-01-14 19:01:10,0,0,0.208
TCKT_076982,high,standard,2023-11-26 01:44:34,0,0,0.236
TCKT_067321,medium,standard,2022-11-24 06:23:57,0,0,0.246
TCKT_074879,low,standard,2022-12-19 05:11:15,0,0,0.213
TCKT_060315,high,standard,2025-09-15 07:57:33,0,0,0.332
TCKT_082995,high,gold,2022-01-10 03:30:12,0,1,0.742
TCKT_056283,low,gold,2025-10-29 20:07:27,0,1,0.667
TCKT_018392,low,standard,2024-04-20 08:11:08,0,0,0.233
TCKT_046962,low,standard,2024-08-18 13:24:51,0,0,0.223
TCKT_028927,high,standard,2023-12-23 22:49:09,0,0,0.304
TCKT_096688,low,standard,2023-10-09 06:26:50,0,0,0.256
TCKT_057695,medium,gold,2022-10-05 20:33:13,0,1,0.771
TCKT_084383,high,standard,2022-11-28 23:27:26,0,0,0.29
TCKT_037226,medium,standard,2024-11-02 16:32:29,0,0,0.261
TCKT_070967,medium,platinum,2022-02-14 18:27:41,1,1,0.897
TCKT_087873,high,standard,2025-11-04 19:35:47,0,0,0.269
TCKT_005607,medium,standard,2025-03-31 18:03:53,0,0,0.249
TCKT_001346,high,standard,2023-12-19 17:24:12,0,0,0.275
TCKT_093978,low,gold,2024-07-09 04:00:33,1,1,0.574
TCKT_043200,low,standard,2025-07-12 15:50:07,1,0,0.271
TCKT_094374,medium,standard,2025-08-19 19:44:31,0,0,0.244
TCKT_095434,high,standard,2025-08-23 20:53:58,0,0,0.255
TCKT_009402,medium,standard,2025-11-10 05:24:50,0,0,0.259
TCKT_094476,medium,standard,2022-09-20 03:59:56,0,0,0.228
TCKT_093651,medium,gold,2023-01-30 22:35:44,1,1,0.751
TCKT_002929,low,gold,2025-12-09 11:09:13,1,1,0.636
TCKT_028825,urgent,gold,2024-05-10 01:03:01,1,1,0.721
TCKT_080975,urgent,standard,2023-01-09 15:32:32,1,0,0.369
TCKT_031657,medium,platinum,2022-09-21 21:29:56,1,1,0.909
TCKT_073638,high,gold,2025-11-06 00:14:32,0,1,0.739
TCKT_012454,medium,standard,2022-04-11 19:48:35,0,0,0.263
TCKT_077029,high,standard,2025-09-04 15:00:06,0,0,0.258
TCKT_070034,medium,standard,2025-01-22 20:55:25,0,0,0.201
TCKT_090667,medium,platinum,2024-03-22 21:09:31,1,1,0.889
TCKT_025806,low,standard,2023-10-07 23:15:29,0,0,0.244
TCKT_066803,high,standard,2022-08-31 10:21:11,0,0,0.255
TCKT_019331,low,standard,2024-09-06 12:08:04,1,0,0.194
TCKT_054840,low,standard,2025-06-27 04:08:29,0,0,0.182
TCKT_008621,high,standard,2022-09-22 11:58:03,0,0,0.276
TCKT_033176,high,standard,2025-05-04 21:13:09,0,0,0.267
TCKT_031908,urgent,standard,2024-11-06 23:13:53,0,0,0.281
TCKT_014125,medium,standard,2024-12-29 07:18:02,0,0,0.26
TCKT_036538,low,standard,2024-06-06 14:04:45,0,0,0.217
TCKT_076993,low,standard,2025-07-04 18:10:57,0,0,0.242
TCKT_031939,low,standard,2025-06-19 14:38:44,0,0,0.205
TCKT_011870,medium,standard,2025-05-09 22:09:13,1,0,0.197
TCKT_058004,low,gold,2025-01-08 00:08:01,0,1,0.603
TCKT_042275,low,standard,2024-01-16 14:03:29,0,0,0.212
TCKT_021792,low,standard,2023-09-29 10:47:41,1,0,0.233
TCKT_071961,low,platinum,2023-11-27 08:07:00,1,1,0.861
TCKT_080439,low,standard,2025-06-14 04:26:52,0,0,0.236
TCKT_021094,medium,standard,2023-08-30 04:38:40,0,0,0.261
TCKT_001547,medium,gold,2022-12-05 05:19:45,1,1,0.779
TCKT_084435,medium,platinum,2025-06-18 01:52:39,1,1,0.858
TCKT_033814,high,standard,2022-03-04 20:56:22,0,0,0.259
TCKT_003597,low,standard,2023-01-16 15:27:12,1,0,0.193
TCKT_089465,high,standard,2022-03-07 23:31:57,0,0,0.248
TCKT_033134,urgent,standard,2025-11-07 00:44:23,1,0,0.167
TCKT_025799,urgent,gold,2025-02-12 22:37:40,1,1,0.71
TCKT_067833,medium,standard,2023-06-13 23:22:35,0,0,0.244
TCKT_044940,high,gold,2023-10-23 04:30:45,1,1,0.757
TCKT_085106,low,gold,2023-02-15 21:37:05,0,1,0.663
TCKT_058018,medium,gold,2024-11-22 04:12:04,0,1,0.78
TCKT_057718,medium,standard,2024-07-14 13:06:12,1,0,0.201
TCKT_043923,high,standard,2022-06-01 08:07:47,0,0,0.271
TCKT_067526,low,gold,2023-12-15 19:27:59,1,1,0.615
TCKT_033836,high,standard,2022-12-21 01:43:30,0,0,0.288
TCKT_090637,low,standard,2024-08-14 01:43:33,0,0,0.267
TCKT_051874,low,gold,2022-01-27 21:54:55,0,1,0.621
TCKT_011480,medium,platinum,2023-02-18 23:16:42,1,1,0.874
TCKT_009420,medium,gold,2023-08-25 11:43:07,1,1,0.78
TCKT_043547,medium,standard,2022-08-29 08:08:23,1,0,0.255
TCKT_050933,low,platinum,2023-12-24 11:42:25,1,1,0.861
TCKT_095808,high,standard,2025-07-01 21:37:51,0,0,0.225
TCKT_079765,low,standard,2025-03-21 04:09:36,0,0,0.203
TCKT_036414,medium,standard,2024-03-11 10:21:47,0,0,0.265
TCKT_057080,medium,standard,2023-08-16 05:05:23,0,0,0.236
TCKT_075344,high,standard,2023-01-29 21:31:22,1,0,0.289
TCKT_030847,low,gold,2025-01-03 07:27:12,1,1,0.647
TCKT_045512,medium,gold,2023-07-30 04:31:56,0,1,0.771
TCKT_019657,medium,standard,2024-06-06 07:38:09,0,0,0.241
TCKT_096374,medium,standard,2025-03-23 20:29:11,0,0,0.285
TCKT_029007,low,standard,2024-08-08 23:45:58,0,0,0.255
TCKT_033208,low,standard,2024-12-02 14:20:46,0,0,0.264
TCKT_035995,medium,standard,2023-04-25 01:34:15,0,0,0.255
TCKT_032688,urgent,standard,2022-06-04 03:20:24,0,0,0.263
TCKT_084254,urgent,standard,2022-02-27 05:47:59,0,0,0.228
TCKT_097302,medium,platinum,2023-12-26 17:14:43,1,1,0.891
TCKT_066618,high,standard,2024-09-10 21:24:11,0,0,0.251
TCKT_003602,medium,standard,2024-03-03 16:08:34,0,0,0.253
TCKT_027427,medium,gold,2024-10-12 16:03:35,1,1,0.76
TCKT_060424,high,platinum,2025-12-02 09:04:50,1,1,0.88
TCKT_091431,high,gold,2025-01-13 18:09:42,0,1,0.734
TCKT_050177,medium,standard,2023-05-17 03:01:26,0,0,0.27
TCKT_087015,high,gold,2023-07-07 16:39:13,1,1,0.732
TCKT_072310,low,standard,2022-09-01 21:40:11,0,0,0.234
TCKT_080733,high,gold,2023-08-22 21:50:36,0,1,0.743
TCKT_076491,high,standard,2025-06-16 04:12:41,0,0,0.263
TCKT_065509,low,standard,2025-06-16 03:04:42,0,0,0.197
TCKT_007924,low,gold,2025-09-24 17:34:03,1,1,0.576
TCKT_033826,high,gold,2023-12-06 03:49:36,1,1,0.751
TCKT_049674,low,standard,2022-06-30 18:59:59,0,0,0.209
TCKT_082363,low,gold,2023-11-01 17:22:18,0,1,0.542
TCKT_049597,low,gold,2022-01-26 05:34:59,1,1,0.549
TCKT_049048,high,standard,2022-11-06 16:36:32,0,0,0.293
TCKT_089583,low,platinum,2024-01-31 03:30:15,0,1,0.89
TCKT_029844,low,gold,2025-04-28 05:05:59,1,1,0.615
TCKT_025707,high,standard,2024-05-06 13:25:33,0,0,0.281
TCKT_006750,high,standard,2025-06-13 06:51:06,0,0,0.272
TCKT_051880,low,standard,2025-10-21 14:16:18,0,0,0.24
TCKT_003219,low,gold,2025-06-19 06:34:55,1,1,0.585
TCKT_025363,medium,standard,2023-03-30 02:25:25,0,0,0.208
TCKT_048563,low,standard,2025-03-01 21:26:33,0,0,0.223
TCKT_088156,medium,standard,2025-10-05 03:45:04,0,0,0.233
TCKT_075310,medium,standard,2025-05-18 00:33:14,0,0,0.238
TCKT_013803,medium,standard,2022-06-15 08:49:01,0,0,0.243
TCKT_029898,medium,gold,2022-03-28 07:44:29,1,1,0.769
TCKT_048601,medium,platinum,2025-05-31 23:59:17,1,1,0.883
TCKT_010752,medium,standard,2022-12-22 11:37:47,1,0,0.215
TCKT_048602,high,standard,2022-04-24 20:55:17,0,0,0.286
TCKT_050815,high,platinum,2022-02-03 11:27:56,1,1,0.905
TCKT_080996,high,standard,2023-02-27 11:45:40,0,0,0.242
TCKT_028135,medium,standard,2022-03-11 16:16:33,1,0,0.226
TCKT_037650,medium,standard,2022-11-15 04:39:52,0,0,0.245
TCKT_091493,medium,gold,2023-11-02 03:53:57,0,1,0.774
TCKT_054335,medium,standard,2022-10-04 07:49:24,0,0,0.262
TCKT_040719,urgent,gold,2025-11-29 02:48:50,1,1,0.79
TCKT_036726,low,standard,2024-02-08 17:50:45,0,0,0.236
TCKT_072654,medium,standard,2024-02-10 10:47:49,0,0,0.262
TCKT_029397,high,standard,2023-03-03 11:33:30,0,0,0.248
TCKT_006950,low,standard,2023-08-31 05:39:49,0,0,0.245
TCKT_062225,low,standard,2022-05-25 21:34:47,0,0,0.231
TCKT_070211,medium,gold,2023-08-16 00:37:24,1,1,0.776
TCKT_090924,medium,platinum,2022-09-19 15:41:30,1,1,0.883
TCKT_074846,low,gold,2024-03-05 06:44:54,0,1,0.592
TCKT_053842,low,standard,2022-08-31 01:33:49,0,0,0.208
TCKT_022277,urgent,standard,2022-12-08 08:43:49,0,0,0.258
TCKT_096255,low,gold,2024-10-20 14:20:15,0,1,0.625
TCKT_003524,low,standard,2023-11-01 07:42:51,0,0,0.228
TCKT_037431,low,standard,2025-03-30 23:10:55,0,0,0.222
TCKT_043481,low,gold,2025-03-10 10:08:39,1,1,0.64
TCKT_091959,low,platinum,2025-11-10 11:46:26,1,1,0.884
TCKT_087594,medium,standard,2024-03-26 14:21:17,0,0,0.246
TCKT_019157,low,gold,2022-08-08 19:30:03,0,1,0.634
TCKT_091799,high,standard,2024-11-06 07:26:56,0,0,0.233
TCKT_000028,low,platinum,2022-08-08 19:39:43,1,1,0.858
TCKT_072037,high,standard,2023-12-04 14:13:34,0,0,0.274
TCKT_093629,low,gold,2024-09-11 14:06:28,1,1,0.598
TCKT_027598,medium,standard,2025-03-13 06:22:01,0,0,0.233
TCKT_083192,medium,standard,2023-07-05 13:08:58,0,0,0.215
TCKT_049908,medium,gold,2023-04-06 10:09:44,1,1,0.76
TCKT_089013,medium,standard,2025-03-21 21:16:27,0,0,0.247
TCKT_040683,medium,standard,2024-11-26 09:21:24,0,0,0.255
TCKT_011456,medium,standard,2023-11-16 08:34:21,0,0,0.251
TCKT_027856,low,gold,2024-09-01 23:39:03,1,1,0.624
TCKT_020973,urgent,gold,2022-09-19 20:10:25,0,1,0.73
TCKT_039794,low,standard,2022-07-03 21:14:54,0,0,0.242
TCKT_055186,medium,gold,2022-04-20 08:54:09,0,1,0.779
TCKT_012731,low,gold,2023-07-16 18:15:06,0,1,0.629
TCKT_065663,medium,gold,2022-11-29 00:53:15,0,1,0.787
TCKT_017964,low,standard,2025-07-24 21:24:16,0,0,0.264
TCKT_027728,low,standard,2024-03-16 04:52:56,0,0,0.237
TCKT_007373,low,gold,2023-12-13 17:53:09,0,1,0.623
TCKT_070823,low,gold,2023-12-02 10:42:34,0,1,0.602
TCKT_041604,medium,standard,2022-06-01 22:37:12,0,0,0.245
TCKT_038164,medium,standard,2022-09-29 13:02:23,0,0,0.281
TCKT_054134,urgent,standard,2023-11-21 12:50:53,1,0,0.272
TCKT_028702,high,standard,2025-05-01 14:00:03,0,0,0.303
TCKT_028384,low,gold,2023-09-03 21:50:01,0,1,0.6
TCKT_088273,high,standard,2023-03-02 21:45:39,1,0,0.301
TCKT_089950,low,gold,2025-07-03 06:55:49,0,1,0.594
TCKT_065107,high,gold,2025-06-01 04:28:33,0,1,0.71
TCKT_037649,medium,standard,2022-07-04 12:51:26,0,0,0.25
TCKT_062349,medium,gold,2024-04-01 04:39:28,0,1,0.757
TCKT_002644,medium,gold,2025-09-05 08:17:11,0,1,0.798
TCKT_096536,high,standard,2024-06-20 19:09:08,0,0,0.262
TCKT_039231,medium,standard,2025-05-22 04:19:19,0,0,0.232
TCKT_043527,low,gold,2023-11-30 22:07:07,0,1,0.608
TCKT_070585,urgent,standard,2023-07-01 15:47:08,0,0,0.316
TCKT_032074,low,standard,2022-02-04 16:35:57,0,0,0.221
TCKT_051688,medium,standard,2022-06-12 19:10:29,0,0,0.244
TCKT_033353,medium,standard,2024-05-15 16:17:19,0,0,0.265
TCKT_025706,low,standard,2022-05-11 11:34:45,0,0,0.227
TCKT_064609,low,standard,2023-10-11 06:57:01,0,0,0.294
TCKT_066299,medium,gold,2024-06-06 07:56:13,0,1,0.736
TCKT_073691,urgent,gold,2023-07-29 00:04:42,0,1,0.814
TCKT_094797,high,standard,2023-06-03 17:17:32,0,0,0.266
TCKT_030861,low,gold,2022-03-30 00:42:13,0,1,0.533
TCKT_085372,medium,gold,2024-09-26 04:18:09,0,1,0.766
TCKT_082638,high,gold,2023-09-30 14:32:36,1,1,0.756
TCKT_038473,medium,platinum,2023-08-23 18:18:10,0,1,0.881
TCKT_013735,medium,standard,2023-03-24 02:50:12,0,0,0.229
TCKT_059943,high,standard,2023-09-21 14:21:47,0,0,0.247
TCKT_022256,urgent,standard,2025-11-07 17:59:46,1,0,0.223
TCKT_092935,high,gold,2024-06-28 02:03:49,0,1,0.728
TCKT_051087,low,standard,2022-06-17 07:21:40,0,0,0.217
TCKT_021053,high,standard,2022-12-26 19:20:03,0,0,0.277
TCKT_098792,low,gold,2025-07-10 15:02:25,0,1,0.606
TCKT_029197,medium,gold,2022-12-13 18:15:10,1,1,0.752
TCKT_089279,low,gold,2023-01-24 14:48:39,1,1,0.609
TCKT_065892,medium,gold,2025-03-08 07:07:47,1,1,0.767
TCKT_068759,low,standard,2023-10-30 21:32:04,0,0,0.232
TCKT_006812,medium,standard,2025-06-25 21:04:08,0,0,0.196
TCKT_066427,low,standard,2025-04-21 05:57:28,1,0,0.217
TCKT_045476,low,gold,2023-12-26 09:58:16,1,1,0.605
TCKT_055424,high,standard,2022-06-19 05:33:00,0,0,0.241
TCKT_049357,high,standard,2025-03-02 22:16:54,0,0,0.272
TCKT_030458,low,gold,2023-06-21 11:44:36,0,1,0.628
TCKT_067904,high,standard,2025-02-24 02:57:39,0,0,0.275
TCKT_075887,urgent,standard,2022-03-24 21:39:00,0,0,0.284
TCKT_038062,low,standard,2025-03-21 05:44:02,1,0,0.172
TCKT_077507,high,standard,2024-01-12 00:00:18,0,0,0.243
TCKT_073392,medium,standard,2022-02-09 17:51:54,0,0,0.253
TCKT_047767,urgent,gold,2025-10-08 08:27:34,0,1,0.736
TCKT_064919,medium,standard,2024-04-08 16:29:23,0,0,0.272
TCKT_095568,medium,platinum,2023-02-25 21:04:59,0,1,0.919
TCKT_081779,medium,standard,2025-05-05 20:04:48,0,0,0.254
TCKT_065004,medium,gold,2024-09-04 01:24:18,0,1,0.8
TCKT_074663,low,gold,2023-06-23 16:31:13,0,1,0.652
TCKT_045324,medium,standard,2023-09-17 15:49:18,1,0,0.258
TCKT_085446,low,standard,2023-06-10 01:55:59,0,0,0.185
TCKT_074261,medium,standard,2024-12-21 20:42:28,0,0,0.238
TCKT_099980,high,standard,2023-07-24 01:23:00,0,0,0.295
TCKT_043710,high,standard,2022-11-12 08:25:46,0,0,0.248
TCKT_071537,low,standard,2022-07-10 12:14:35,1,0,0.2
TCKT_018040,low,gold,2025-01-19 00:47:40,0,1,0.552
TCKT_018993,medium,standard,2022-12-07 07:57:21,0,0,0.228
TCKT_049974,medium,standard,2023-06-23 15:33:02,0,0,0.234
TCKT_076448,low,standard,2023-04-28 07:53:51,1,0,0.223
TCKT_055396,urgent,gold,2023-09-10 22:57:06,0,1,0.683
TCKT_013763,low,standard,2025-02-05 04:58:48,0,0,0.226
TCKT_061784,low,gold,2023-11-28 05:22:30,0,1,0.605
TCKT_003378,medium,standard,2023-08-21 13:07:39,0,0,0.259
TCKT_078360,medium,gold,2024-11-17 21:49:16,1,1,0.734
TCKT_063034,medium,standard,2025-02-20 00:09:46,1,0,0.243
TCKT_011812,medium,gold,2022-10-05 12:56:23,0,1,0.778
TCKT_083868,medium,gold,2022-06-20 23:10:28,1,1,0.768
TCKT_004406,urgent,standard,2024-03-12 13:32:53,0,0,0.293
TCKT_070696,medium,standard,2024-02-19 08:53:48,0,0,0.266
TCKT_087030,medium,standard,2025-09-06 10:08:24,0,0,0.261
TCKT_033791,low,standard,2024-06-30 22:30:29,0,0,0.242
TCKT_064453,low,standard,2022-10-31 05:05:41,0,0,0.218
TCKT_002814,low,standard,2022-10-21 12:15:17,0,0,0.22
TCKT_092898,high,standard,2022-09-10 23:05:27,0,0,0.263
TCKT_021200,low,standard,2024-09-04 15:06:04,0,0,0.246
TCKT_076721,medium,gold,2024-10-25 03:53:04,1,1,0.752
TCKT_006584,low,standard,2024-11-03 17:14:56,0,0,0.229
TCKT_081372,medium,gold,2025-06-11 15:30:27,1,1,0.764
TCKT_054058,high,gold,2023-05-28 14:54:17,0,1,0.758
TCKT_004521,medium,standard,2023-08-08 03:31:27,0,0,0.244
TCKT_015828,low,standard,2023-02-21 16:04:32,0,0,0.223
TCKT_088700,high,standard,2023-08-29 02:20:40,1,0,0.29
TCKT_065278,medium,standard,2023-08-27 15:25:52,0,0,0.239
TCKT_031222,medium,gold,2025-06-23 13:21:03,0,1,0.756
TCKT_019754,low,gold,2025-03-24 09:53:17,1,1,0.576
TCKT_050557,medium,standard,2023-09-19 19:57:52,0,0,0.234
TCKT_066882,low,standard,2024-05-02 18:05:47,0,0,0.209
TCKT_005262,low,standard,2024-05-03 08:22:17,0,0,0.269
TCKT_058410,medium,standard,2023-05-20 22:34:50,0,0,0.232
TCKT_089425,low,gold,2024-10-26 17:57:52,1,1,0.614
TCKT_082017,medium,standard,2024-10-31 02:55:17,0,0,0.226
TCKT_079864,medium,standard,2022-07-30 10:28:13,0,0,0.283
TCKT_002715,low,gold,2024-07-13 05:53:58,0,1,0.619
TCKT_096971,medium,standard,2023-08-27 04:53:39,1,0,0.228
TCKT_009118,low,gold,2024-07-01 08:00:51,0,1,0.625
TCKT_072071,high,standard,2022-12-23 23:47:32,0,0,0.294
TCKT_058528,medium,gold,2025-12-22 07:37:26,1,1,0.744
TCKT_094738,medium,gold,2022-06-30 19:14:14,1,1,0.723
TCKT_087844,low,gold,2025-04-11 14:22:18,0,1,0.604
TCKT_033956,medium,standard,2023-08-10 10:59:23,0,0,0.305
TCKT_034669,low,standard,2024-08-21 12:58:22,0,0,0.269
TCKT_016502,high,standard,2022-05-28 07:51:30,1,0,0.292
TCKT_000836,medium,gold,2022-05-06 21:24:57,1,1,0.786
TCKT_052444,low,platinum,2025-01-17 19:09:31,1,1,0.838
TCKT_053885,low,standard,2024-11-07 00:43:10,0,0,0.249
TCKT_009605,urgent,gold,2024-04-17 20:25:31,1,1,0.686
TCKT_038246,low,gold,2025-02-27 11:04:49,0,1,0.63
TCKT_056866,medium,gold,2024-01-09 17:57:39,1,1,0.757
TCKT_057247,low,gold,2022-04-30 04:44:34,1,1,0.659
TCKT_038231,medium,standard,2024-05-05 05:38:36,0,0,0.278
TCKT_062850,low,standard,2022-06-21 17:36:44,0,0,0.211
TCKT_065273,high,gold,2023-01-17 06:36:59,1,1,0.74
TCKT_009553,low,standard,2025-03-05 14:43:39,0,0,0.203
TCKT_093555,low,gold,2024-02-13 13:43:24,0,1,0.627
TCKT_067961,high,standard,2023-10-11 04:07:54,1,0,0.256
TCKT_034791,low,standard,2023-02-24 13:45:45,0,0,0.238
TCKT_091774,low,standard,2022-11-10 17:09:09,0,0,0.227
TCKT_018719,medium,standard,2023-02-07 11:01:31,1,0,0.282
TCKT_098654,low,platinum,2025-12-13 04:13:20,1,1,0.876
TCKT_036449,low,standard,2023-03-12 04:57:44,0,0,0.279
TCKT_080314,low,standard,2023-04-09 07:35:55,1,0,0.244
TCKT_069457,high,standard,2024-05-18 07:44:53,0,0,0.272
TCKT_034533,low,standard,2024-12-12 18:20:22,0,0,0.243
TCKT_089881,medium,platinum,2025-07-10 01:33:58,1,1,0.903
TCKT_008313,low,standard,2024-07-05 00:30:07,0,0,0.207
TCKT_009257,low,standard,2024-05-24 18:34:45,0,0,0.225
TCKT_020162,high,standard,2023-05-25 17:36:23,1,0,0.26
TCKT_025373,low,platinum,2023-03-28 17:40:27,1,1,0.856
TCKT_097234,low,gold,2023-01-02 21:06:14,0,1,0.622
TCKT_062350,medium,gold,2025-10-30 20:56:01,0,1,0.758
TCKT_057210,medium,standard,2022-06-30 08:21:50,0,0,0.249
TCKT_071936,medium,standard,2024-05-16 06:05:06,1,0,0.245
TCKT_030297,medium,standard,2022-04-25 11:30:03,1,0,0.262
TCKT_095700,low,standard,2025-11-17 16:46:27,0,0,0.192
TCKT_093481,low,gold,2025-06-19 03:18:12,1,1,0.612
TCKT_070960,high,gold,2024-11-25 05:45:15,1,1,0.759
TCKT_094375,high,standard,2024-07-12 21:11:37,0,0,0.216
TCKT_040928,low,standard,2023-12-02 21:52:46,1,0,0.237
TCKT_087202,low,standard,2025-08-16 03:38:05,0,0,0.241
TCKT_066372,medium,gold,2022-10-28 20:05:52,0,1,0.763
TCKT_090453,medium,gold,2024-01-29 07:55:33,1,1,0.771
TCKT_068821,high,platinum,2025-06-28 10:52:22,1,1,0.862
TCKT_026387,medium,gold,2025-12-24 22:33:47,1,1,0.706
TCKT_071521,low,standard,2022-12-16 20:34:01,0,0,0.238
TCKT_032545,low,standard,2024-07-17 18:23:23,0,0,0.236
TCKT_066692,low,standard,2025-12-16 15:59:00,0,0,0.238
TCKT_090705,urgent,standard,2023-08-24 00:47:01,0,0,0.326
TCKT_084000,low,standard,2024-10-15 19:27:07,0,0,0.209
TCKT_085068,low,standard,2024-07-20 11:17:17,0,0,0.241
TCKT_010805,medium,standard,2025-07-12 15:56:45,0,0,0.224
TCKT_043312,medium,gold,2022-02-21 14:23:01,1,1,0.773
TCKT_033354,medium,standard,2023-08-02 07:01:44,0,0,0.231
TCKT_082246,low,gold,2025-11-21 11:07:45,0,1,0.652
TCKT_056585,low,gold,2022-09-14 08:48:29,1,1,0.653
TCKT_004091,medium,standard,2025-01-29 03:00:21,0,0,0.25
TCKT_050408,high,standard,2025-01-14 17:01:59,0,0,0.256
TCKT_053156,low,standard,2023-08-31 20:00:00,0,0,0.245
TCKT_075044,low,gold,2023-06-10 17:36:00,1,1,0.58
TCKT_092362,low,gold,2024-09-04 21:11:59,1,1,0.639
TCKT_017316,low,gold,2022-06-16 03:54:03,1,1,0.594
TCKT_065049,low,standard,2025-08-17 07:33:10,0,0,0.227
TCKT_002457,medium,standard,2024-05-02 22:26:50,0,0,0.255
TCKT_073130,medium,standard,2025-07-06 06:41:58,0,0,0.262
TCKT_050318,medium,standard,2022-08-16 02:01:54,0,0,0.246
TCKT_098341,low,gold,2025-09-27 16:57:05,0,1,0.623
TCKT_051683,low,standard,2025-10-16 20:40:38,0,0,0.238
TCKT_077132,medium,standard,2025-12-11 06:13:11,0,0,0.239
TCKT_044060,medium,standard,2025-07-03 20:23:02,0,0,0.202
TCKT_088605,high,standard,2022-10-31 16:10:54,0,0,0.208
TCKT_053518,medium,standard,2023-01-17 09:41:23,0,0,0.249
TCKT_074411,medium,platinum,2023-01-05 19:05:25,1,1,0.895
TCKT_054536,high,standard,2024-03-18 09:27:39,1,0,0.267
TCKT_000878,medium,standard,2025-08-11 08:44:25,0,0,0.293
TCKT_035832,medium,gold,2022-12-28 08:22:53,0,1,0.781
TCKT_056162,medium,gold,2025-04-26 08:19:12,0,1,0.75
TCKT_098866,medium,platinum,2025-08-15 14:36:51,1,1,0.868
TCKT_001685,high,gold,2024-10-17 23:43:05,0,1,0.658
TCKT_019458,low,standard,2025-02-15 12:00:03,0,0,0.239
TCKT_040297,low,standard,2024-10-13 12:59:14,0,0,0.234
TCKT_060897,high,gold,2023-05-05 11:31:18,1,1,0.728
TCKT_055261,medium,standard,2023-06-15 10:28:26,0,0,0.264
TCKT_078424,medium,gold,2023-08-02 12:38:06,0,1,0.768
TCKT_076616,high,gold,2023-05-03 19:43:48,0,1,0.73
TCKT_033118,low,platinum,2024-07-09 06:07:00,1,1,0.865
TCKT_033344,low,platinum,2022-09-30 20:49:00,1,1,0.9
TCKT_051844,low,standard,2024-06-14 19:03:35,0,0,0.206
TCKT_066479,high,platinum,2025-07-28 12:35:58,1,1,0.875
TCKT_081319,high,standard,2024-03-13 22:02:08,0,0,0.227
TCKT_086694,medium,standard,2022-11-09 11:15:19,0,0,0.253
TCKT_061037,low,platinum,2025-07-29 01:25:42,1,1,0.863
TCKT_041942,low,standard,2023-03-26 14:42:34,0,0,0.228
TCKT_016032,low,platinum,2024-01-11 01:27:03,1,1,0.871
TCKT_091057,medium,gold,2022-03-14 18:29:25,0,1,0.77
TCKT_019128,low,standard,2025-04-22 06:39:19,0,0,0.23
TCKT_076916,high,standard,2024-07-20 17:51:32,0,0,0.247
TCKT_097403,medium,standard,2024-05-11 18:15:08,0,0,0.229
TCKT_087311,medium,platinum,2022-03-06 10:12:29,0,1,0.906
TCKT_004597,low,gold,2024-05-22 13:04:04,0,1,0.61
TCKT_080083,medium,gold,2024-11-08 06:42:50,0,1,0.764
TCKT_061169,high,standard,2024-05-14 04:58:18,0,0,0.264
TCKT_001641,low,standard,2024-12-04 22:19:30,1,0,0.213
TCKT_036826,low,platinum,2024-01-24 06:18:51,0,1,0.833
TCKT_085051,high,gold,2025-05-23 21:20:35,1,1,0.71
TCKT_044458,medium,gold,2022-07-13 05:06:21,1,1,0.778
TCKT_097143,high,standard,2022-01-31 06:45:56,0,0,0.264
TCKT_084669,medium,gold,2025-07-15 02:51:43,1,1,0.787
TCKT_098209,low,platinum,2025-05-10 01:25:37,1,1,0.867
TCKT_070923,medium,standard,2024-10-29 08:31:33,0,0,0.213
TCKT_084890,medium,standard,2024-12-12 10:33:00,0,0,0.235
TCKT_082708,low,standard,2024-11-13 13:47:37,0,0,0.211
TCKT_090276,medium,platinum,2023-04-04 14:44:49,1,1,0.878
TCKT_035103,medium,gold,2023-02-08 15:05:31,0,1,0.786
TCKT_063168,high,standard,2025-10-18 12:37:37,0,0,0.26
TCKT_066825,medium,gold,2022-06-29 20:07:51,0,1,0.774
TCKT_005139,low,platinum,2023-12-13 07:01:07,1,1,0.842
TCKT_060136,low,standard,2025-05-07 23:48:20,1,0,0.218
TCKT_098702,low,standard,2022-07-24 03:19:05,0,0,0.205
TCKT_066990,low,gold,2022-03-08 13:49:17,0,1,0.63
TCKT_068935,low,standard,2022-01-04 08:01:35,0,0,0.265
TCKT_084272,urgent,gold,2022-10-14 23:18:56,1,1,0.687
TCKT_003185,high,standard,2023-08-22 09:21:06,0,0,0.299
TCKT_021681,high,gold,2024-02-27 07:33:34,1,1,0.755
TCKT_080969,low,gold,2025-10-23 22:50:52,0,1,0.604
TCKT_009784,high,standard,2023-02-16 06:56:02,0,0,0.292
TCKT_067016,medium,standard,2023-12-02 08:40:02,1,0,0.26
TCKT_017056,low,gold,2023-08-19 09:40:05,0,1,0.578
TCKT_036365,medium,gold,2023-06-19 01:37:47,0,1,0.776
TCKT_082687,low,standard,2022-05-08 07:15:57,0,0,0.222
TCKT_014164,low,gold,2023-03-01 09:05:13,0,1,0.622
TCKT_076380,low,gold,2023-07-29 12:02:32,1,1,0.609
TCKT_035587,low,standard,2025-09-15 16:43:32,0,0,0.219
TCKT_051783,low,gold,2023-05-28 17:55:37,1,1,0.622
TCKT_038837,medium,standard,2025-09-03 17:32:19,1,0,0.218
TCKT_084921,medium,gold,2024-01-25 01:27:16,1,1,0.749
TCKT_014499,high,gold,2023-06-10 05:01:19,0,1,0.767
TCKT_003986,low,standard,2024-09-16 03:58:01,0,0,0.222
TCKT_073276,medium,gold,2025-01-14 21:51:12,1,1,0.731
TCKT_027694,low,standard,2024-05-11 01:02:01,0,0,0.214
TCKT_027603,urgent,standard,2025-01-01 20:25:48,0,0,0.27
TCKT_083634,low,gold,2024-09-23 00:33:39,1,1,0.642
TCKT_077125,high,gold,2025-10-17 21:54:17,0,1,0.721
TCKT_071367,low,standard,2025-08-08 19:38:11,0,0,0.22
TCKT_021241,low,standard,2022-02-01 08:38:45,0,0,0.232
TCKT_009044,low,standard,2022-01-26 18:25:00,0,0,0.211
TCKT_072434,low,standard,2024-04-01 19:11:28,0,0,0.218
TCKT_066900,low,gold,2022-08-09 18:13:25,0,1,0.614
TCKT_045738,high,standard,2022-01-14 01:02:08,0,0,0.265
TCKT_071307,medium,gold,2023-07-28 21:52:24,1,1,0.788
TCKT_003766,low,standard,2024-06-23 08:11:03,0,0,0.236
TCKT_039361,medium,gold,2024-11-08 01:15:50,1,1,0.797
TCKT_001859,high,standard,2024-10-10 09:26:55,0,0,0.264
TCKT_074479,medium,standard,2023-08-31 18:00:16,0,0,0.239
TCKT_024664,medium,gold,2025-01-30 16:53:41,0,1,0.767
TCKT_062451,medium,standard,2023-05-16 20:29:33,0,0,0.258
TCKT_041122,medium,standard,2023-12-26 01:23:11,0,0,0.261
TCKT_056293,medium,standard,2024-04-07 06:28:19,0,0,0.279
TCKT_037678,medium,standard,2024-06-02 02:26:25,1,0,0.213
TCKT_026742,high,standard,2022-07-12 07:19:53,0,0,0.282
TCKT_097019,low,platinum,2022-01-18 23:14:32,1,1,0.835
TCKT_001942,urgent,gold,2025-07-09 13:44:55,0,1,0.731
TCKT_054987,medium,standard,2025-10-12 09:13:31,0,0,0.21
TCKT_049474,high,standard,2024-10-01 03:06:36,1,0,0.258
TCKT_057492,high,standard,2022-11-22 01:08:46,0,0,0.257
TCKT_076614,high,gold,2022-01-06 07:00:00,1,1,0.739
TCKT_044441,medium,standard,2025-11-11 03:16:25,0,0,0.199
TCKT_030974,medium,gold,2025-04-20 07:08:55,1,1,0.788
TCKT_038819,high,standard,2022-09-04 23:55:07,0,0,0.265
TCKT_041885,low,standard,2023-06-13 13:47:22,0,0,0.253
TCKT_018762,medium,standard,2025-03-16 22:19:22,0,0,0.258
TCKT_079973,medium,standard,2022-09-14 04:32:51,0,0,0.236
TCKT_011712,medium,gold,2023-07-19 21:46:07,0,1,0.757
TCKT_009017,medium,gold,2024-03-05 18:29:27,0,1,0.754
TCKT_025440,medium,gold,2024-07-14 17:28:36,1,1,0.734
TCKT_082394,medium,gold,2023-02-26 11:14:47,1,1,0.759
TCKT_062942,medium,standard,2023-08-04 04:50:19,0,0,0.238
TCKT_072260,medium,gold,2022-09-27 02:04:57,1,1,0.786
TCKT_049229,low,standard,2022-03-28 06:30:29,0,0,0.239
TCKT_040975,high,standard,2024-05-25 02:14:15,0,0,0.262
TCKT_084793,low,standard,2025-05-06 18:40:23,1,0,0.203
TCKT_095851,medium,platinum,2025-02-14 01:41:33,1,1,0.902
TCKT_033136,low,standard,2025-07-27 22:26:45,1,0,0.215
TCKT_029645,low,standard,2025-10-22 15:16:51,1,0,0.237
TCKT_059061,low,standard,2024-06-20 18:16:33,0,0,0.228
TCKT_084112,medium,gold,2025-04-04 02:46:17,1,1,0.789
TCKT_043185,low,gold,2024-10-04 20:04:13,0,1,0.635
TCKT_098260,medium,standard,2024-12-18 17:17:45,0,0,0.209
TCKT_098813,medium,standard,2023-12-16 21:08:33,0,0,0.216
TCKT_008816,medium,standard,2023-01-04 19:18:40,0,0,0.242
TCKT_013279,medium,standard,2023-08-24 10:31:18,0,0,0.25
TCKT_012841,high,standard,2022-12-17 23:46:35,0,0,0.318
TCKT_005486,medium,standard,2024-06-07 07:30:27,0,0,0.242
TCKT_064677,medium,standard,2024-01-30 17:20:37,1,0,0.231
TCKT_007849,medium,gold,2022-08-24 05:28:24,1,1,0.738
TCKT_046089,low,standard,2022-01-23 06:23:51,0,0,0.232
TCKT_068216,medium,gold,2022-11-10 23:05:53,1,1,0.666
TCKT_006602,low,standard,2025-10-23 15:14:34,0,0,0.227
TCKT_027153,low,standard,2022-03-05 01:05:28,0,0,0.221
TCKT_098735,low,standard,2023-02-06 08:48:38,0,0,0.202
TCKT_042348,medium,gold,2024-04-06 22:58:46,1,1,0.742
TCKT_043190,low,standard,2023-01-14 10:30:16,0,0,0.228
TCKT_069405,low,standard,2024-06-03 02:02:05,0,0,0.194
TCKT_044648,low,standard,2025-05-05 18:07:22,0,0,0.23
TCKT_001974,high,gold,2023-12-21 21:47:30,1,1,0.718
TCKT_012078,high,standard,2024-10-07 09:56:01,0,0,0.312
TCKT_039930,low,standard,2024-10-10 20:45:36,0,0,0.21
TCKT_097620,low,standard,2024-09-23 19:57:00,0,0,0.212
TCKT_085349,high,standard,2025-06-26 23:16:19,0,0,0.294
TCKT_017785,medium,standard,2023-02-03 02:54:05,0,0,0.25
TCKT_099563,medium,standard,2024-06-12 08:05:29,0,0,0.238
TCKT_097959,low,gold,2024-02-28 02:55:30,1,1,0.565
TCKT_034122,high,gold,2025-11-19 01:46:02,1,1,0.709
TCKT_041079,medium,standard,2025-02-19 16:01:43,1,0,0.228
TCKT_036232,high,standard,2024-10-31 23:49:02,0,0,0.256
TCKT_032813,medium,gold,2023-06-01 03:50:20,1,1,0.788
TCKT_073457,medium,gold,2022-04-07 02:37:50,1,1,0.751
TCKT_065578,medium,standard,2025-05-07 17:06:36,0,0,0.197
TCKT_013428,medium,standard,2023-09-12 05:09:27,0,0,0.263
TCKT_050896,low,gold,2022-05-14 07:27:27,1,1,0.646
TCKT_036003,high,standard,2025-12-29 12:50:07,0,0,0.299
TCKT_026896,medium,standard,2023-02-05 18:48:06,1,0,0.227
TCKT_087375,high,platinum,2022-08-04 07:48:46,1,1,0.876
TCKT_022558,high,standard,2024-12-20 22:11:06,0,0,0.268
TCKT_058014,low,gold,2023-10-03 04:19:50,0,1,0.584
TCKT_071239,medium,gold,2022-07-08 00:03:39,1,1,0.729
TCKT_074730,low,platinum,2025-10-27 13:52:42,1,1,0.858
TCKT_099029,low,gold,2022-09-15 01:51:58,0,1,0.644
TCKT_091484,high,gold,2024-01-13 21:51:09,0,1,0.726
TCKT_017677,high,platinum,2025-12-03 04:31:01,1,1,0.868
TCKT_005063,low,gold,2025-04-14 11:48:50,0,1,0.632
TCKT_020105,low,gold,2022-06-08 15:50:48,1,1,0.619
TCKT_098417,medium,standard,2024-09-30 15:08:34,0,0,0.257
TCKT_032260,medium,standard,2022-01-09 01:55:15,0,0,0.293
TCKT_021130,medium,standard,2022-08-04 08:32:47,0,0,0.234
TCKT_004843,medium,standard,2023-08-18 16:11:05,1,0,0.257
TCKT_043470,low,standard,2024-08-13 16:08:29,0,0,0.26
TCKT_069882,high,standard,2023-03-06 23:03:48,0,0,0.358
TCKT_014550,low,gold,2023-11-02 06:44:55,0,1,0.568
TCKT_088860,high,standard,2023-05-11 17:45:52,0,0,0.238
TCKT_099891,high,standard,2022-07-26 03:26:30,0,0,0.276
TCKT_065395,medium,standard,2024-03-02 10:05:28,0,0,0.285
TCKT_064559,low,gold,2024-03-27 05:47:48,0,1,0.622
TCKT_036428,low,standard,2024-10-12 09:40:46,0,0,0.244
TCKT_079138,medium,standard,2022-03-28 21:02:55,0,0,0.238
TCKT_073362,medium,standard,2024-10-12 13:08:19,0,0,0.27
TCKT_019869,medium,gold,2025-07-31 20:23:01,1,1,0.767
TCKT_059505,high,standard,2025-02-12 20:32:21,0,0,0.259
TCKT_028794,medium,standard,2023-10-25 14:56:23,0,0,0.262
TCKT_035438,high,platinum,2024-11-28 11:04:39,1,1,0.868
TCKT_067153,medium,platinum,2023-12-05 04:00:07,1,1,0.866
TCKT_022847,medium,standard,2024-04-21 07:05:21,0,0,0.254
TCKT_008124,medium,standard,2024-10-24 20:38:04,0,0,0.239
TCKT_033454,medium,standard,2025-01-01 21:56:39,1,0,0.222
TCKT_025329,high,gold,2022-04-01 11:59:39,1,1,0.701
TCKT_093202,low,standard,2023-03-29 10:25:53,0,0,0.211
TCKT_055397,medium,platinum,2024-09-10 16:08:40,1,1,0.884
TCKT_077326,low,gold,2022-05-24 16:36:45,0,1,0.642
TCKT_030511,medium,standard,2022-01-23 19:00:44,1,0,0.242
TCKT_046991,low,standard,2022-05-25 06:40:58,0,0,0.202
TCKT_099315,low,standard,2023-08-23 18:34:08,0,0,0.253
TCKT_023177,medium,gold,2024-06-25 11:02:19,0,1,0.77
TCKT_085097,low,standard,2023-09-10 15:46:27,1,0,0.241
TCKT_013471,urgent,standard,2025-09-25 06:54:41,0,0,0.233
TCKT_004817,urgent,gold,2022-01-19 23:39:24,1,1,0.668
TCKT_042810,high,platinum,2024-11-17 21:33:12,1,1,0.884
TCKT_043037,medium,standard,2025-07-25 15:26:04,1,0,0.245
TCKT_017141,medium,standard,2025-06-27 19:51:25,0,0,0.242
TCKT_017713,low,standard,2025-03-18 03:02:38,0,0,0.269
TCKT_018473,low,standard,2025-06-25 11:57:59,0,0,0.276
TCKT_007880,high,platinum,2024-03-23 13:15:04,0,1,0.894
TCKT_050901,medium,gold,2025-05-11 02:22:49,0,1,0.763
TCKT_094728,high,standard,2024-08-04 04:39:56,0,0,0.22
TCKT_063809,low,gold,2023-01-07 20:28:53,0,1,0.617
TCKT_064688,low,standard,2022-02-25 06:27:15,0,0,0.224
TCKT_057732,low,standard,2022-12-07 02:33:16,1,0,0.246
TCKT_053300,high,standard,2022-02-16 23:31:02,0,0,0.286
TCKT_012276,low,standard,2024-02-12 18:06:35,0,0,0.203
TCKT_079804,low,standard,2025-05-17 23:00:44,0,0,0.258
TCKT_099041,medium,standard,2022-08-24 07:21:16,1,0,0.245
TCKT_066902,low,platinum,2025-05-17 06:08:47,1,1,0.882
TCKT_001683,medium,standard,2025-12-18 07:32:25,0,0,0.255
TCKT_037153,high,gold,2023-09-07 02:10:10,1,1,0.706
TCKT_093765,medium,platinum,2025-12-03 18:37:12,1,1,0.871
TCKT_080647,medium,standard,2024-03-03 06:16:32,0,0,0.278
TCKT_061451,medium,standard,2024-04-23 09:53:02,0,0,0.264
TCKT_042226,low,standard,2023-06-30 12:49:24,1,0,0.223
TCKT_048612,low,standard,2024-06-08 07:36:24,0,0,0.235
TCKT_082269,low,gold,2022-02-19 16:28:32,1,1,0.627
TCKT_035810,low,standard,2022-09-09 09:09:06,1,0,0.2
TCKT_044547,low,standard,2024-11-26 05:12:41,0,0,0.249
TCKT_036611,low,standard,2025-02-09 02:55:23,0,0,0.206
TCKT_070869,low,standard,2025-04-27 17:55:16,0,0,0.189
TCKT_080918,low,gold,2023-04-16 17:21:33,1,1,0.635
TCKT_024562,high,standard,2022-06-16 00:46:39,0,0,0.299
TCKT_023658,high,standard,2025-01-16 08:15:33,0,0,0.294
TCKT_092119,low,gold,2024-10-12 00:45:23,0,1,0.603
TCKT_048568,low,standard,2023-12-29 00:50:04,0,0,0.174
TCKT_067374,medium,gold,2024-03-16 15:56:29,1,1,0.75
TCKT_053963,medium,platinum,2022-03-13 19:33:42,1,1,0.879
TCKT_026427,low,standard,2024-09-27 19:03:48,0,0,0.182
TCKT_053002,medium,gold,2023-06-14 00:39:53,0,1,0.809
TCKT_055294,low,standard,2022-01-15 01:20:18,0,0,0.219
TCKT_061740,low,platinum,2022-11-18 04:35:58,1,1,0.881
TCKT_086891,low,gold,2022-05-01 00:53:40,1,1,0.598
TCKT_070273,medium,gold,2025-08-20 14:21:58,0,1,0.748
TCKT_029879,low,standard,2022-09-16 08:14:26,0,0,0.23
TCKT_058469,medium,gold,2024-03-18 14:23:54,0,1,0.78
TCKT_066790,high,platinum,2025-09-29 17:10:27,1,1,0.879
TCKT_092218,high,gold,2022-06-24 20:01:15,0,1,0.719
TCKT_065906,low,gold,2024-12-19 19:40:46,1,1,0.582
TCKT_064483,high,standard,2025-11-01 01:49:25,0,0,0.263
TCKT_088094,high,gold,2023-06-30 23:18:08,0,1,0.689
TCKT_057180,medium,standard,2022-07-29 19:36:38,0,0,0.244
TCKT_081549,low,standard,2022-10-06 07:33:20,1,0,0.232
TCKT_034027,medium,gold,2023-03-02 19:41:41,1,1,0.758
TCKT_061842,low,standard,2023-07-02 16:13:19,1,0,0.271
TCKT_016785,low,gold,2025-11-24 03:58:34,0,1,0.583
TCKT_071482,medium,standard,2025-02-01 06:51:00,0,0,0.263
TCKT_024115,low,standard,2024-02-08 03:31:26,0,0,0.217
TCKT_085644,medium,gold,2023-04-05 01:56:55,1,1,0.761
TCKT_049318,low,standard,2025-05-16 06:48:49,1,0,0.189
TCKT_054306,low,standard,2022-03-13 18:41:04,0,0,0.2
TCKT_032118,high,gold,2024-02-17 02:53:21,0,1,0.773
TCKT_024151,low,standard,2025-01-12 23:58:07,0,0,0.279
TCKT_082151,medium,standard,2023-02-17 01:36:40,0,0,0.268
TCKT_006882,medium,standard,2024-08-03 02:06:50,1,0,0.253
TCKT_018874,medium,standard,2025-03-01 06:00:03,1,0,0.228
TCKT_003716,medium,standard,2025-04-21 10:41:59,0,0,0.253
TCKT_017404,medium,gold,2023-03-26 01:45:35,1,1,0.782
TCKT_023929,low,standard,2023-09-26 07:51:56,0,0,0.196
TCKT_086757,medium,standard,2025-04-20 11:45:57,1,0,0.26
TCKT_001872,low,gold,2023-03-23 01:41:20,1,1,0.593
TCKT_050223,high,standard,2023-01-11 11:56:37,0,0,0.324
TCKT_042025,high,standard,2024-01-26 06:20:02,0,0,0.309
TCKT_089024,low,platinum,2023-06-09 16:22:39,1,1,0.867
TCKT_024407,low,standard,2022-02-01 20:03:41,0,0,0.199
TCKT_012061,urgent,standard,2025-05-20 07:18:30,0,0,0.228
TCKT_065734,medium,standard,2025-04-11 12:54:25,0,0,0.244
TCKT_059246,urgent,gold,2022-09-15 01:41:51,1,1,0.729
TCKT_007578,low,platinum,2022-09-10 07:55:39,1,1,0.891
TCKT_048435,high,gold,2022-04-06 04:55:56,1,1,0.747
TCKT_030674,medium,standard,2022-09-02 08:51:14,0,0,0.26
TCKT_088146,high,gold,2025-10-10 07:10:00,1,1,0.734
TCKT_027077,medium,standard,2024-06-12 21:59:23,0,0,0.247
TCKT_074388,medium,gold,2023-08-20 16:22:13,1,1,0.782
TCKT_007015,medium,standard,2024-03-07 06:15:52,1,0,0.213
TCKT_047418,medium,gold,2022-06-10 08:14:26,1,1,0.785
TCKT_019848,low,gold,2023-12-11 18:26:26,1,1,0.607
TCKT_056784,medium,standard,2023-02-14 10:50:08,0,0,0.252
TCKT_058945,high,standard,2024-06-03 23:23:05,0,0,0.274
TCKT_053208,medium,gold,2025-06-05 04:22:16,0,1,0.75
TCKT_083452,medium,gold,2022-12-26 11:59:48,0,1,0.761
TCKT_041848,urgent,standard,2024-03-23 07:25:59,0,0,0.287
TCKT_066071,medium,gold,2023-12-15 12:40:43,0,1,0.741
TCKT_069791,medium,gold,2023-03-07 23:35:22,0,1,0.721
TCKT_020304,high,standard,2023-01-15 00:52:36,0,0,0.226
TCKT_078030,high,standard,2025-03-12 18:13:27,1,0,0.316
TCKT_008616,low,standard,2023-10-23 07:56:24,0,0,0.247
TCKT_079791,medium,gold,2025-02-06 22:35:03,0,1,0.7
TCKT_051762,medium,standard,2025-04-11 22:05:26,0,0,0.216
TCKT_052525,medium,gold,2025-04-23 23:07:27,0,1,0.697
TCKT_099036,medium,platinum,2025-04-19 16:36:11,1,1,0.906
TCKT_027740,medium,standard,2023-04-03 18:20:27,0,0,0.245
TCKT_014788,low,standard,2022-08-25 17:40:34,0,0,0.23
TCKT_023516,medium,standard,2025-01-01 23:32:14,0,0,0.245
TCKT_077239,medium,gold,2022-07-07 04:47:12,0,1,0.789
TCKT_038175,high,standard,2024-05-22 09:14:21,0,0,0.33
TCKT_038919,medium,standard,2023-01-24 09:09:34,1,0,0.246
TCKT_008341,high,gold,2025-11-26 17:06:00,1,1,0.755
TCKT_077604,low,standard,2023-07-08 21:36:16,0,0,0.257
TCKT_067151,medium,gold,2024-09-10 02:42:27,1,1,0.758
TCKT_092586,medium,standard,2025-10-11 00:26:22,1,0,0.239
TCKT_005496,medium,standard,2025-03-10 23:14:24,0,0,0.247
TCKT_067772,low,standard,2022-02-05 10:14:18,0,0,0.234
TCKT_085132,low,standard,2023-03-01 06:01:53,0,0,0.212
TCKT_062554,medium,gold,2024-03-17 00:26:56,1,1,0.807
TCKT_014597,medium,gold,2025-04-12 18:38:36,1,1,0.757
TCKT_040805,low,platinum,2022-04-28 03:03:54,0,1,0.858
TCKT_007308,medium,gold,2022-07-23 16:06:34,0,1,0.77
TCKT_036836,high,gold,2023-12-24 03:24:06,0,1,0.727
TCKT_018131,urgent,platinum,2022-11-12 06:43:38,0,1,0.788
TCKT_062148,medium,gold,2024-11-07 18:34:16,1,1,0.749
TCKT_046970,high,standard,2022-11-16 21:09:38,0,0,0.256
TCKT_046239,medium,platinum,2023-02-17 17:23:17,1,1,0.865
TCKT_053478,medium,gold,2023-12-25 00:25:58,1,1,0.764
TCKT_097223,low,standard,2024-09-29 14:34:30,0,0,0.252
TCKT_022487,low,standard,2024-06-02 12:26:54,0,0,0.22
TCKT_076770,low,gold,2022-04-08 10:40:36,1,1,0.645
TCKT_032682,high,standard,2024-06-07 15:01:51,0,0,0.302
TCKT_067815,medium,gold,2025-09-29 20:31:25,0,1,0.765
TCKT_019851,medium,gold,2025-11-11 22:06:31,1,1,0.741
TCKT_012901,high,gold,2025-11-30 04:05:35,1,1,0.721
TCKT_035604,low,standard,2023-02-24 14:05:42,0,0,0.187
TCKT_038507,low,standard,2022-06-28 06:42:54,0,0,0.212
TCKT_088036,low,standard,2024-05-18 14:28:30,0,0,0.208
TCKT_042540,low,standard,2025-04-29 17:39:52,0,0,0.221
TCKT_049206,high,gold,2025-10-20 00:02:07,1,1,0.771
TCKT_097054,medium,standard,2022-07-26 13:01:00,0,0,0.205
TCKT_006948,urgent,gold,2023-03-06 23:17:15,1,1,0.683
TCKT_098565,high,platinum,2025-07-23 22:19:42,1,1,0.845
TCKT_027920,low,gold,2025-03-19 08:40:36,1,1,0.573
TCKT_025830,low,standard,2023-08-19 08:33:00,0,0,0.224
TCKT_091772,medium,gold,2022-11-28 01:28:36,0,1,0.73
TCKT_007908,medium,gold,2023-03-07 21:05:50,0,1,0.771
TCKT_048675,low,gold,2024-04-12 15:01:59,1,1,0.63
TCKT_023230,medium,standard,2024-10-05 14:25:44,0,0,0.288
TCKT_082268,medium,standard,2023-05-29 12:38:41,0,0,0.232
TCKT_045291,low,standard,2022-02-06 23:29:28,0,0,0.225
TCKT_011694,low,gold,2024-01-26 19:38:45,1,1,0.615
TCKT_069622,medium,standard,2024-02-21 13:42:47,0,0,0.267
TCKT_097622,high,platinum,2024-07-16 16:20:39,1,1,0.828
TCKT_019208,low,standard,2025-01-18 11:15:19,0,0,0.248
TCKT_073693,high,standard,2023-04-24 08:07:12,0,0,0.275
TCKT_056499,low,gold,2022-07-01 05:46:53,0,1,0.655
TCKT_040625,high,gold,2024-11-09 01:50:37,0,1,0.745
TCKT_077434,low,gold,2025-01-21 21:53:21,0,1,0.564
TCKT_046712,low,standard,2022-05-13 20:15:04,0,0,0.235
TCKT_059791,medium,standard,2025-06-09 10:38:22,0,0,0.244
TCKT_016842,high,gold,2023-07-01 03:41:34,0,1,0.764
TCKT_031789,low,gold,2022-10-13 21:05:11,1,1,0.624
TCKT_079115,low,gold,2023-01-16 04:42:10,0,1,0.604
TCKT_000144,urgent,standard,2024-09-11 23:45:40,0,0,0.36
TCKT_090305,medium,standard,2024-04-09 19:12:13,0,0,0.255
TCKT_025715,high,gold,2024-06-08 22:22:06,1,1,0.721
TCKT_051726,medium,gold,2024-04-23 21:32:05,1,1,0.762
TCKT_031885,medium,standard,2024-12-09 05:04:58,0,0,0.246
TCKT_039707,low,standard,2022-12-28 15:27:21,0,0,0.196
TCKT_006130,low,standard,2024-06-01 13:04:42,0,0,0.228
TCKT_069261,low,standard,2023-09-28 00:09:01,0,0,0.24
TCKT_067668,low,standard,2025-05-07 19:56:44,0,0,0.248
TCKT_012409,medium,gold,2025-04-29 03:50:42,1,1,0.739
TCKT_048854,high,standard,2025-07-30 07:02:11,0,0,0.267
TCKT_040453,medium,gold,2022-02-11 06:19:25,0,1,0.789
TCKT_026667,low,gold,2025-08-30 19:37:50,0,1,0.533
TCKT_097196,low,standard,2024-11-19 07:23:36,1,0,0.231
TCKT_047048,medium,standard,2025-01-14 15:23:46,0,0,0.226
TCKT_065512,high,standard,2023-07-20 01:53:55,0,0,0.261
TCKT_032392,low,gold,2022-10-08 08:21:34,0,1,0.642
TCKT_001726,medium,standard,2022-01-17 09:53:58,0,0,0.237
TCKT_069093,low,standard,2023-03-04 06:02:23,0,0,0.224
TCKT_016865,high,gold,2023-02-23 21:52:17,1,1,0.724
TCKT_039375,high,standard,2023-12-23 21:45:09,1,0,0.223
TCKT_060665,urgent,standard,2024-01-03 21:53:24,0,0,0.341
TCKT_060414,low,platinum,2025-11-01 20:04:56,1,1,0.867
TCKT_003087,low,standard,2025-10-25 04:20:03,0,0,0.237
TCKT_019861,low,standard,2025-07-24 13:53:59,1,0,0.218
TCKT_095414,urgent,standard,2025-07-17 17:35:58,1,0,0.324
TCKT_095988,medium,standard,2025-12-24 00:26:34,1,0,0.257
TCKT_077871,high,gold,2022-01-09 08:28:11,0,1,0.708
TCKT_000007,urgent,gold,2024-11-01 16:14:51,1,1,0.732
TCKT_057197,high,standard,2022-08-25 19:44:02,0,0,0.263
TCKT_075813,medium,standard,2023-03-28 01:11:19,0,0,0.194
TCKT_086649,low,standard,2023-07-10 20:04:38,0,0,0.211
TCKT_070066,medium,standard,2022-06-11 10:37:27,1,0,0.265
TCKT_011580,medium,gold,2025-08-16 10:38:07,1,1,0.786
TCKT_002112,medium,standard,2024-12-17 16:45:06,0,0,0.292
TCKT_061559,high,standard,2025-09-03 19:19:29,0,0,0.25
TCKT_060429,medium,standard,2025-01-12 23:13:51,0,0,0.197
TCKT_089926,low,gold,2024-04-22 06:33:00,0,1,0.64
TCKT_021481,low,gold,2022-11-16 00:28:59,0,1,0.641
TCKT_046897,medium,standard,2023-08-09 18:41:25,0,0,0.241
TCKT_090008,medium,standard,2023-01-04 19:03:49,1,0,0.233
TCKT_094222,medium,gold,2022-03-11 20:20:02,1,1,0.764
TCKT_014596,medium,standard,2024-08-03 02:59:49,0,0,0.233
TCKT_058997,medium,standard,2025-10-04 03:05:00,0,0,0.235
TCKT_055735,medium,gold,2025-02-05 14:08:31,0,1,0.79
TCKT_088859,medium,standard,2025-08-06 21:12:54,0,0,0.201
TCKT_006754,high,gold,2022-03-01 16:12:23,1,1,0.731
TCKT_039600,high,standard,2022-08-18 19:36:32,0,0,0.284
TCKT_067031,high,standard,2023-06-27 22:22:26,0,0,0.237
TCKT_030090,low,gold,2025-04-13 21:35:32,1,1,0.637
TCKT_052932,high,gold,2023-09-16 18:23:27,1,1,0.752
TCKT_072171,low,gold,2025-05-20 11:57:34,1,1,0.609
TCKT_035761,medium,standard,2022-06-08 16:55:24,0,0,0.251
TCKT_078920,medium,standard,2023-11-02 09:40:04,1,0,0.259
TCKT_077648,low,gold,2022-08-20 15:25:53,1,1,0.64
TCKT_013770,low,standard,2025-01-30 10:04:27,0,0,0.265
TCKT_055405,low,standard,2024-10-04 10:03:50,1,0,0.202
TCKT_002600,low,gold,2023-11-02 18:25:22,0,1,0.598
TCKT_047061,low,standard,2022-02-07 15:19:36,0,0,0.236
TCKT_083548,medium,gold,2023-10-13 21:42:36,1,1,0.727
TCKT_038287,medium,standard,2025-08-12 01:09:05,0,0,0.251
TCKT_050029,medium,standard,2024-08-03 01:13:53,0,0,0.236
TCKT_076322,high,standard,2025-12-16 09:37:23,0,0,0.26
TCKT_030282,medium,standard,2025-01-08 05:02:54,0,0,0.232
TCKT_004286,high,standard,2025-04-17 09:51:48,0,0,0.291
TCKT_038584,medium,standard,2025-04-20 14:49:26,0,0,0.211
TCKT_021749,low,standard,2023-10-08 03:34:59,0,0,0.28
TCKT_019545,low,standard,2023-07-11 15:03:06,0,0,0.202
TCKT_013311,low,gold,2022-01-11 14:25:18,0,1,0.647
TCKT_011274,medium,gold,2025-10-28 12:14:13,0,1,0.744
TCKT_090782,medium,standard,2025-06-09 21:22:04,0,0,0.273
TCKT_009808,high,gold,2025-12-25 14:21:37,1,1,0.716
TCKT_071244,low,standard,2022-03-31 21:09:18,0,0,0.223
TCKT_043748,medium,gold,2022-10-08 20:53:16,1,1,0.754
TCKT_084157,high,standard,2023-04-15 18:04:34,1,0,0.276
TCKT_081296,low,standard,2025-02-27 08:03:17,0,0,0.207
TCKT_078346,low,standard,2024-10-04 15:56:39,0,0,0.241
TCKT_075723,high,standard,2023-10-21 13:48:46,0,0,0.282
TCKT_011785,medium,standard,2023-02-24 18:58:40,0,0,0.234
TCKT_093243,medium,standard,2023-10-04 06:20:29,0,0,0.241
TCKT_047114,low,standard,2024-01-29 16:37:13,0,0,0.194
TCKT_097473,low,standard,2025-06-05 12:01:36,0,0,0.217
TCKT_007627,low,standard,2023-06-07 13:40:45,1,0,0.212
TCKT_090766,low,platinum,2024-02-27 04:33:01,1,1,0.852
TCKT_053969,low,standard,2025-02-18 10:43:02,0,0,0.233
TCKT_099477,low,standard,2022-03-10 14:33:27,0,0,0.219
TCKT_005121,medium,platinum,2022-10-27 08:10:57,1,1,0.908
TCKT_059465,low,standard,2022-08-13 14:54:40,0,0,0.236
TCKT_000396,medium,gold,2024-08-02 03:32:38,0,1,0.776
TCKT_054050,low,standard,2023-03-04 13:29:48,0,0,0.249
TCKT_033484,low,platinum,2024-05-23 09:11:57,1,1,0.863
TCKT_044112,low,gold,2023-05-01 05:33:45,1,1,0.596
TCKT_027300,low,gold,2024-03-03 02:40:16,0,1,0.645
TCKT_078550,low,gold,2022-06-01 01:54:22,1,1,0.604
TCKT_011401,low,standard,2023-07-14 19:32:42,0,0,0.204
TCKT_023677,low,gold,2022-09-04 20:04:28,1,1,0.6
TCKT_054518,medium,standard,2023-11-18 10:58:08,0,0,0.251
TCKT_039345,low,standard,2023-11-28 23:43:33,0,0,0.217
TCKT_040189,medium,gold,2023-09-05 01:26:40,0,1,0.763
TCKT_079904,medium,gold,2023-03-11 00:27:17,1,1,0.738
TCKT_060818,low,standard,2022-08-17 22:11:31,0,0,0.201
TCKT_086713,high,standard,2024-10-06 16:54:02,0,0,0.269
TCKT_076151,high,gold,2025-01-06 18:03:08,1,1,0.77
TCKT_099912,medium,gold,2025-05-12 11:41:00,0,1,0.749
TCKT_009033,medium,standard,2023-05-24 15:04:46,0,0,0.206
TCKT_058584,low,standard,2024-03-04 21:56:36,0,0,0.206
TCKT_005771,low,standard,2025-04-19 04:55:25,0,0,0.216
TCKT_067314,low,standard,2025-12-27 12:21:49,0,0,0.218
TCKT_086275,medium,gold,2022-08-16 16:22:28,1,1,0.77
TCKT_017816,medium,standard,2024-07-30 05:23:33,0,0,0.233
TCKT_011721,medium,gold,2024-06-16 07:36:09,1,1,0.786
TCKT_038723,high,standard,2022-06-27 07:29:21,0,0,0.271
TCKT_058567,medium,platinum,2022-08-09 06:00:12,1,1,0.91
TCKT_019309,high,standard,2025-02-20 19:22:58,0,0,0.253
TCKT_024793,medium,standard,2023-03-30 00:38:07,0,0,0.218
TCKT_037317,low,gold,2022-08-09 15:30:15,1,1,0.608
TCKT_012887,low,standard,2023-12-05 07:14:11,0,0,0.253
TCKT_022292,low,standard,2022-06-01 01:46:34,0,0,0.244
TCKT_082750,low,standard,2024-04-23 18:17:59,0,0,0.218
TCKT_052103,medium,gold,2023-12-18 22:29:49,1,1,0.77
TCKT_089553,low,gold,2024-03-27 03:48:01,1,1,0.653
TCKT_074055,medium,standard,2023-07-10 20:16:57,0,0,0.231
TCKT_060120,medium,standard,2023-03-31 19:55:25,0,0,0.243
TCKT_074689,high,standard,2024-03-23 20:29:26,0,0,0.21
TCKT_062203,medium,standard,2025-07-20 19:17:20,1,0,0.216
TCKT_017649,medium,standard,2023-12-10 01:33:54,0,0,0.242
TCKT_041860,urgent,gold,2025-12-03 18:30:14,0,1,0.745
TCKT_047327,high,standard,2022-01-04 10:33:16,0,0,0.311
TCKT_058538,low,standard,2023-07-06 08:30:45,0,0,0.212
TCKT_014389,medium,platinum,2022-02-05 13:55:07,1,1,0.911
TCKT_007727,low,standard,2025-09-29 19:56:53,0,0,0.213
TCKT_085343,low,standard,2024-09-02 14:22:08,0,0,0.213
TCKT_026063,low,standard,2025-09-03 02:52:50,0,0,0.19
TCKT_041882,low,standard,2022-09-04 19:24:02,0,0,0.238
TCKT_075025,high,standard,2023-08-14 02:06:23,0,0,0.24
TCKT_012743,high,gold,2025-05-15 09:11:29,1,1,0.748
TCKT_092203,low,gold,2022-05-30 14:52:11,1,1,0.605
TCKT_096740,low,gold,2023-05-30 12:07:44,0,1,0.637
TCKT_093907,low,standard,2022-09-23 10:08:12,0,0,0.25
TCKT_091616,low,gold,2025-05-10 18:10:07,1,1,0.593
TCKT_037099,low,standard,2023-05-27 20:34:40,1,0,0.217
TCKT_085330,low,standard,2025-10-24 04:11:11,1,0,0.232
TCKT_046827,low,gold,2025-11-18 11:12:32,1,1,0.578
TCKT_004253,medium,standard,2025-06-03 12:38:36,0,0,0.229
TCKT_052491,low,gold,2022-02-05 18:57:25,0,1,0.598
TCKT_084796,low,standard,2023-12-12 08:58:45,1,0,0.212
TCKT_037478,medium,standard,2022-08-15 19:35:38,1,0,0.251
TCKT_056345,low,standard,2022-06-16 02:52:17,0,0,0.249
TCKT_002264,medium,standard,2025-12-16 04:47:56,0,0,0.198
TCKT_055173,medium,standard,2025-01-18 21:23:28,0,0,0.229
TCKT_099160,urgent,gold,2025-03-21 14:45:35,0,1,0.721
TCKT_004163,urgent,gold,2022-09-19 02:41:22,1,1,0.749
TCKT_005536,low,standard,2025-09-16 12:22:59,0,0,0.217
TCKT_014891,low,standard,2024-01-14 18:50:55,0,0,0.233
TCKT_055517,low,platinum,2025-08-17 06:29:47,1,1,0.87
TCKT_032788,low,gold,2024-04-04 08:03:52,0,1,0.634
TCKT_057441,urgent,standard,2024-08-28 10:58:09,1,0,0.241
TCKT_073117,medium,gold,2024-05-22 12:14:43,1,1,0.767
TCKT_067367,medium,gold,2025-05-02 10:02:04,1,1,0.763
TCKT_064426,low,standard,2023-08-07 07:35:16,0,0,0.208
TCKT_049158,low,standard,2025-06-12 02:55:52,0,0,0.238
TCKT_087957,urgent,standard,2023-06-22 23:34:26,0,0,0.334
TCKT_033303,high,standard,2022-08-01 08:04:18,0,0,0.321
TCKT_076870,low,standard,2025-08-23 22:00:38,0,0,0.237
TCKT_029166,low,standard,2023-12-01 00:46:06,0,0,0.213
TCKT_076981,low,gold,2024-12-10 04:08:40,1,1,0.632
TCKT_099568,high,standard,2023-01-03 16:44:45,0,0,0.271
TCKT_030949,medium,gold,2025-02-16 12:05:46,1,1,0.771
TCKT_068464,medium,platinum,2023-03-18 11:05:35,1,1,0.917
TCKT_035465,high,standard,2022-03-19 06:28:40,0,0,0.219
TCKT_016067,low,standard,2024-03-06 02:53:05,0,0,0.214
TCKT_042242,low,standard,2023-09-14 18:48:51,0,0,0.208
TCKT_089202,high,platinum,2024-03-04 07:38:31,1,1,0.825
TCKT_050755,medium,standard,2024-11-08 22:40:30,1,0,0.238
TCKT_089582,urgent,gold,2022-12-03 15:01:31,1,1,0.753
TCKT_084388,high,gold,2023-11-29 14:28:15,1,1,0.732
TCKT_022350,low,gold,2022-05-05 08:09:53,0,1,0.644
TCKT_015404,low,platinum,2024-02-20 19:51:17,1,1,0.867
TCKT_088663,low,standard,2024-10-31 12:41:43,0,0,0.206
TCKT_085794,high,standard,2025-04-07 14:48:42,0,0,0.282
TCKT_084035,high,standard,2023-12-08 04:09:43,0,0,0.271
TCKT_010530,medium,gold,2024-10-21 13:58:34,1,1,0.756
TCKT_017369,high,standard,2024-11-16 05:05:35,0,0,0.251
TCKT_022483,medium,standard,2025-06-21 19:01:50,1,0,0.258
TCKT_010669,low,gold,2025-05-31 22:45:04,0,1,0.645
TCKT_088625,medium,standard,2022-12-02 00:22:59,0,0,0.209
TCKT_055404,low,standard,2023-04-13 10:00:07,0,0,0.223
TCKT_062500,urgent,standard,2024-12-09 23:48:58,0,0,0.318
TCKT_070665,low,standard,2025-01-28 10:37:47,0,0,0.231
TCKT_036537,medium,standard,2025-06-25 21:41:07,0,0,0.234
TCKT_051818,medium,standard,2025-07-29 03:50:54,0,0,0.226
TCKT_056897,medium,standard,2023-09-03 00:36:57,1,0,0.251
TCKT_046695,medium,gold,2022-08-28 08:58:39,0,1,0.769
TCKT_082622,low,standard,2022-06-08 22:30:22,0,0,0.24
TCKT_016238,medium,gold,2025-01-09 00:12:35,1,1,0.742
TCKT_090033,high,standard,2024-03-15 07:35:09,0,0,0.297
TCKT_019352,medium,gold,2024-11-17 18:36:50,0,1,0.744
TCKT_055607,medium,gold,2024-10-10 19:29:17,1,1,0.764
TCKT_087430,low,gold,2022-01-31 20:33:01,0,1,0.597
TCKT_064766,medium,standard,2023-05-07 06:21:15,0,0,0.233
TCKT_098151,medium,standard,2022-11-16 05:25:58,0,0,0.231
TCKT_011392,low,gold,2022-05-26 20:08:38,0,1,0.667
TCKT_056952,low,gold,2025-10-14 22:56:02,0,1,0.61
TCKT_091917,low,standard,2025-01-12 21:32:22,1,0,0.226
TCKT_038039,medium,standard,2022-06-21 21:23:02,0,0,0.221
TCKT_064065,medium,platinum,2023-01-31 23:17:04,1,1,0.844
TCKT_067606,high,gold,2023-10-07 00:25:33,1,1,0.741
TCKT_046471,high,standard,2025-03-11 07:56:10,0,0,0.269
TCKT_015107,low,standard,2023-12-26 03:43:18,1,0,0.23
TCKT_071947,low,gold,2025-06-29 04:56:29,1,1,0.533
TCKT_095925,medium,standard,2023-05-09 07:19:33,0,0,0.249
TCKT_049843,medium,gold,2025-03-04 21:13:59,1,1,0.732
TCKT_017851,low,standard,2025-05-03 03:03:40,0,0,0.22
TCKT_013136,low,gold,2023-12-08 15:42:11,1,1,0.632
TCKT_067993,high,standard,2024-11-29 11:57:15,0,0,0.241
TCKT_017244,medium,gold,2024-03-11 12:26:24,0,1,0.737
TCKT_045963,medium,standard,2024-02-26 08:04:19,0,0,0.246
TCKT_024463,medium,gold,2024-10-28 19:39:21,0,1,0.749
TCKT_019108,low,standard,2024-04-08 23:49:03,0,0,0.236
TCKT_017422,medium,standard,2024-04-03 20:13:13,0,0,0.244
TCKT_012864,low,standard,2024-10-16 18:58:19,1,0,0.212
TCKT_083372,high,standard,2022-02-08 02:04:59,0,0,0.243
TCKT_077238,high,platinum,2022-06-19 09:47:39,1,1,0.895
TCKT_080195,medium,standard,2025-11-18 19:54:19,0,0,0.233
TCKT_070306,high,standard,2024-02-01 18:00:41,0,0,0.253
TCKT_017317,medium,platinum,2023-11-17 03:14:01,0,1,0.911
TCKT_072626,medium,standard,2022-02-27 21:10:41,0,0,0.255
TCKT_019620,medium,standard,2022-03-25 14:35:33,0,0,0.266
TCKT_076875,low,standard,2025-06-03 18:06:52,1,0,0.213
TCKT_094542,medium,standard,2025-01-01 12:41:08,0,0,0.207
TCKT_022159,low,standard,2023-08-23 17:27:18,0,0,0.222
TCKT_076446,low,standard,2024-01-14 07:29:16,0,0,0.234
TCKT_029623,medium,standard,2024-09-19 17:40:40,0,0,0.265
TCKT_001362,medium,platinum,2022-09-27 12:23:36,1,1,0.893
TCKT_091507,medium,standard,2024-10-14 09:01:16,1,0,0.245
TCKT_093915,low,standard,2025-01-28 13:48:37,0,0,0.235
TCKT_007435,low,standard,2025-09-23 06:49:45,0,0,0.211
TCKT_075834,low,gold,2025-06-12 17:39:15,0,1,0.577
TCKT_043912,medium,standard,2024-02-22 22:11:05,0,0,0.232
TCKT_032065,low,standard,2024-09-17 16:23:19,0,0,0.237
TCKT_011702,medium,standard,2024-06-05 08:09:12,0,0,0.196
TCKT_090017,low,gold,2024-05-27 02:02:41,0,1,0.624
TCKT_002885,high,standard,2022-01-04 02:42:46,1,0,0.299
TCKT_015012,high,standard,2022-08-21 22:05:31,0,0,0.27
TCKT_049094,high,standard,2025-08-20 10:02:09,0,0,0.298
TCKT_022160,low,standard,2022-08-12 02:57:03,0,0,0.222
TCKT_021018,medium,standard,2024-02-19 10:17:11,0,0,0.243
TCKT_082074,low,standard,2025-12-08 12:03:41,0,0,0.233
TCKT_061110,high,standard,2022-06-10 01:16:49,0,0,0.22
TCKT_030331,urgent,gold,2022-07-10 23:41:29,1,1,0.703
TCKT_070832,medium,standard,2023-04-21 07:26:25,0,0,0.255
TCKT_048123,high,gold,2022-10-20 15:48:36,0,1,0.751
TCKT_063330,low,platinum,2023-03-02 14:57:06,0,1,0.863
TCKT_082176,low,gold,2024-06-18 02:08:56,1,1,0.616
TCKT_042513,high,standard,2022-01-02 03:57:39,1,0,0.267
TCKT_089736,low,standard,2023-08-16 13:40:47,0,0,0.26
TCKT_085159,high,standard,2023-07-23 18:23:41,1,0,0.23
TCKT_099220,high,standard,2024-09-09 16:57:24,0,0,0.276
TCKT_086985,medium,standard,2024-11-08 12:32:32,0,0,0.249
TCKT_009568,low,standard,2025-09-11 13:20:10,0,0,0.292
TCKT_056855,medium,gold,2023-01-01 15:36:58,0,1,0.768
TCKT_048271,medium,standard,2023-01-16 22:43:04,1,0,0.24
TCKT_002525,high,standard,2025-08-02 08:46:42,0,0,0.282
TCKT_074161,medium,gold,2022-07-30 21:26:29,1,1,0.779
TCKT_088013,low,standard,2024-12-08 23:40:42,0,0,0.268
TCKT_038081,low,standard,2023-04-27 12:42:03,0,0,0.235
TCKT_039492,high,standard,2023-02-09 00:35:32,0,0,0.259
TCKT_013347,low,standard,2025-04-07 23:05:41,1,0,0.203
TCKT_000716,medium,standard,2025-05-08 21:46:17,0,0,0.278
TCKT_097656,medium,gold,2024-09-21 23:37:41,1,1,0.741
TCKT_058563,medium,standard,2022-11-05 15:29:59,0,0,0.292
TCKT_092966,low,standard,2024-11-06 09:48:54,0,0,0.221
TCKT_078962,medium,standard,2025-11-18 12:25:46,0,0,0.214
TCKT_014126,low,gold,2024-06-25 02:33:33,1,1,0.599
TCKT_053263,medium,standard,2022-04-27 05:29:10,0,0,0.228
TCKT_000437,medium,gold,2023-08-04 09:51:30,1,1,0.786
TCKT_033362,medium,gold,2024-08-13 23:02:26,0,1,0.757
TCKT_069412,low,standard,2022-09-10 12:47:50,0,0,0.206
TCKT_027274,medium,gold,2022-08-11 12:12:47,0,1,0.762
TCKT_066424,low,standard,2023-12-13 04:27:09,0,0,0.207
TCKT_035590,low,standard,2024-07-11 01:19:18,0,0,0.236
TCKT_086187,urgent,standard,2025-10-24 02:10:54,0,0,0.259
TCKT_084865,low,standard,2025-04-10 10:35:10,0,0,0.227
TCKT_096878,low,standard,2025-10-01 04:59:38,0,0,0.188
TCKT_062047,low,standard,2025-09-25 08:27:31,0,0,0.256
TCKT_009893,high,standard,2025-05-07 09:30:35,0,0,0.223
TCKT_056157,medium,platinum,2025-10-10 00:29:33,1,1,0.877
TCKT_000209,low,standard,2024-05-11 06:09:17,0,0,0.215
TCKT_090370,high,standard,2024-09-05 09:26:51,0,0,0.266
TCKT_081685,medium,standard,2023-04-12 21:35:57,0,0,0.211
TCKT_049191,medium,gold,2025-10-29 07:09:55,0,1,0.757
TCKT_007641,low,gold,2023-01-19 21:54:52,0,1,0.589
TCKT_026572,urgent,gold,2025-10-15 23:08:23,1,1,0.683
TCKT_050753,low,gold,2023-02-13 05:13:36,1,1,0.596
TCKT_077612,low,gold,2023-06-08 22:56:42,0,1,0.625
TCKT_077510,low,standard,2025-12-03 20:37:06,0,0,0.237
TCKT_019068,medium,standard,2022-05-25 18:55:22,1,0,0.206
TCKT_019515,low,standard,2024-10-06 23:17:27,0,0,0.241
TCKT_043016,high,standard,2024-03-31 15:10:42,0,0,0.296
TCKT_090232,high,standard,2023-01-13 08:51:48,0,0,0.272
TCKT_007211,medium,gold,2023-10-10 23:33:00,1,1,0.707
TCKT_036329,low,standard,2022-05-16 14:41:35,0,0,0.206
TCKT_009928,low,gold,2023-06-26 10:59:54,0,1,0.64
TCKT_084025,medium,gold,2022-03-19 11:57:49,1,1,0.757
TCKT_055749,low,standard,2022-11-21 18:52:04,0,0,0.229
TCKT_076247,high,standard,2022-10-09 09:26:02,0,0,0.273
TCKT_087819,high,standard,2022-10-11 03:31:51,0,0,0.222
TCKT_097366,urgent,platinum,2022-04-16 20:25:04,1,1,0.725
TCKT_043938,medium,standard,2025-06-24 15:15:08,1,0,0.216
TCKT_087750,medium,gold,2023-09-14 11:34:58,0,1,0.747
TCKT_063503,high,gold,2023-11-13 09:16:19,1,1,0.711
TCKT_032930,medium,standard,2022-12-28 08:48:43,0,0,0.234
TCKT_022496,medium,standard,2022-04-21 17:53:16,1,0,0.215
TCKT_006492,low,standard,2022-11-26 18:54:44,1,0,0.294
TCKT_072478,medium,standard,2025-11-20 02:49:53,0,0,0.228
TCKT_014703,low,standard,2023-05-26 23:40:48,0,0,0.189
TCKT_090523,low,standard,2025-04-17 06:32:40,1,0,0.21
TCKT_095114,low,standard,2023-03-06 03:53:57,0,0,0.182
TCKT_065034,medium,gold,2023-04-03 09:15:08,1,1,0.764
TCKT_020347,low,standard,2024-03-16 03:47:19,1,0,0.226
TCKT_096137,low,standard,2022-11-07 15:51:22,1,0,0.205
TCKT_034210,low,gold,2022-11-11 21:23:10,1,1,0.607
TCKT_021816,low,gold,2025-10-16 22:36:08,0,1,0.57
TCKT_014124,high,gold,2025-02-19 11:06:05,0,1,0.697
TCKT_047834,medium,standard,2024-12-11 18:53:18,0,0,0.208
TCKT_067293,medium,standard,2024-12-11 09:31:40,0,0,0.25
TCKT_047278,high,standard,2025-06-06 08:48:57,1,0,0.235
TCKT_082526,urgent,gold,2023-08-08 08:28:59,0,1,0.735
TCKT_004918,low,standard,2023-12-04 17:05:10,0,0,0.228
TCKT_090648,low,gold,2024-07-11 05:04:27,0,1,0.63
TCKT_008950,medium,gold,2023-01-30 03:40:45,1,1,0.792
TCKT_005781,low,standard,2025-03-18 02:27:55,1,0,0.242
TCKT_042637,low,standard,2024-11-16 12:22:57,0,0,0.267
TCKT_083016,medium,gold,2022-01-25 17:21:47,1,1,0.729
TCKT_072919,urgent,platinum,2024-10-18 16:15:26,1,1,0.881
TCKT_053188,low,gold,2023-12-29 01:23:06,0,1,0.554
TCKT_085770,high,standard,2023-08-27 23:49:56,0,0,0.256
TCKT_051441,low,standard,2022-12-18 10:07:24,0,0,0.25
TCKT_059449,medium,standard,2022-06-02 22:21:42,0,0,0.217
TCKT_050092,high,gold,2024-09-30 06:50:52,1,1,0.756
TCKT_053583,medium,gold,2022-08-22 16:26:03,1,1,0.717
TCKT_026236,medium,gold,2024-02-10 19:32:44,0,1,0.767
TCKT_092192,low,standard,2024-05-11 08:14:43,0,0,0.234
TCKT_073688,medium,gold,2023-10-05 01:23:16,0,1,0.742
TCKT_000079,high,gold,2024-01-05 08:07:35,0,1,0.734
TCKT_043790,medium,standard,2025-10-10 18:41:57,0,0,0.248
TCKT_004826,low,gold,2022-04-22 00:30:16,1,1,0.597
TCKT_030165,high,standard,2024-10-04 03:51:54,0,0,0.254
TCKT_056983,medium,platinum,2022-09-03 14:16:15,1,1,0.896
TCKT_082592,high,standard,2025-09-18 15:08:05,0,0,0.301
TCKT_035149,high,gold,2024-04-27 16:32:14,0,1,0.69
TCKT_004982,medium,standard,2022-12-17 07:08:06,0,0,0.256
TCKT_051268,medium,gold,2023-08-14 06:52:17,0,1,0.736
TCKT_032878,medium,standard,2023-10-21 13:58:01,0,0,0.211
TCKT_002113,medium,standard,2025-09-16 23:02:54,0,0,0.242
TCKT_050054,medium,gold,2023-07-11 17:19:31,1,1,0.751
TCKT_043554,high,standard,2023-02-02 02:37:30,0,0,0.282
TCKT_064243,medium,standard,2023-09-20 18:17:29,1,0,0.244
TCKT_083461,medium,platinum,2022-06-21 19:58:41,0,1,0.87
TCKT_044070,low,platinum,2022-08-09 21:56:59,1,1,0.853
TCKT_025925,low,gold,2025-06-10 09:02:06,0,1,0.62
TCKT_042244,high,gold,2024-02-24 06:22:18,1,1,0.714
TCKT_044869,high,platinum,2022-02-17 13:52:58,1,1,0.885
TCKT_050632,low,gold,2023-12-05 06:37:41,1,1,0.609
TCKT_019455,low,gold,2024-12-18 21:30:48,0,1,0.622
TCKT_048004,medium,standard,2025-12-19 08:50:21,0,0,0.237
TCKT_054837,low,gold,2025-12-01 01:13:06,1,1,0.601
TCKT_045105,low,gold,2025-06-23 08:33:24,0,1,0.658
TCKT_004244,low,standard,2024-05-27 20:08:12,0,0,0.202
TCKT_057780,medium,standard,2023-12-10 12:58:18,0,0,0.258
TCKT_049250,high,platinum,2023-03-05 04:44:46,0,1,0.855
TCKT_044207,high,gold,2022-06-25 00:19:50,0,1,0.745
TCKT_005124,medium,standard,2022-12-26 20:57:59,0,0,0.267
TCKT_001822,medium,gold,2022-10-05 08:20:58,0,1,0.783
TCKT_026428,high,standard,2022-06-11 18:48:23,0,0,0.288
TCKT_023255,low,platinum,2023-05-26 08:18:42,1,1,0.887
TCKT_055982,high,gold,2023-06-07 05:54:44,1,1,0.74
TCKT_019907,low,standard,2025-05-05 19:19:03,0,0,0.213
TCKT_001008,low,standard,2024-07-15 06:00:15,0,0,0.206
TCKT_093827,low,standard,2023-10-01 17:09:28,1,0,0.229
TCKT_027376,low,gold,2023-05-31 04:56:06,1,1,0.637
TCKT_002327,low,platinum,2023-03-16 01:31:18,1,1,0.901
TCKT_023964,medium,platinum,2025-11-01 16:31:43,1,1,0.888
TCKT_074489,high,gold,2022-12-06 22:25:29,1,1,0.701
TCKT_046041,high,standard,2022-08-05 10:50:03,0,0,0.263
TCKT_089996,high,standard,2024-06-21 14:32:32,0,0,0.245
TCKT_096355,high,gold,2025-10-29 10:29:21,1,1,0.721
TCKT_081765,high,gold,2025-12-18 05:53:12,0,1,0.73
TCKT_011462,low,platinum,2025-10-26 12:13:40,0,1,0.864
TCKT_044922,medium,standard,2025-03-29 17:30:28,0,0,0.213
TCKT_021573,high,standard,2025-11-14 23:17:07,0,0,0.228
TCKT_079941,high,gold,2023-04-21 11:32:54,1,1,0.723
TCKT_067119,low,platinum,2022-08-20 10:39:25,0,1,0.893
TCKT_039213,medium,gold,2023-08-26 22:38:06,0,1,0.74
TCKT_040170,medium,standard,2024-02-14 09:02:23,0,0,0.249
TCKT_009471,low,standard,2022-10-20 21:46:27,0,0,0.237
TCKT_000066,low,standard,2024-03-09 20:06:09,0,0,0.217
TCKT_054741,high,standard,2022-10-09 12:57:24,0,0,0.283
TCKT_095913,medium,standard,2023-04-19 10:28:18,0,0,0.245
TCKT_068513,urgent,standard,2022-09-20 01:26:25,0,0,0.263
TCKT_035689,high,standard,2022-06-26 22:28:17,0,0,0.248
TCKT_052622,low,standard,2023-01-18 21:17:56,0,0,0.221
TCKT_077192,high,gold,2024-10-13 11:16:31,0,1,0.706
TCKT_042396,medium,standard,2023-12-21 04:07:43,0,0,0.278
TCKT_024220,medium,standard,2024-08-06 07:57:53,0,0,0.214
TCKT_031934,low,standard,2023-07-11 16:23:54,0,0,0.223
TCKT_097661,low,standard,2023-03-28 06:49:40,0,0,0.227
TCKT_088297,medium,standard,2023-11-04 08:59:42,0,0,0.255
TCKT_059270,low,standard,2024-06-04 05:41:25,0,0,0.217
TCKT_099723,low,platinum,2023-01-28 05:36:30,1,1,0.861
TCKT_092926,low,platinum,2024-12-17 19:37:03,0,1,0.852
TCKT_049444,low,standard,2022-03-27 10:43:43,0,0,0.227
TCKT_050221,low,gold,2025-03-27 06:42:38,1,1,0.635
TCKT_027337,high,standard,2024-12-15 18:11:24,0,0,0.254
TCKT_098867,high,gold,2024-07-20 04:14:33,1,1,0.76
TCKT_040994,high,platinum,2022-01-08 02:09:23,1,1,0.88
TCKT_072326,medium,gold,2024-01-21 21:52:05,0,1,0.766
TCKT_060316,medium,standard,2024-02-26 15:04:37,0,0,0.298
TCKT_069102,low,standard,2023-03-10 03:56:40,0,0,0.256
TCKT_044779,low,gold,2023-12-13 02:17:45,1,1,0.644
TCKT_023599,low,standard,2025-10-22 08:53:33,0,0,0.235
TCKT_044144,low,gold,2023-06-08 05:52:20,0,1,0.622
TCKT_063169,low,gold,2024-09-13 07:52:38,0,1,0.638
TCKT_078868,low,standard,2025-10-26 01:28:44,0,0,0.232
TCKT_020246,medium,gold,2024-08-07 23:34:19,0,1,0.771
TCKT_069608,low,platinum,2025-03-16 08:07:55,1,1,0.849
TCKT_002089,medium,standard,2024-05-27 12:01:41,0,0,0.233
TCKT_072639,medium,standard,2024-08-18 19:28:25,0,0,0.255
TCKT_026421,medium,gold,2024-09-21 21:13:07,1,1,0.771
TCKT_000785,medium,gold,2022-10-26 11:09:15,1,1,0.751
TCKT_003993,high,standard,2024-06-21 01:06:18,0,0,0.229
TCKT_089716,medium,gold,2024-12-13 19:09:57,0,1,0.755
TCKT_020783,low,standard,2025-04-04 16:26:55,0,0,0.218
TCKT_039700,low,gold,2022-03-08 02:07:12,1,1,0.621
TCKT_067997,low,gold,2025-12-03 20:05:10,0,1,0.642
TCKT_023795,low,standard,2022-08-15 12:13:06,0,0,0.222
TCKT_068933,high,gold,2023-10-28 01:10:40,0,1,0.74
TCKT_066553,low,standard,2024-08-15 05:29:52,0,0,0.212
TCKT_007687,low,standard,2025-03-07 02:51:30,0,0,0.226
TCKT_096718,medium,standard,2023-07-06 07:04:10,0,0,0.24
TCKT_076960,high,gold,2022-01-22 05:08:54,1,1,0.774
TCKT_030224,high,gold,2022-08-02 09:56:26,0,1,0.724
TCKT_001602,low,standard,2022-09-24 14:22:45,0,0,0.205
TCKT_019524,low,standard,2022-05-06 09:32:42,0,0,0.25
TCKT_013326,medium,platinum,2022-09-05 17:00:33,1,1,0.905
TCKT_014092,medium,standard,2025-03-03 18:39:58,1,0,0.225
TCKT_013962,low,standard,2023-01-02 22:34:06,0,0,0.222
TCKT_090221,medium,standard,2024-12-13 02:41:15,0,0,0.215
TCKT_007939,medium,gold,2023-12-17 16:22:22,0,1,0.79
TCKT_041534,low,standard,2023-09-26 18:21:13,0,0,0.259
TCKT_054336,low,standard,2024-07-25 00:52:10,0,0,0.195
TCKT_087077,medium,gold,2024-10-10 08:26:49,0,1,0.777
TCKT_078394,high,standard,2023-12-29 11:48:11,0,0,0.243
TCKT_059266,medium,gold,2024-04-26 14:31:21,0,1,0.775
TCKT_028491,medium,standard,2023-11-24 03:57:52,0,0,0.239
TCKT_098767,medium,standard,2022-06-29 12:53:44,0,0,0.275
TCKT_032999,high,standard,2023-10-14 05:20:09,0,0,0.276
TCKT_066701,low,standard,2025-01-03 00:43:56,0,0,0.159
TCKT_088017,low,gold,2023-02-14 03:33:23,1,1,0.604
TCKT_088427,urgent,gold,2023-11-23 00:39:02,0,1,0.679
TCKT_053436,medium,standard,2022-06-19 10:51:55,1,0,0.254
TCKT_081032,medium,standard,2024-02-05 20:58:30,0,0,0.265
TCKT_050824,medium,standard,2022-03-26 14:18:46,0,0,0.248
TCKT_050238,high,platinum,2022-11-10 01:12:27,0,1,0.895
TCKT_098814,low,gold,2024-01-29 07:13:30,1,1,0.567
TCKT_067066,high,standard,2022-07-12 07:56:48,1,0,0.305
TCKT_076893,low,gold,2024-07-14 07:19:11,0,1,0.609
TCKT_035396,low,platinum,2024-06-29 19:27:45,1,1,0.895
TCKT_054118,medium,standard,2025-07-28 09:39:30,0,0,0.286
TCKT_045680,high,gold,2022-07-09 00:10:39,0,1,0.772
TCKT_009125,low,standard,2024-07-31 14:23:06,0,0,0.197
TCKT_070669,low,platinum,2025-09-05 16:42:58,1,1,0.879
TCKT_053496,medium,platinum,2025-04-18 05:30:36,0,1,0.876
TCKT_027355,medium,gold,2024-08-02 19:21:40,0,1,0.791
TCKT_060219,high,standard,2023-12-11 19:06:06,0,0,0.33
TCKT_016127,high,gold,2022-03-10 05:53:47,1,1,0.701
TCKT_093163,high,standard,2023-09-22 00:34:59,0,0,0.272
TCKT_035535,low,platinum,2024-08-09 22:47:29,1,1,0.814
TCKT_013996,high,standard,2024-01-27 02:45:30,0,0,0.249
TCKT_059049,high,standard,2022-05-10 01:33:39,0,0,0.284
TCKT_079737,medium,standard,2024-08-16 15:21:08,0,0,0.255
TCKT_014657,high,gold,2025-10-23 11:44:34,0,1,0.718
TCKT_046947,medium,standard,2023-10-20 03:55:25,0,0,0.224
TCKT_071129,low,standard,2025-01-09 01:14:20,0,0,0.233
TCKT_066700,medium,gold,2024-03-24 10:43:56,0,1,0.762
TCKT_083205,high,gold,2024-11-29 17:58:41,1,1,0.745
TCKT_070092,low,standard,2025-04-01 09:36:50,0,0,0.254
TCKT_003157,low,standard,2024-08-27 10:50:36,0,0,0.201
TCKT_040995,medium,platinum,2024-12-24 13:26:19,1,1,0.883
TCKT_058982,high,standard,2025-01-27 00:23:34,1,0,0.25
TCKT_053746,high,standard,2023-08-14 12:16:58,0,0,0.301
TCKT_061619,medium,standard,2025-04-15 09:32:39,0,0,0.263
TCKT_095536,medium,standard,2024-08-05 04:22:04,0,0,0.251
TCKT_041396,low,standard,2022-03-05 08:07:02,1,0,0.238
TCKT_092392,low,standard,2025-08-02 11:36:24,0,0,0.237
TCKT_029253,high,standard,2022-12-24 19:50:10,1,0,0.25
TCKT_082230,high,standard,2023-08-13 23:53:39,0,0,0.304
TCKT_044401,low,standard,2023-12-02 15:04:56,0,0,0.254
TCKT_039968,high,standard,2022-04-03 06:15:04,0,0,0.243
TCKT_078959,low,standard,2025-07-08 06:04:24,0,0,0.229
TCKT_043131,low,standard,2022-05-03 22:20:48,1,0,0.244
TCKT_016477,low,gold,2025-09-19 15:28:32,1,1,0.622
TCKT_064700,low,platinum,2022-08-07 04:08:19,1,1,0.857
TCKT_065373,low,standard,2022-05-09 15:53:50,1,0,0.199
TCKT_057033,medium,standard,2025-05-27 17:18:27,0,0,0.211
TCKT_028133,high,standard,2022-10-28 07:01:56,0,0,0.253
TCKT_090038,low,standard,2024-10-05 01:59:16,0,0,0.183
TCKT_012616,low,platinum,2025-06-13 09:36:07,1,1,0.879
TCKT_062455,low,standard,2023-06-13 18:57:33,0,0,0.205
TCKT_004106,low,standard,2024-09-11 02:21:20,0,0,0.161
TCKT_051538,low,standard,2022-04-08 17:41:20,0,0,0.222
TCKT_000847,medium,gold,2023-02-27 02:50:17,0,1,0.742
TCKT_073543,low,standard,2022-03-17 07:33:10,1,0,0.236
TCKT_021813,low,gold,2022-02-03 11:11:30,0,1,0.625
TCKT_037364,medium,standard,2024-05-20 17:33:11,0,0,0.231
TCKT_049018,medium,standard,2024-01-11 00:25:54,0,0,0.253
TCKT_075104,high,gold,2023-10-31 19:27:04,0,1,0.734
TCKT_080566,medium,standard,2022-12-03 01:17:44,0,0,0.25
TCKT_079126,low,standard,2022-06-14 11:04:08,0,0,0.195
TCKT_053056,low,gold,2022-01-09 00:11:47,1,1,0.61
TCKT_037784,low,gold,2025-09-30 01:18:42,0,1,0.581
TCKT_094794,low,standard,2025-06-12 10:34:00,0,0,0.222
TCKT_049977,high,standard,2025-11-30 15:51:41,0,0,0.269
TCKT_000149,low,standard,2022-03-17 03:17:58,1,0,0.222
TCKT_022291,low,standard,2023-12-31 07:49:39,0,0,0.245
TCKT_054371,high,gold,2022-07-26 20:13:54,1,1,0.717
TCKT_064616,medium,standard,2025-02-25 01:08:53,0,0,0.246
TCKT_066065,low,gold,2025-04-19 09:45:36,1,1,0.647
TCKT_014111,high,standard,2025-06-29 03:43:47,0,0,0.256
TCKT_067653,medium,platinum,2022-09-07 22:35:35,1,1,0.874
TCKT_065039,high,standard,2025-10-03 05:17:02,0,0,0.222
TCKT_038667,medium,standard,2023-12-22 01:39:09,0,0,0.217
TCKT_007050,medium,gold,2022-04-10 02:03:08,0,1,0.752
TCKT_071510,low,gold,2025-08-14 16:10:07,0,1,0.617
TCKT_093665,low,standard,2024-05-27 15:09:03,0,0,0.206
TCKT_012267,high,standard,2023-09-23 19:40:37,0,0,0.341
TCKT_079991,low,platinum,2022-09-27 04:25:41,0,1,0.856
TCKT_014230,low,standard,2025-06-22 02:01:53,0,0,0.228
TCKT_080823,high,standard,2023-02-17 20:42:15,1,0,0.223
TCKT_020195,low,standard,2022-06-03 15:12:07,0,0,0.222
TCKT_047322,urgent,gold,2022-03-29 15:29:14,1,1,0.659
TCKT_094401,low,standard,2024-01-17 06:10:33,0,0,0.232
TCKT_084354,medium,gold,2025-03-24 19:52:49,0,1,0.74
TCKT_055560,medium,gold,2022-02-05 10:17:29,1,1,0.761
TCKT_083302,medium,standard,2023-12-20 15:46:18,0,0,0.226
TCKT_004416,medium,platinum,2025-04-09 09:28:08,1,1,0.889
TCKT_060765,low,platinum,2023-07-14 19:20:00,1,1,0.864
TCKT_054253,low,standard,2023-08-21 16:09:10,0,0,0.277
TCKT_039294,medium,platinum,2024-05-21 12:52:32,1,1,0.902
TCKT_073334,medium,gold,2022-03-23 04:39:38,1,1,0.727
TCKT_096861,low,standard,2022-12-20 22:38:22,0,0,0.237
TCKT_015092,urgent,gold,2023-10-05 17:33:43,0,1,0.688
TCKT_038530,high,gold,2025-12-09 16:20:41,1,1,0.728
TCKT_022589,low,platinum,2023-04-03 17:19:52,1,1,0.86
TCKT_053372,low,platinum,2022-08-11 14:59:24,1,1,0.876
TCKT_031320,low,standard,2025-03-09 13:51:24,0,0,0.248
TCKT_064760,low,gold,2025-12-20 13:16:34,0,1,0.611
TCKT_080599,medium,standard,2025-10-13 23:03:10,0,0,0.271
TCKT_032491,low,standard,2025-11-20 15:28:33,0,0,0.267
TCKT_087956,high,standard,2023-05-07 15:52:10,0,0,0.281
TCKT_059547,low,gold,2023-07-23 19:02:43,0,1,0.576
TCKT_008807,medium,gold,2024-12-06 23:27:52,1,1,0.74
TCKT_066681,low,standard,2025-04-30 13:46:22,0,0,0.202
TCKT_054823,high,standard,2022-10-11 18:53:35,1,0,0.25
TCKT_051849,high,standard,2023-10-01 13:20:55,0,0,0.264
TCKT_044914,low,standard,2023-04-10 08:13:51,0,0,0.249
TCKT_066478,low,standard,2023-11-01 19:31:11,0,0,0.24
TCKT_001452,medium,gold,2022-09-22 14:58:25,0,1,0.753
TCKT_050423,low,standard,2022-02-17 14:26:07,1,0,0.215
TCKT_014592,high,platinum,2022-03-15 14:04:54,1,1,0.902
TCKT_072464,medium,standard,2024-01-04 17:09:34,0,0,0.269
TCKT_033104,high,standard,2023-03-12 01:15:44,0,0,0.221
TCKT_026046,medium,gold,2022-04-03 10:17:16,1,1,0.793
TCKT_033799,low,standard,2022-10-14 03:28:05,0,0,0.213
TCKT_097364,medium,gold,2025-09-21 23:01:04,1,1,0.716
TCKT_079486,low,standard,2025-02-02 21:52:54,0,0,0.266
TCKT_051189,high,gold,2022-08-21 18:01:29,0,1,0.764
TCKT_010490,medium,standard,2024-12-17 15:38:53,0,0,0.26
TCKT_076666,low,standard,2023-03-31 23:48:49,1,0,0.282
TCKT_013245,low,gold,2022-07-20 16:57:00,1,1,0.632
TCKT_082234,medium,standard,2025-01-26 20:03:38,1,0,0.251
TCKT_097079,medium,gold,2022-02-22 15:46:01,1,1,0.755
TCKT_046458,medium,standard,2023-11-10 20:48:41,1,0,0.239
TCKT_005407,medium,platinum,2024-03-09 02:29:23,1,1,0.894
TCKT_014939,medium,gold,2024-07-11 07:33:06,1,1,0.775
TCKT_048049,medium,platinum,2023-05-28 17:17:11,1,1,0.905
TCKT_013861,medium,platinum,2023-12-31 01:21:43,0,1,0.877
TCKT_037530,low,standard,2025-03-28 05:09:40,0,0,0.197
TCKT_045164,medium,standard,2023-10-17 13:30:14,0,0,0.268
TCKT_053413,low,standard,2022-09-19 19:51:53,0,0,0.21
TCKT_038998,high,gold,2022-08-07 01:02:29,0,1,0.738
TCKT_097777,medium,standard,2024-11-05 22:24:41,0,0,0.273
TCKT_036734,low,standard,2024-07-15 11:31:17,0,0,0.2
TCKT_096070,medium,gold,2023-07-03 00:46:27,1,1,0.751
TCKT_062788,medium,standard,2023-07-25 22:48:36,1,0,0.282
TCKT_084960,low,platinum,2022-03-21 01:50:07,1,1,0.836
TCKT_058146,low,standard,2023-06-02 04:10:45,0,0,0.182
TCKT_004025,low,standard,2025-09-04 02:11:50,0,0,0.245
TCKT_043034,medium,standard,2024-04-13 12:06:46,0,0,0.203
TCKT_084010,medium,standard,2025-04-02 23:43:33,0,0,0.23
TCKT_084265,low,gold,2025-02-17 07:28:54,0,1,0.618
TCKT_090838,low,standard,2025-01-21 06:07:33,0,0,0.22
TCKT_047709,low,gold,2024-11-30 00:56:22,1,1,0.614
TCKT_063318,medium,standard,2022-01-06 15:31:52,0,0,0.206
TCKT_075989,high,gold,2025-02-10 01:52:27,1,1,0.76
TCKT_054312,low,standard,2022-03-30 21:01:18,1,0,0.242
TCKT_012554,medium,standard,2022-09-11 23:20:56,0,0,0.235
TCKT_039944,low,standard,2023-07-31 12:32:43,0,0,0.186
TCKT_084464,low,gold,2023-02-11 01:19:01,0,1,0.621
TCKT_034137,high,platinum,2022-01-26 11:37:29,1,1,0.837
TCKT_025503,low,standard,2025-06-02 09:24:47,0,0,0.216
TCKT_022673,urgent,standard,2022-04-03 11:44:54,0,0,0.353
TCKT_050114,low,gold,2024-09-07 20:14:28,0,1,0.631
TCKT_034920,medium,standard,2024-05-08 23:45:10,0,0,0.277
TCKT_036831,medium,standard,2022-06-06 17:01:13,0,0,0.251
TCKT_091083,high,gold,2022-07-14 20:15:43,0,1,0.731
TCKT_016776,low,platinum,2022-04-23 14:53:56,0,1,0.886
TCKT_043899,high,gold,2024-02-17 22:18:06,1,1,0.705
TCKT_006645,medium,standard,2023-01-13 10:05:08,1,0,0.232
TCKT_015607,medium,standard,2025-12-23 18:21:23,0,0,0.195
TCKT_025100,low,standard,2023-12-16 13:10:34,0,0,0.248
TCKT_065695,high,gold,2023-04-02 07:58:40,0,1,0.753
TCKT_010889,low,standard,2023-02-12 13:11:31,0,0,0.211
TCKT_052265,medium,standard,2022-08-14 04:30:36,0,0,0.245
TCKT_070764,low,standard,2022-03-29 04:49:59,0,0,0.216
TCKT_034741,medium,standard,2025-07-12 02:28:13,1,0,0.235
TCKT_024859,low,platinum,2024-07-05 18:50:04,1,1,0.872
TCKT_028895,medium,standard,2022-02-03 03:20:32,0,0,0.229
TCKT_049663,urgent,platinum,2025-02-19 09:06:32,1,1,0.782
TCKT_034809,low,standard,2025-05-05 23:59:10,0,0,0.26
TCKT_043082,high,standard,2024-09-22 16:59:05,0,0,0.353
TCKT_071196,low,gold,2022-11-29 06:04:32,1,1,0.637
TCKT_001111,low,standard,2023-03-03 17:22:09,1,0,0.187
TCKT_089240,low,platinum,2022-12-07 18:57:46,1,1,0.814
TCKT_097512,medium,platinum,2024-01-21 19:10:12,1,1,0.915
TCKT_061987,low,standard,2024-01-22 03:14:45,0,0,0.216
TCKT_038411,high,standard,2022-04-18 13:13:20,0,0,0.276
TCKT_098058,low,standard,2024-08-19 01:12:55,1,0,0.214
TCKT_087428,low,standard,2024-06-25 18:15:27,0,0,0.209
TCKT_073241,low,gold,2023-03-18 17:45:16,1,1,0.603
TCKT_063554,high,standard,2024-10-05 23:04:51,0,0,0.221
TCKT_080428,medium,standard,2024-09-18 11:49:10,0,0,0.244
TCKT_006510,high,standard,2025-05-15 23:35:05,0,0,0.293
TCKT_043432,low,gold,2024-05-14 22:29:27,1,1,0.625
TCKT_095001,medium,standard,2024-07-11 17:37:20,0,0,0.207
TCKT_014475,low,standard,2023-10-22 00:22:18,0,0,0.217
TCKT_000276,low,standard,2023-06-14 14:52:46,0,0,0.236
TCKT_091260,medium,standard,2022-01-10 17:42:51,0,0,0.252
TCKT_074789,urgent,standard,2023-02-07 02:11:51,1,0,0.31
TCKT_037787,low,standard,2024-03-27 08:58:48,0,0,0.234
TCKT_090270,medium,standard,2022-01-08 07:26:58,0,0,0.244
TCKT_030019,low,gold,2023-10-19 18:45:42,0,1,0.633
TCKT_053286,high,standard,2025-04-19 12:58:16,0,0,0.267
TCKT_097637,low,standard,2024-08-09 01:31:36,1,0,0.207
TCKT_012568,medium,standard,2023-01-09 11:48:12,0,0,0.256
TCKT_056149,high,standard,2024-01-19 14:56:37,0,0,0.269
TCKT_089534,medium,gold,2023-02-07 22:48:52,1,1,0.732
TCKT_052411,medium,gold,2022-02-24 22:13:14,1,1,0.742
TCKT_053132,low,gold,2023-10-16 12:03:57,1,1,0.649
TCKT_071813,low,standard,2024-03-07 12:56:43,0,0,0.239
TCKT_013905,low,platinum,2023-08-13 07:23:19,1,1,0.881
TCKT_046455,low,standard,2024-09-07 00:44:59,0,0,0.21
TCKT_072034,medium,standard,2023-05-02 07:02:34,0,0,0.239
TCKT_016515,low,gold,2024-06-26 16:53:05,1,1,0.641
TCKT_044994,low,platinum,2024-03-29 21:24:45,0,1,0.874
TCKT_040646,low,standard,2022-10-02 23:55:57,0,0,0.247
TCKT_062815,medium,standard,2025-08-25 21:57:44,0,0,0.27
TCKT_030865,medium,platinum,2023-12-12 11:33:33,1,1,0.898
TCKT_013268,low,standard,2023-08-02 12:23:55,0,0,0.254
TCKT_078487,low,platinum,2024-08-04 18:27:14,0,1,0.887
TCKT_075070,low,gold,2022-09-07 10:58:19,0,1,0.607
TCKT_042707,low,standard,2023-08-29 13:07:07,0,0,0.244
TCKT_048761,low,standard,2024-07-20 12:45:39,0,0,0.221
TCKT_087730,medium,gold,2023-02-13 15:19:09,0,1,0.738
TCKT_011583,high,gold,2025-11-28 07:34:00,0,1,0.725
TCKT_081406,low,platinum,2022-04-10 01:25:32,1,1,0.862
TCKT_079245,medium,standard,2024-01-27 07:42:08,0,0,0.25
TCKT_033329,low,standard,2022-03-19 01:48:49,1,0,0.173
TCKT_030250,medium,standard,2025-07-01 12:52:59,0,0,0.228
TCKT_086438,low,gold,2025-11-14 05:45:22,0,1,0.644
TCKT_098878,medium,standard,2022-10-12 11:44:31,0,0,0.237
TCKT_037276,high,standard,2025-02-25 01:27:58,0,0,0.305
TCKT_026944,low,standard,2023-09-01 07:35:36,0,0,0.192
TCKT_072486,low,platinum,2022-04-02 00:21:44,0,1,0.848
TCKT_087172,low,standard,2024-05-25 06:45:30,0,0,0.252
TCKT_002963,medium,platinum,2025-11-08 05:57:13,1,1,0.899
TCKT_069380,high,standard,2023-02-22 07:58:27,1,0,0.301
TCKT_054700,high,standard,2025-12-16 04:37:43,0,0,0.235
TCKT_087479,high,standard,2024-04-24 09:42:24,0,0,0.262
TCKT_003802,medium,standard,2023-04-17 16:00:56,0,0,0.285
TCKT_079782,high,standard,2023-01-17 08:20:06,0,0,0.275
TCKT_021485,low,standard,2022-11-16 19:38:12,1,0,0.245
TCKT_032181,medium,gold,2022-09-24 20:59:32,1,1,0.778
TCKT_077568,low,standard,2024-08-29 13:55:23,0,0,0.244
TCKT_028369,medium,gold,2024-04-01 22:35:13,1,1,0.752
TCKT_074544,low,standard,2023-12-17 02:56:35,0,0,0.23
TCKT_084967,low,gold,2023-12-29 20:13:29,1,1,0.577
TCKT_071268,medium,platinum,2023-04-10 04:50:09,1,1,0.903
TCKT_074726,medium,standard,2024-04-18 02:51:48,0,0,0.23
TCKT_064013,high,platinum,2023-12-04 04:52:01,0,1,0.883
TCKT_073964,low,standard,2023-07-03 00:24:41,0,0,0.244
TCKT_085867,high,standard,2025-12-21 15:48:34,0,0,0.258
TCKT_082747,medium,standard,2022-09-07 03:30:02,0,0,0.224
TCKT_099432,medium,standard,2023-12-21 19:38:18,0,0,0.212
TCKT_033957,high,standard,2024-06-21 15:11:57,1,0,0.263
TCKT_018294,low,standard,2024-09-17 20:47:25,1,0,0.254
TCKT_025757,medium,gold,2023-07-30 09:45:38,1,1,0.768
TCKT_073627,low,gold,2025-07-30 07:40:56,1,1,0.578
TCKT_084219,high,standard,2025-05-18 17:23:17,0,0,0.266
TCKT_002653,low,standard,2022-07-25 12:24:31,0,0,0.206
TCKT_049603,low,standard,2025-06-13 09:42:07,0,0,0.207
TCKT_056357,urgent,gold,2025-01-13 11:46:17,0,1,0.743
TCKT_031345,high,gold,2022-12-26 06:25:02,1,1,0.769
TCKT_028274,low,gold,2024-09-08 04:03:11,1,1,0.602
TCKT_082753,high,gold,2024-10-26 17:14:51,1,1,0.763
TCKT_063697,high,gold,2023-01-21 18:27:48,0,1,0.757
TCKT_031114,high,gold,2024-06-02 04:13:55,1,1,0.713
TCKT_050230,medium,standard,2024-03-30 21:57:55,0,0,0.278
TCKT_042680,low,gold,2023-08-27 18:03:35,1,1,0.589
TCKT_025191,low,standard,2023-07-11 02:45:33,0,0,0.242
TCKT_088435,low,standard,2022-06-05 16:24:21,0,0,0.275
TCKT_070813,low,gold,2023-03-28 11:09:27,0,1,0.631
TCKT_015381,medium,standard,2022-10-22 23:20:04,0,0,0.278
TCKT_096855,low,platinum,2022-11-15 14:26:13,1,1,0.882
TCKT_053951,low,gold,2023-09-28 22:46:28,1,1,0.588
TCKT_041616,low,gold,2022-03-11 19:06:23,1,1,0.638
TCKT_045223,medium,standard,2022-02-14 03:07:00,0,0,0.233
TCKT_083730,urgent,standard,2024-04-15 15:29:12,0,0,0.322
TCKT_053831,low,platinum,2023-10-25 13:35:23,1,1,0.884
TCKT_080839,low,gold,2024-05-27 13:36:28,0,1,0.597
TCKT_000504,low,gold,2024-06-20 12:22:07,0,1,0.633
TCKT_046318,medium,standard,2022-06-07 00:17:06,1,0,0.294
TCKT_026895,medium,gold,2022-09-25 04:42:50,1,1,0.752
TCKT_042719,medium,standard,2023-02-02 09:57:41,0,0,0.237
TCKT_084361,medium,standard,2023-01-31 18:16:07,1,0,0.275
TCKT_007693,low,gold,2024-04-29 19:45:44,0,1,0.6
TCKT_051528,medium,standard,2022-03-29 08:46:49,0,0,0.252
TCKT_017130,medium,standard,2022-08-06 04:26:48,0,0,0.227
TCKT_096159,low,standard,2024-07-28 03:27:55,0,0,0.233
TCKT_022882,low,standard,2022-02-01 02:27:34,1,0,0.221
TCKT_070991,urgent,platinum,2022-05-16 18:09:54,0,1,0.823
TCKT_071025,low,standard,2025-04-30 23:24:55,0,0,0.232
TCKT_000286,low,gold,2022-11-19 05:41:44,1,1,0.607
TCKT_073834,low,standard,2024-04-27 02:45:47,0,0,0.256
TCKT_081293,medium,standard,2023-01-23 04:26:12,1,0,0.225
TCKT_039137,medium,platinum,2025-01-01 05:01:43,1,1,0.839
TCKT_093333,low,platinum,2022-04-12 09:57:21,1,1,0.835
TCKT_028085,low,gold,2023-10-29 18:58:51,0,1,0.598
TCKT_085463,medium,gold,2024-12-06 20:31:09,0,1,0.775
TCKT_050443,low,platinum,2023-12-05 18:18:25,1,1,0.855
TCKT_000460,medium,standard,2022-10-10 00:09:49,1,0,0.261
TCKT_052968,medium,standard,2025-03-27 15:27:53,0,0,0.241
TCKT_068839,medium,standard,2022-01-24 17:28:05,1,0,0.246
TCKT_096068,high,standard,2024-02-28 18:47:16,0,0,0.281
TCKT_080274,low,platinum,2023-04-11 06:21:26,1,1,0.882
TCKT_061502,low,standard,2024-01-11 20:03:12,0,0,0.22
TCKT_011332,high,gold,2023-11-10 14:05:04,0,1,0.726
TCKT_078560,low,standard,2022-08-04 15:08:28,0,0,0.235
TCKT_008097,medium,gold,2023-03-25 08:31:52,1,1,0.753
TCKT_060903,medium,standard,2023-11-02 14:20:57,0,0,0.254
TCKT_073982,low,standard,2025-05-01 04:05:57,0,0,0.239
TCKT_002088,low,standard,2022-05-04 05:38:34,0,0,0.217
TCKT_021773,low,standard,2023-02-13 05:54:27,0,0,0.194
TCKT_056867,low,standard,2024-04-11 04:14:15,0,0,0.242
TCKT_094780,low,gold,2023-07-08 23:44:34,1,1,0.608
TCKT_029928,low,gold,2023-06-08 01:13:23,0,1,0.628
TCKT_019916,low,standard,2022-06-29 00:26:49,0,0,0.209
TCKT_036695,low,standard,2025-02-10 20:03:18,1,0,0.215
TCKT_095659,high,standard,2023-10-07 22:02:35,0,0,0.278
TCKT_055712,low,gold,2022-08-05 17:53:50,0,1,0.565
TCKT_050513,high,platinum,2025-08-06 19:50:46,1,1,0.878
TCKT_087251,medium,platinum,2023-05-20 18:38:10,1,1,0.903
TCKT_021231,medium,gold,2025-07-17 09:37:33,1,1,0.77
TCKT_011588,low,gold,2025-05-15 09:30:07,1,1,0.632
TCKT_057361,medium,standard,2022-09-23 16:54:03,0,0,0.257
TCKT_066669,medium,gold,2025-08-02 08:11:46,0,1,0.782
TCKT_035345,low,platinum,2024-04-20 12:47:42,1,1,0.882
TCKT_024052,high,standard,2023-07-04 02:22:22,0,0,0.283
TCKT_076641,low,standard,2023-03-19 09:33:56,0,0,0.233
TCKT_026031,medium,standard,2022-10-18 22:36:07,0,0,0.198
TCKT_007622,high,standard,2023-04-07 17:56:59,0,0,0.258
TCKT_072274,medium,standard,2023-12-19 08:22:15,0,0,0.189
TCKT_090151,low,standard,2023-11-22 08:37:27,0,0,0.242
TCKT_048403,low,standard,2025-11-15 11:48:03,0,0,0.226
TCKT_034390,medium,gold,2024-02-12 20:39:24,1,1,0.725
TCKT_054739,low,standard,2022-10-26 06:26:00,0,0,0.198
TCKT_088553,medium,gold,2022-05-17 19:37:16,0,1,0.748
TCKT_071359,medium,gold,2024-09-30 15:13:32,0,1,0.782
TCKT_090930,medium,standard,2022-04-18 00:06:06,1,0,0.213
TCKT_058382,high,platinum,2025-09-02 06:59:16,1,1,0.843
TCKT_025554,low,gold,2025-01-03 04:28:21,0,1,0.552
TCKT_053390,low,standard,2023-04-30 19:40:01,0,0,0.282
TCKT_025286,low,standard,2025-07-29 18:17:16,0,0,0.214
TCKT_031473,medium,standard,2022-07-09 00:06:18,0,0,0.266
TCKT_050982,low,standard,2024-09-30 11:22:30,0,0,0.24
TCKT_017774,low,standard,2024-04-24 04:31:42,0,0,0.201
TCKT_011101,low,standard,2022-05-25 03:24:54,0,0,0.273
TCKT_028300,high,standard,2023-09-26 05:56:13,0,0,0.257
TCKT_000005,low,gold,2023-08-27 16:08:33,1,1,0.596
TCKT_005859,low,standard,2024-05-05 04:01:10,0,0,0.218
TCKT_029322,high,platinum,2025-11-27 00:24:00,1,1,0.897
TCKT_096959,high,gold,2024-07-12 01:02:33,1,1,0.703
TCKT_093964,urgent,standard,2025-03-26 23:54:51,1,0,0.262
TCKT_082735,high,gold,2025-11-15 11:26:53,1,1,0.788
TCKT_059161,medium,platinum,2025-02-07 05:00:46,1,1,0.892
TCKT_086327,medium,standard,2022-11-14 04:39:23,1,0,0.224
TCKT_016835,low,standard,2025-06-08 17:05:55,0,0,0.282
TCKT_091884,medium,gold,2023-10-04 23:03:18,0,1,0.734
TCKT_066333,medium,gold,2022-08-06 06:54:26,1,1,0.789
TCKT_053652,low,standard,2024-02-02 04:02:44,0,0,0.196
TCKT_058660,medium,standard,2025-06-05 22:06:09,0,0,0.228
TCKT_083508,high,standard,2023-07-16 12:14:02,0,0,0.282
TCKT_003708,low,gold,2022-04-06 03:29:05,0,1,0.595
TCKT_053647,medium,standard,2024-03-04 12:58:45,0,0,0.256
TCKT_079248,medium,standard,2022-03-16 16:01:53,0,0,0.255
TCKT_043922,medium,gold,2023-06-21 23:23:34,1,1,0.739
TCKT_030118,low,standard,2022-05-18 13:54:25,1,0,0.21
TCKT_095420,medium,standard,2022-01-24 21:29:12,0,0,0.282
TCKT_077310,low,gold,2023-06-27 20:09:11,0,1,0.624
TCKT_032757,medium,standard,2024-08-01 22:39:35,0,0,0.237
TCKT_059921,medium,gold,2025-01-30 17:07:27,1,1,0.754
TCKT_067827,medium,platinum,2025-10-02 00:41:01,1,1,0.866
TCKT_058873,low,standard,2025-08-01 17:49:06,0,0,0.212
TCKT_039917,low,gold,2024-01-19 00:02:25,1,1,0.626
TCKT_068445,low,standard,2024-06-18 09:40:07,1,0,0.233
TCKT_026512,high,standard,2024-12-14 07:13:14,0,0,0.35
TCKT_065317,medium,platinum,2023-07-06 15:14:46,0,1,0.902
TCKT_095072,low,gold,2022-02-10 14:38:35,1,1,0.618
TCKT_077711,low,standard,2023-10-13 13:27:17,0,0,0.197
TCKT_050469,high,standard,2025-02-28 15:12:31,0,0,0.261
TCKT_070958,medium,standard,2025-07-08 21:16:56,0,0,0.268
TCKT_064143,medium,gold,2025-11-14 20:51:01,1,1,0.752
TCKT_086583,low,gold,2025-12-26 14:08:41,1,1,0.611
TCKT_051907,low,gold,2023-04-12 07:33:47,1,1,0.619
TCKT_004608,urgent,standard,2024-06-30 21:42:53,0,0,0.31
TCKT_024216,medium,gold,2023-11-23 08:34:50,1,1,0.772
TCKT_028901,medium,standard,2022-03-27 02:41:21,0,0,0.272
TCKT_072046,low,standard,2024-04-15 01:40:02,0,0,0.172
TCKT_084173,low,gold,2022-01-27 01:35:34,1,1,0.605
TCKT_069353,urgent,standard,2025-07-26 16:58:51,0,0,0.286
TCKT_088667,low,platinum,2024-08-14 08:42:12,1,1,0.854
TCKT_037905,medium,standard,2023-07-01 19:17:40,0,0,0.274
TCKT_046292,low,platinum,2024-02-03 07:44:31,0,1,0.865
TCKT_044600,medium,gold,2022-10-24 21:22:33,1,1,0.748
TCKT_079198,low,platinum,2023-05-16 00:24:07,1,1,0.822
TCKT_014246,high,gold,2025-01-08 22:13:31,0,1,0.733
TCKT_008173,medium,standard,2025-08-18 22:35:48,0,0,0.278
TCKT_016666,medium,standard,2024-05-10 10:43:10,0,0,0.274
TCKT_051536,low,standard,2023-09-04 14:36:24,0,0,0.211
TCKT_044425,low,platinum,2022-07-22 05:07:41,1,1,0.867
TCKT_047672,high,standard,2024-03-15 15:31:55,1,0,0.254
TCKT_065257,high,standard,2023-05-17 02:09:12,1,0,0.265
TCKT_004216,high,gold,2023-07-19 09:48:07,0,1,0.788
TCKT_022729,medium,gold,2024-08-27 02:05:50,0,1,0.773
TCKT_031880,medium,gold,2022-04-22 02:10:12,1,1,0.734
TCKT_058867,high,gold,2022-05-23 09:32:05,0,1,0.745
TCKT_024393,medium,standard,2024-08-29 21:08:56,0,0,0.248
TCKT_043971,high,standard,2025-06-14 04:20:34,0,0,0.242
TCKT_047462,low,gold,2024-11-10 00:10:10,1,1,0.632
TCKT_017719,low,standard,2025-02-15 08:29:17,0,0,0.229
TCKT_023114,medium,standard,2025-01-23 11:07:02,0,0,0.281
TCKT_000992,high,standard,2022-09-28 06:44:22,0,0,0.279
TCKT_066009,low,standard,2023-03-01 23:15:16,0,0,0.236
TCKT_028535,urgent,standard,2024-07-05 22:52:41,0,0,0.289
TCKT_051253,low,standard,2024-03-24 03:10:42,0,0,0.235
TCKT_003012,low,standard,2022-05-06 18:25:35,0,0,0.234
TCKT_077687,medium,standard,2024-09-03 12:09:23,0,0,0.264
TCKT_088930,low,gold,2022-05-20 00:38:55,1,1,0.626
TCKT_084538,high,gold,2024-05-17 18:38:26,0,1,0.744
TCKT_073702,medium,standard,2024-12-11 01:00:04,0,0,0.223
TCKT_056144,medium,gold,2023-04-05 03:10:33,0,1,0.764
TCKT_012824,low,standard,2023-06-29 02:13:45,0,0,0.182
TCKT_083824,low,gold,2023-06-17 15:46:20,1,1,0.627
TCKT_066650,high,platinum,2024-06-26 10:22:20,1,1,0.849
TCKT_002932,medium,gold,2022-10-10 13:33:19,1,1,0.73
TCKT_082427,medium,standard,2024-01-13 19:22:34,0,0,0.24
TCKT_056694,low,standard,2025-02-28 02:36:51,0,0,0.261
TCKT_089306,high,standard,2025-09-30 05:57:09,0,0,0.26
TCKT_094388,urgent,gold,2024-04-01 01:20:41,0,1,0.681
TCKT_072172,medium,standard,2025-03-11 11:13:09,1,0,0.245
TCKT_046524,high,standard,2024-12-27 10:43:32,0,0,0.274
TCKT_097055,high,standard,2023-07-28 10:51:23,0,0,0.237
TCKT_031133,high,gold,2024-12-22 11:49:05,1,1,0.756
TCKT_082955,medium,gold,2022-10-29 14:49:55,1,1,0.734
TCKT_023135,medium,standard,2022-01-11 15:11:36,0,0,0.238
TCKT_022688,medium,standard,2023-10-13 09:41:10,0,0,0.253
TCKT_091460,medium,gold,2024-01-08 17:54:11,0,1,0.774
TCKT_044740,high,standard,2025-01-08 23:02:09,0,0,0.268
TCKT_083526,low,gold,2022-10-07 16:14:02,1,1,0.582
TCKT_094244,low,standard,2022-01-13 19:46:06,0,0,0.264
TCKT_027369,high,gold,2022-12-27 11:45:09,0,1,0.722
TCKT_082616,high,standard,2024-02-13 00:15:38,0,0,0.312
TCKT_001798,high,platinum,2023-09-24 23:46:19,1,1,0.815
TCKT_074929,low,platinum,2023-06-07 19:29:33,1,1,0.904
TCKT_089636,low,standard,2023-09-20 03:18:31,0,0,0.179
TCKT_008142,medium,standard,2023-02-19 01:46:29,0,0,0.234
TCKT_067517,medium,gold,2022-06-19 15:48:43,1,1,0.748
TCKT_038144,urgent,standard,2023-12-01 04:34:31,0,0,0.257
TCKT_025522,low,standard,2025-02-02 16:42:46,0,0,0.229
TCKT_049884,medium,gold,2023-06-30 22:04:08,1,1,0.702
TCKT_083135,low,standard,2022-06-15 08:27:04,0,0,0.192
TCKT_017788,low,platinum,2023-12-19 21:24:33,0,1,0.883
TCKT_049749,low,platinum,2023-08-31 17:30:42,0,1,0.866
TCKT_084174,medium,standard,2024-04-01 07:41:44,0,0,0.263
TCKT_059093,medium,gold,2022-07-06 17:22:06,1,1,0.8
TCKT_067286,low,standard,2024-10-18 17:15:30,0,0,0.192
TCKT_029427,low,standard,2025-09-05 16:43:49,0,0,0.187
TCKT_061725,low,platinum,2024-02-21 00:03:34,1,1,0.813
TCKT_017760,medium,gold,2025-12-27 14:27:16,1,1,0.774
TCKT_078422,low,gold,2024-05-21 16:11:41,1,1,0.637
TCKT_044950,medium,standard,2024-12-05 23:39:47,0,0,0.217
TCKT_034848,low,standard,2024-06-09 09:05:33,0,0,0.232
TCKT_030293,low,gold,2025-05-21 12:55:31,1,1,0.659
TCKT_079929,low,standard,2023-06-07 02:25:37,0,0,0.245
TCKT_072386,low,platinum,2025-01-04 19:19:55,0,1,0.867
TCKT_040267,high,standard,2024-02-24 11:58:18,0,0,0.239
TCKT_091955,medium,standard,2023-03-20 22:24:44,0,0,0.259
TCKT_099741,urgent,standard,2024-05-30 21:03:53,1,0,0.312
TCKT_065574,medium,standard,2023-12-30 22:50:30,0,0,0.258
TCKT_001955,high,standard,2025-03-08 20:09:13,0,0,0.262
TCKT_043979,low,standard,2022-10-14 14:53:20,0,0,0.24
TCKT_026851,low,gold,2023-06-03 01:57:00,0,1,0.614
TCKT_018224,high,standard,2024-04-28 09:04:42,0,0,0.253
TCKT_080172,high,standard,2025-04-07 18:06:25,0,0,0.259
TCKT_032657,low,standard,2024-02-25 04:21:11,0,0,0.265
TCKT_025998,high,standard,2025-06-05 21:40:42,0,0,0.336
TCKT_013649,low,standard,2024-04-13 21:50:45,0,0,0.231
TCKT_044820,low,gold,2024-02-04 14:57:57,1,1,0.584
TCKT_057838,medium,standard,2024-11-22 18:28:22,0,0,0.234
TCKT_028146,low,standard,2023-03-05 15:09:58,0,0,0.222
TCKT_091299,low,standard,2023-11-10 22:29:58,0,0,0.204
TCKT_069972,low,standard,2024-11-26 02:09:48,1,0,0.203
TCKT_035812,medium,standard,2022-06-09 01:05:50,0,0,0.256
TCKT_047744,medium,platinum,2022-07-30 05:13:42,0,1,0.893
TCKT_056000,low,standard,2023-07-18 22:39:57,0,0,0.187
TCKT_038252,high,standard,2023-09-21 04:46:33,0,0,0.27
TCKT_059016,high,standard,2023-12-20 18:17:52,1,0,0.228
TCKT_059589,low,standard,2022-12-27 14:40:39,0,0,0.233
TCKT_024086,high,gold,2023-01-09 13:53:40,1,1,0.747
TCKT_033447,medium,gold,2024-11-13 04:04:54,1,1,0.751
TCKT_002660,medium,gold,2024-02-12 01:47:11,1,1,0.757
TCKT_063560,medium,standard,2025-05-11 07:14:12,0,0,0.227
TCKT_057447,urgent,standard,2025-07-29 17:38:10,1,0,0.248
TCKT_005102,medium,standard,2022-08-02 12:42:57,0,0,0.21
TCKT_033101,high,gold,2023-09-02 17:58:12,0,1,0.742
TCKT_035214,medium,gold,2025-08-02 00:33:11,0,1,0.789
TCKT_051827,low,standard,2022-11-14 06:29:48,0,0,0.225
TCKT_019451,medium,standard,2023-03-11 02:20:02,0,0,0.178
TCKT_092150,medium,gold,2025-11-28 05:39:05,1,1,0.777
TCKT_056437,medium,standard,2023-10-02 18:25:47,1,0,0.213
TCKT_034369,high,platinum,2024-02-28 08:51:42,1,1,0.881
TCKT_026483,low,standard,2025-01-11 02:58:44,0,0,0.242
TCKT_056751,low,standard,2025-08-18 22:17:57,0,0,0.228
TCKT_001665,low,standard,2025-03-27 06:39:16,0,0,0.202
TCKT_012043,medium,platinum,2024-08-10 19:00:54,0,1,0.883
TCKT_062645,high,gold,2023-07-17 04:17:34,0,1,0.745
TCKT_086805,medium,gold,2022-09-04 10:26:50,0,1,0.77
TCKT_068417,urgent,platinum,2024-04-18 12:03:56,1,1,0.828
TCKT_053423,low,gold,2023-09-14 14:42:05,1,1,0.605
TCKT_049505,low,standard,2023-07-06 10:44:01,0,0,0.223
TCKT_008921,medium,standard,2023-04-03 21:38:58,0,0,0.308
TCKT_030501,medium,standard,2022-08-23 02:21:07,1,0,0.237
TCKT_093722,medium,gold,2024-09-21 07:53:41,1,1,0.763
TCKT_094034,low,gold,2022-01-16 07:35:45,0,1,0.616
TCKT_056314,medium,standard,2023-07-24 09:56:40,0,0,0.25
TCKT_031817,medium,gold,2024-07-16 22:59:05,0,1,0.773
TCKT_067841,medium,platinum,2024-10-02 10:07:19,1,1,0.801
TCKT_041980,low,gold,2023-02-03 19:12:32,1,1,0.57
TCKT_051237,low,gold,2023-03-11 08:12:17,1,1,0.632
TCKT_055891,medium,gold,2023-12-14 04:57:37,0,1,0.766
TCKT_039251,medium,standard,2023-02-12 08:15:42,0,0,0.23
TCKT_086416,low,standard,2024-05-21 01:07:59,0,0,0.222
TCKT_098913,high,standard,2022-12-03 05:35:25,0,0,0.248
TCKT_095485,medium,gold,2022-07-27 04:56:21,1,1,0.784
TCKT_098280,low,standard,2022-02-17 18:52:44,0,0,0.239
TCKT_011378,low,standard,2025-12-23 10:41:26,0,0,0.222
TCKT_017237,low,standard,2023-03-16 05:30:36,0,0,0.224
TCKT_010445,low,gold,2023-03-13 22:44:42,1,1,0.655
TCKT_064564,low,standard,2022-08-15 22:39:58,0,0,0.244
TCKT_043956,high,standard,2023-10-30 12:14:10,0,0,0.297
TCKT_043148,urgent,gold,2022-10-12 04:02:11,0,1,0.732
TCKT_018957,high,gold,2023-06-13 21:18:56,0,1,0.705
TCKT_040933,medium,gold,2023-04-03 04:58:00,1,1,0.766
TCKT_010902,low,platinum,2022-09-14 16:51:42,0,1,0.869
TCKT_006737,high,standard,2023-03-10 09:00:49,0,0,0.304
TCKT_076337,low,standard,2024-08-20 11:42:37,1,0,0.222
TCKT_096624,low,standard,2024-06-07 05:51:32,0,0,0.206
TCKT_044195,high,standard,2023-11-29 08:01:15,1,0,0.3
TCKT_098633,medium,standard,2023-11-20 12:12:42,0,0,0.253
TCKT_042952,low,gold,2023-11-06 02:18:42,0,1,0.607
TCKT_039046,medium,standard,2024-12-07 06:37:26,1,0,0.252
TCKT_016790,high,gold,2025-09-24 03:36:30,1,1,0.714
TCKT_094609,low,standard,2022-09-12 11:44:50,0,0,0.217
TCKT_003354,low,standard,2025-07-23 08:21:29,0,0,0.234
TCKT_062175,medium,gold,2025-11-08 01:56:32,1,1,0.749
TCKT_074400,medium,gold,2022-08-29 04:17:18,1,1,0.788
TCKT_050073,high,standard,2025-05-12 21:51:46,0,0,0.278
TCKT_030029,medium,gold,2025-04-21 04:25:25,0,1,0.79
TCKT_066443,low,standard,2022-04-17 18:40:09,0,0,0.209
TCKT_008476,medium,gold,2023-08-24 11:27:27,1,1,0.76
TCKT_026772,low,standard,2023-05-19 13:09:22,0,0,0.194
TCKT_082324,medium,standard,2023-12-15 19:21:24,0,0,0.27
TCKT_007695,high,standard,2023-01-04 23:39:34,0,0,0.266
TCKT_065721,low,standard,2022-08-21 13:00:33,0,0,0.223
TCKT_083608,high,standard,2024-01-03 20:14:58,0,0,0.27
TCKT_035493,high,standard,2023-01-29 03:50:55,0,0,0.284
TCKT_011188,high,standard,2025-06-22 00:35:39,0,0,0.245
TCKT_052711,low,gold,2024-03-26 18:56:47,1,1,0.619
TCKT_058169,high,gold,2025-07-30 18:56:07,1,1,0.731
TCKT_053580,medium,standard,2023-08-19 12:40:43,0,0,0.218
TCKT_014097,high,standard,2025-01-26 08:39:21,0,0,0.266
TCKT_012983,low,standard,2024-04-27 03:27:51,0,0,0.233
TCKT_011709,low,gold,2025-09-06 20:10:15,1,1,0.612
TCKT_072785,low,gold,2024-03-27 12:17:27,1,1,0.619
TCKT_058444,medium,standard,2023-10-02 16:05:56,0,0,0.24
TCKT_006049,high,standard,2022-12-31 14:03:59,0,0,0.291
TCKT_074084,medium,standard,2025-04-01 11:21:46,0,0,0.237
TCKT_095380,low,gold,2025-09-20 10:51:22,0,1,0.646
TCKT_044340,high,platinum,2024-09-14 19:18:22,1,1,0.781
TCKT_086279,medium,standard,2022-07-02 00:13:56,0,0,0.263
TCKT_010164,low,standard,2022-12-04 16:29:23,0,0,0.218
TCKT_091479,medium,standard,2022-04-25 23:37:47,0,0,0.24
TCKT_046778,high,gold,2024-07-28 02:19:55,0,1,0.733
TCKT_004155,low,standard,2023-06-21 07:59:00,1,0,0.227
TCKT_052077,low,standard,2023-01-05 14:50:09,0,0,0.245
TCKT_092657,low,gold,2024-08-05 19:33:53,0,1,0.58
TCKT_070727,high,standard,2025-04-01 12:28:52,0,0,0.283
TCKT_071230,low,standard,2024-09-27 08:21:27,0,0,0.243
TCKT_090979,low,gold,2023-05-01 01:17:52,0,1,0.61
TCKT_000695,medium,gold,2022-06-06 20:51:36,1,1,0.76
TCKT_081359,low,standard,2023-07-10 10:57:58,0,0,0.209
TCKT_007707,medium,gold,2025-09-23 20:21:27,1,1,0.767
TCKT_064224,medium,standard,2022-08-11 01:47:54,0,0,0.252
TCKT_010766,medium,standard,2023-12-25 11:21:23,0,0,0.248
TCKT_013008,urgent,standard,2023-12-06 12:34:07,0,0,0.293
TCKT_026949,high,standard,2024-12-01 14:17:23,0,0,0.255
TCKT_090963,medium,standard,2025-06-16 06:23:09,0,0,0.236
TCKT_027910,medium,platinum,2024-03-20 03:28:10,1,1,0.885
TCKT_038082,medium,standard,2023-10-05 01:34:32,0,0,0.254
TCKT_097721,medium,platinum,2023-04-09 15:10:39,1,1,0.894
TCKT_026673,medium,standard,2022-04-11 08:51:07,0,0,0.273
TCKT_012321,low,standard,2024-05-20 10:56:24,0,0,0.255
TCKT_062945,medium,standard,2025-09-26 09:29:44,0,0,0.244
TCKT_061278,low,standard,2022-03-14 09:25:48,0,0,0.219
TCKT_031094,medium,standard,2024-04-21 09:30:44,0,0,0.26
TCKT_092731,medium,standard,2022-07-28 09:57:34,0,0,0.284
TCKT_003140,low,gold,2022-08-05 04:03:07,1,1,0.603
TCKT_001613,low,gold,2023-09-14 14:26:46,0,1,0.614
TCKT_014506,medium,gold,2023-10-24 01:02:17,0,1,0.697
TCKT_064289,medium,standard,2022-09-16 23:56:04,0,0,0.216
TCKT_004689,medium,standard,2024-10-12 19:02:42,0,0,0.233
TCKT_089852,medium,standard,2025-09-18 09:39:47,0,0,0.233
TCKT_013654,medium,standard,2024-06-05 14:17:11,0,0,0.231
TCKT_027665,medium,standard,2025-10-22 05:54:40,0,0,0.246
TCKT_003065,low,gold,2025-11-14 14:42:07,0,1,0.576
TCKT_092705,medium,standard,2024-09-11 18:36:14,1,0,0.227
TCKT_061657,medium,standard,2023-01-31 10:10:45,0,0,0.259
TCKT_014576,medium,standard,2024-06-08 17:30:47,1,0,0.269
TCKT_050048,medium,platinum,2022-10-13 09:50:41,1,1,0.87
TCKT_043818,high,gold,2024-02-11 20:15:14,1,1,0.726
TCKT_052886,medium,standard,2025-07-26 13:28:01,0,0,0.233
TCKT_038554,low,standard,2022-08-13 05:21:01,0,0,0.216
TCKT_097600,urgent,standard,2023-07-10 12:05:32,0,0,0.305
TCKT_031188,medium,standard,2025-09-25 14:13:22,0,0,0.243
TCKT_003472,medium,standard,2023-06-30 02:28:54,1,0,0.232
TCKT_038180,urgent,platinum,2023-11-07 03:50:18,1,1,0.812
TCKT_016620,medium,standard,2024-01-26 12:01:53,0,0,0.256
TCKT_024877,medium,platinum,2022-01-04 15:11:19,1,1,0.891
TCKT_053878,low,standard,2022-04-04 16:16:56,1,0,0.224
TCKT_015143,low,gold,2022-10-17 17:35:46,0,1,0.607
TCKT_095130,medium,gold,2022-11-11 00:56:00,1,1,0.779
TCKT_009602,high,standard,2024-10-26 23:31:19,1,0,0.238
TCKT_075346,low,standard,2025-11-03 15:31:51,0,0,0.219
TCKT_042614,high,standard,2024-07-05 12:13:00,1,0,0.273
TCKT_004862,high,platinum,2023-10-05 15:23:42,1,1,0.856
TCKT_040509,urgent,gold,2024-09-27 05:43:24,1,1,0.703
TCKT_039731,low,platinum,2022-05-02 06:57:42,1,1,0.862
TCKT_045299,low,standard,2022-11-12 05:56:22,0,0,0.247
TCKT_090498,medium,platinum,2022-01-08 04:57:49,1,1,0.887
TCKT_070276,medium,platinum,2022-11-11 01:27:23,1,1,0.917
TCKT_000432,high,gold,2022-11-22 10:00:38,1,1,0.733
TCKT_040792,low,standard,2022-11-16 10:16:36,0,0,0.244
TCKT_075884,high,standard,2024-10-21 11:04:01,0,0,0.289
TCKT_004117,medium,standard,2025-04-26 12:20:54,0,0,0.258
TCKT_048145,low,standard,2025-10-22 04:09:11,0,0,0.213
TCKT_048249,medium,standard,2025-08-10 17:51:04,0,0,0.221
TCKT_071830,low,standard,2022-01-28 15:23:19,0,0,0.169
TCKT_060150,high,platinum,2022-09-11 09:36:26,1,1,0.852
TCKT_076586,urgent,standard,2023-05-06 05:40:59,1,0,0.272
TCKT_059733,low,standard,2025-11-26 10:18:24,0,0,0.229
TCKT_072169,high,standard,2022-04-07 04:41:01,0,0,0.265
TCKT_099835,high,standard,2025-01-20 10:08:10,0,0,0.273
TCKT_089909,high,platinum,2025-01-18 08:56:04,0,1,0.885
TCKT_056940,medium,platinum,2025-04-15 09:50:50,1,1,0.858
TCKT_093064,medium,gold,2022-12-05 18:19:32,0,1,0.763
TCKT_016455,high,standard,2022-05-13 05:35:54,0,0,0.272
TCKT_005942,medium,platinum,2023-12-16 08:37:02,1,1,0.907
TCKT_033555,high,standard,2022-01-23 19:57:30,1,0,0.278
TCKT_081979,high,gold,2023-03-02 11:02:12,1,1,0.73
TCKT_086431,low,standard,2023-07-11 04:12:08,1,0,0.227
TCKT_070882,high,standard,2025-08-02 07:47:18,0,0,0.285
TCKT_048972,low,standard,2022-11-03 12:08:34,0,0,0.226
TCKT_040312,medium,standard,2024-11-09 12:19:48,0,0,0.253
TCKT_021997,medium,standard,2022-02-21 02:01:01,0,0,0.22
TCKT_011433,low,standard,2022-12-12 20:39:39,0,0,0.217
TCKT_071889,medium,standard,2023-04-29 21:49:44,0,0,0.243
TCKT_033647,low,standard,2022-11-17 21:34:02,0,0,0.234
TCKT_088949,high,standard,2022-08-19 00:38:08,0,0,0.256
TCKT_065529,low,standard,2024-03-29 08:53:53,1,0,0.221
TCKT_094516,high,standard,2024-07-06 07:35:36,1,0,0.264
TCKT_025610,urgent,gold,2025-05-07 16:58:52,1,1,0.731
TCKT_023825,medium,gold,2023-10-12 04:55:11,1,1,0.755
TCKT_033308,high,platinum,2022-12-28 07:59:11,1,1,0.881
TCKT_003368,low,gold,2022-02-16 10:07:39,1,1,0.605
TCKT_049643,low,gold,2022-04-22 20:11:28,1,1,0.627
TCKT_068074,high,standard,2024-10-12 20:54:28,0,0,0.259
TCKT_005835,low,gold,2023-09-12 07:47:37,1,1,0.613
TCKT_096091,medium,gold,2022-11-21 17:08:18,1,1,0.745
TCKT_053723,medium,standard,2023-02-28 00:14:54,0,0,0.248
TCKT_040839,urgent,standard,2025-11-03 14:21:55,0,0,0.319
TCKT_061358,high,standard,2023-05-24 06:23:55,0,0,0.292
TCKT_089399,low,standard,2025-05-19 04:51:29,0,0,0.238
TCKT_073878,low,standard,2023-05-11 21:21:39,0,0,0.25
TCKT_084357,high,standard,2022-06-13 01:52:20,0,0,0.262
TCKT_059965,low,standard,2024-08-16 19:48:22,0,0,0.243
TCKT_036581,high,gold,2024-10-26 17:23:13,1,1,0.745
TCKT_020598,high,standard,2023-06-08 15:12:20,0,0,0.327
TCKT_025454,medium,gold,2025-07-03 09:52:31,1,1,0.773
TCKT_051243,high,gold,2023-11-29 15:17:02,0,1,0.754
TCKT_002795,low,gold,2024-04-26 14:47:42,0,1,0.649
TCKT_011802,low,standard,2025-12-01 10:52:18,0,0,0.227
TCKT_020205,low,gold,2023-02-25 15:04:41,0,1,0.626
TCKT_084263,medium,standard,2023-10-02 12:37:14,1,0,0.269
TCKT_041754,medium,standard,2025-11-28 15:12:51,0,0,0.234
TCKT_077772,high,standard,2025-08-27 23:38:22,0,0,0.321
TCKT_021867,low,standard,2024-11-27 02:40:26,0,0,0.209
TCKT_010101,low,standard,2025-04-15 04:23:25,0,0,0.232
TCKT_014668,low,standard,2023-12-07 07:58:51,0,0,0.225
TCKT_092104,low,gold,2022-10-26 02:52:39,1,1,0.545
TCKT_033549,high,standard,2023-03-21 02:14:00,0,0,0.286
TCKT_029941,low,standard,2023-02-08 10:30:39,0,0,0.29
TCKT_061606,medium,gold,2023-01-05 08:39:55,1,1,0.772
TCKT_060488,high,gold,2024-08-15 06:54:34,0,1,0.75
TCKT_032708,high,standard,2023-03-18 14:34:38,0,0,0.274
TCKT_026442,medium,standard,2024-09-09 14:03:34,0,0,0.208
TCKT_066973,low,standard,2024-07-26 18:53:56,0,0,0.216
TCKT_097144,medium,gold,2025-03-16 12:56:45,1,1,0.783
TCKT_079970,low,gold,2023-01-31 19:06:14,1,1,0.615
TCKT_060715,low,gold,2024-08-13 02:43:25,0,1,0.64
TCKT_025226,low,gold,2022-06-03 05:42:23,1,1,0.574
TCKT_012397,medium,platinum,2022-11-10 12:20:43,1,1,0.894
TCKT_018127,low,standard,2022-10-08 15:39:15,0,0,0.2
TCKT_095287,medium,gold,2023-05-18 21:51:38,0,1,0.761
TCKT_041202,low,standard,2024-12-17 20:54:25,0,0,0.257
TCKT_016101,medium,standard,2024-02-19 18:32:09,0,0,0.283
TCKT_089750,high,standard,2025-01-13 23:00:44,0,0,0.26
TCKT_054592,high,standard,2024-09-21 21:04:32,1,0,0.287
TCKT_059657,low,gold,2022-06-25 19:53:06,0,1,0.584
TCKT_097219,high,standard,2024-10-26 03:19:02,0,0,0.283
TCKT_002381,low,gold,2022-01-16 07:16:08,0,1,0.629
TCKT_018831,medium,gold,2025-06-15 19:39:56,1,1,0.729
TCKT_092571,low,standard,2025-10-27 01:25:34,0,0,0.213
TCKT_097829,low,gold,2025-03-09 07:56:53,0,1,0.65
TCKT_098308,medium,standard,2024-01-29 04:22:51,0,0,0.229
TCKT_038492,medium,standard,2025-03-11 18:32:33,0,0,0.199
TCKT_056986,medium,standard,2024-02-25 22:43:21,0,0,0.248
TCKT_056209,low,standard,2023-05-07 20:16:39,0,0,0.256
TCKT_048473,low,gold,2023-09-02 09:12:30,0,1,0.588
TCKT_041323,medium,standard,2025-04-20 01:12:17,0,0,0.26
TCKT_055504,medium,gold,2023-09-18 07:34:43,1,1,0.787
TCKT_085279,medium,standard,2024-03-20 05:48:09,0,0,0.28
TCKT_012441,low,gold,2023-10-19 07:04:13,0,1,0.639
TCKT_089478,medium,gold,2023-07-12 19:36:30,1,1,0.755
TCKT_021755,low,standard,2025-03-16 05:31:45,0,0,0.214
TCKT_073022,medium,standard,2024-04-10 21:07:40,0,0,0.237
TCKT_008123,low,gold,2024-07-15 18:12:32,0,1,0.578
TCKT_080113,medium,standard,2023-10-23 06:03:24,0,0,0.214
TCKT_061170,medium,standard,2025-05-12 16:27:08,0,0,0.263
TCKT_001678,high,platinum,2025-04-15 20:10:35,1,1,0.809
TCKT_018597,medium,standard,2025-12-28 11:07:24,0,0,0.279
TCKT_059050,medium,platinum,2022-07-23 15:17:48,0,1,0.905
TCKT_005109,medium,gold,2024-05-08 00:18:24,1,1,0.755
TCKT_085651,high,platinum,2025-11-12 09:45:07,1,1,0.88
TCKT_083975,medium,standard,2025-11-28 17:55:13,0,0,0.257
TCKT_055908,low,gold,2022-02-22 19:37:14,0,1,0.601
TCKT_040819,low,gold,2023-12-27 02:42:04,0,1,0.612
TCKT_021041,medium,gold,2025-04-13 13:17:22,0,1,0.746
TCKT_094810,low,standard,2023-08-01 19:41:13,0,0,0.225
TCKT_032990,high,platinum,2023-04-18 15:27:11,1,1,0.883
TCKT_018075,low,gold,2025-05-06 10:05:18,1,1,0.642
TCKT_095552,high,standard,2025-12-11 04:46:52,0,0,0.228
TCKT_076647,low,standard,2024-01-28 19:50:30,0,0,0.206
TCKT_043571,high,platinum,2023-12-08 02:07:35,1,1,0.819
TCKT_031704,medium,gold,2024-12-04 20:35:50,0,1,0.75
TCKT_067123,low,standard,2024-05-10 11:39:04,1,0,0.253
TCKT_071409,low,standard,2025-05-21 22:07:40,0,0,0.273
TCKT_010638,high,platinum,2023-01-09 09:01:50,1,1,0.853
TCKT_063500,low,standard,2024-10-12 10:44:52,0,0,0.204
TCKT_022784,urgent,standard,2022-10-24 18:20:42,1,0,0.243
TCKT_074316,low,standard,2022-01-02 11:48:40,0,0,0.209
TCKT_086680,medium,gold,2024-07-12 18:12:11,0,1,0.78
TCKT_025579,low,platinum,2025-09-15 09:33:27,1,1,0.887
TCKT_050193,urgent,gold,2022-05-11 09:06:51,0,1,0.728
TCKT_064175,high,platinum,2023-07-19 23:50:30,1,1,0.828
TCKT_055353,low,gold,2023-03-16 23:24:05,1,1,0.609
TCKT_070097,medium,standard,2024-07-23 05:00:33,1,0,0.209
TCKT_038423,low,gold,2025-04-20 21:40:27,1,1,0.563
TCKT_098600,high,platinum,2024-05-22 04:56:43,0,1,0.8
TCKT_082731,low,standard,2024-02-28 17:53:34,1,0,0.239
TCKT_051682,high,gold,2023-12-06 18:08:54,0,1,0.729
TCKT_067351,low,standard,2022-11-04 09:06:49,0,0,0.243
TCKT_019017,medium,standard,2023-03-21 06:21:43,0,0,0.243
TCKT_091895,medium,standard,2025-11-07 07:08:19,0,0,0.247
TCKT_044358,low,standard,2022-10-13 16:08:53,1,0,0.236
TCKT_029552,low,platinum,2025-10-07 04:15:54,1,1,0.854
TCKT_026404,medium,gold,2022-11-05 14:50:03,1,1,0.753
TCKT_020542,low,standard,2024-04-17 06:04:35,0,0,0.219
TCKT_002313,urgent,standard,2025-09-22 07:14:39,0,0,0.201
TCKT_033229,low,standard,2022-08-11 12:50:06,0,0,0.252
TCKT_073937,medium,gold,2024-12-15 03:13:45,1,1,0.76
TCKT_088851,low,gold,2023-09-26 00:51:50,1,1,0.542
TCKT_061156,low,standard,2024-01-29 11:49:15,0,0,0.283
TCKT_052619,medium,standard,2024-08-30 22:40:07,1,0,0.266
TCKT_029078,medium,gold,2025-07-18 12:01:07,0,1,0.722
TCKT_094013,low,standard,2023-12-26 17:55:26,0,0,0.239
TCKT_050333,high,gold,2025-08-30 13:25:58,1,1,0.745
TCKT_090283,low,standard,2025-03-21 07:41:05,0,0,0.21
TCKT_074071,low,standard,2023-06-22 13:44:06,1,0,0.276
TCKT_000586,low,gold,2024-03-07 14:23:39,0,1,0.617
TCKT_004156,low,gold,2022-09-12 16:25:18,0,1,0.634
TCKT_049549,high,platinum,2024-01-27 09:19:45,1,1,0.913
TCKT_071576,urgent,standard,2024-03-12 00:35:00,0,0,0.319
TCKT_010060,low,gold,2023-09-09 01:31:49,0,1,0.628
TCKT_022579,low,standard,2023-05-08 17:12:20,0,0,0.192
TCKT_084367,low,gold,2025-05-08 00:28:21,1,1,0.615
TCKT_019990,low,platinum,2025-12-28 13:36:42,1,1,0.87
TCKT_067424,high,gold,2022-01-12 19:26:06,0,1,0.758
TCKT_083808,low,standard,2023-12-16 22:52:21,0,0,0.236
TCKT_016089,medium,standard,2023-08-30 03:46:19,0,0,0.215
TCKT_031103,low,gold,2022-01-11 08:10:51,1,1,0.599
TCKT_005337,urgent,standard,2023-02-14 16:32:55,0,0,0.323
TCKT_079021,medium,gold,2025-11-06 03:42:27,1,1,0.765
TCKT_056324,medium,gold,2023-07-23 11:27:47,0,1,0.759
TCKT_043655,medium,standard,2025-10-20 15:24:01,0,0,0.268
TCKT_011642,high,gold,2023-06-07 14:19:12,1,1,0.698
TCKT_024659,low,gold,2023-09-11 17:15:46,0,1,0.599
TCKT_076730,high,gold,2025-06-21 14:32:55,1,1,0.763
TCKT_059614,medium,standard,2024-01-23 08:21:10,0,0,0.263
TCKT_027097,low,standard,2024-04-12 10:34:57,1,0,0.194
TCKT_096224,medium,gold,2022-08-25 09:55:26,0,1,0.787
TCKT_035016,low,standard,2022-11-21 00:23:17,0,0,0.209
TCKT_059312,medium,standard,2024-03-19 17:25:25,0,0,0.221
TCKT_069648,high,gold,2024-09-08 16:16:38,0,1,0.75
TCKT_043990,low,gold,2022-10-12 20:51:11,0,1,0.551
TCKT_025938,medium,gold,2022-02-24 08:58:18,0,1,0.775
TCKT_067058,low,standard,2025-10-01 03:49:13,0,0,0.194
TCKT_033137,low,standard,2023-09-15 15:28:35,0,0,0.242
TCKT_068474,high,standard,2022-06-04 21:02:47,0,0,0.275
TCKT_042728,low,standard,2022-11-27 01:08:38,0,0,0.255
TCKT_056238,medium,gold,2025-05-24 06:34:09,0,1,0.775
TCKT_093812,medium,gold,2024-08-27 01:30:13,0,1,0.748
TCKT_054430,high,standard,2024-06-29 21:08:45,0,0,0.274
TCKT_019186,low,gold,2022-06-09 06:26:10,0,1,0.603
TCKT_011175,high,standard,2022-11-25 10:56:33,0,0,0.276
TCKT_065876,high,platinum,2024-02-29 06:16:11,1,1,0.873
TCKT_006670,medium,platinum,2022-07-30 03:15:41,1,1,0.892
TCKT_007480,medium,standard,2023-12-19 05:29:15,0,0,0.272
TCKT_025807,medium,gold,2024-04-18 18:37:17,1,1,0.781
TCKT_043404,high,standard,2022-08-27 23:38:30,0,0,0.245
TCKT_064529,high,platinum,2022-07-15 00:15:53,1,1,0.774
TCKT_010732,high,standard,2023-03-15 02:22:23,0,0,0.239
TCKT_083515,low,standard,2022-09-24 14:13:16,0,0,0.232
TCKT_083177,medium,standard,2024-01-27 13:33:23,0,0,0.249
TCKT_056279,low,gold,2022-09-25 17:14:05,0,1,0.614
TCKT_011041,high,standard,2023-01-17 15:57:00,0,0,0.285
TCKT_051797,high,gold,2024-02-27 02:56:08,1,1,0.706
TCKT_024774,urgent,standard,2022-04-13 11:27:12,0,0,0.258
TCKT_017669,medium,gold,2024-07-20 01:20:07,0,1,0.73
TCKT_064954,medium,standard,2024-12-19 16:21:06,1,0,0.299
TCKT_097859,low,standard,2024-02-12 07:45:19,0,0,0.249
TCKT_012180,medium,standard,2025-06-21 02:01:36,1,0,0.228
TCKT_083876,low,standard,2022-11-21 21:55:30,0,0,0.218
TCKT_074809,low,standard,2022-06-11 05:48:23,0,0,0.24
TCKT_054878,low,standard,2024-03-21 20:56:57,1,0,0.212
TCKT_086085,low,standard,2022-02-09 22:15:56,0,0,0.211
TCKT_047848,low,gold,2023-07-24 14:53:03,0,1,0.632
TCKT_085994,medium,standard,2022-04-01 13:15:48,0,0,0.263
TCKT_068310,medium,gold,2025-08-28 17:56:35,0,1,0.736
TCKT_064481,urgent,standard,2024-10-27 14:42:56,0,0,0.339
TCKT_099928,low,gold,2023-03-15 15:34:56,0,1,0.599
TCKT_074580,low,standard,2023-05-23 13:30:59,0,0,0.246
TCKT_026128,low,standard,2024-12-06 05:21:48,0,0,0.2
TCKT_038400,high,gold,2023-02-04 15:16:39,0,1,0.725
TCKT_062314,low,standard,2022-02-17 05:38:39,0,0,0.198
TCKT_052921,urgent,gold,2023-12-03 13:01:34,0,1,0.767
TCKT_066928,low,standard,2023-01-02 08:02:53,0,0,0.217
TCKT_050419,urgent,gold,2022-08-14 15:42:04,1,1,0.739
TCKT_006410,medium,standard,2025-11-26 08:34:41,0,0,0.277
TCKT_065558,high,standard,2025-07-12 03:31:04,0,0,0.276
TCKT_064917,high,standard,2024-07-09 12:39:36,0,0,0.292
TCKT_003062,low,gold,2025-07-30 11:48:57,1,1,0.595
TCKT_017520,high,standard,2024-01-30 01:15:57,0,0,0.243
TCKT_042772,medium,platinum,2024-05-17 07:10:04,1,1,0.867
TCKT_062371,low,standard,2024-05-16 21:35:06,1,0,0.228
TCKT_065860,high,standard,2023-08-13 00:35:01,0,0,0.226
TCKT_034058,low,standard,2025-07-16 22:38:17,0,0,0.2
TCKT_047911,low,platinum,2025-04-01 15:21:09,1,1,0.874
TCKT_040425,medium,standard,2023-06-25 06:53:50,0,0,0.241
TCKT_050291,medium,gold,2024-05-17 15:27:04,1,1,0.761
TCKT_092741,urgent,gold,2025-02-18 15:36:57,1,1,0.731
TCKT_061031,low,standard,2025-10-05 19:18:52,1,0,0.228
TCKT_001951,medium,standard,2023-03-27 04:14:04,0,0,0.258
TCKT_016861,low,standard,2024-02-11 09:05:38,0,0,0.25
TCKT_031526,low,gold,2022-04-14 18:41:32,0,1,0.571
TCKT_013460,high,standard,2025-12-13 14:38:12,0,0,0.295
TCKT_031451,low,gold,2025-07-29 20:13:14,1,1,0.631
TCKT_031298,low,standard,2024-02-29 21:11:22,0,0,0.213
TCKT_045101,medium,standard,2024-06-12 13:08:33,0,0,0.234
TCKT_022849,medium,platinum,2025-03-04 11:31:51,1,1,0.879
TCKT_068882,low,standard,2022-06-05 15:28:59,0,0,0.204
TCKT_010663,medium,standard,2024-01-20 08:50:53,0,0,0.265
TCKT_065079,medium,standard,2023-08-23 19:53:12,0,0,0.25
TCKT_049759,high,platinum,2023-06-02 10:07:57,1,1,0.901
TCKT_040228,low,gold,2024-10-26 01:54:55,0,1,0.568
TCKT_082105,high,standard,2025-03-17 04:59:53,1,0,0.284
TCKT_015651,low,standard,2023-08-20 18:45:20,0,0,0.21
TCKT_061679,medium,gold,2023-11-11 07:13:26,1,1,0.792
TCKT_092757,high,gold,2025-02-08 06:18:12,1,1,0.744
TCKT_089683,medium,standard,2025-11-08 00:44:34,1,0,0.242
TCKT_012400,medium,standard,2025-04-06 07:53:29,0,0,0.239
TCKT_023829,medium,standard,2025-05-23 04:59:43,0,0,0.237
TCKT_063015,medium,gold,2022-05-21 04:09:07,1,1,0.726
TCKT_057375,high,standard,2025-05-07 12:18:54,0,0,0.296
TCKT_025957,low,platinum,2025-02-06 07:33:44,1,1,0.85
TCKT_097603,high,standard,2024-04-27 21:25:16,0,0,0.278
TCKT_073424,medium,gold,2025-01-25 22:35:43,1,1,0.747
TCKT_026233,low,platinum,2024-09-10 17:21:26,1,1,0.845
TCKT_005805,medium,standard,2023-09-09 02:44:26,0,0,0.247
TCKT_035161,low,standard,2025-10-21 21:11:24,0,0,0.244
TCKT_082853,low,standard,2023-11-16 08:11:46,0,0,0.232
TCKT_048626,low,standard,2025-12-27 11:11:27,0,0,0.261
TCKT_096729,low,gold,2025-08-04 02:41:21,1,1,0.602
TCKT_049288,medium,gold,2023-02-04 23:21:17,1,1,0.745
TCKT_086972,medium,standard,2023-03-17 13:11:27,0,0,0.25
TCKT_002101,medium,platinum,2025-01-24 16:14:07,1,1,0.895
TCKT_005363,high,standard,2024-10-12 10:41:57,0,0,0.242
TCKT_055943,high,standard,2024-12-19 16:13:21,1,0,0.278
TCKT_071924,medium,standard,2025-11-02 10:05:16,0,0,0.256
TCKT_025277,medium,gold,2023-07-23 18:24:48,1,1,0.727
TCKT_049084,medium,standard,2022-10-15 16:04:54,0,0,0.253
TCKT_097156,high,standard,2024-08-31 05:35:05,1,0,0.284
TCKT_055613,urgent,standard,2023-07-26 07:42:31,0,0,0.22
TCKT_069044,high,gold,2022-05-28 16:43:42,1,1,0.76
TCKT_012221,low,standard,2024-07-31 02:28:28,0,0,0.168
TCKT_088980,medium,standard,2022-02-21 16:24:10,0,0,0.248
TCKT_085303,medium,gold,2023-12-19 11:47:27,1,1,0.779
TCKT_086719,low,standard,2022-08-22 14:12:36,0,0,0.19
TCKT_017110,medium,gold,2024-11-18 21:29:14,1,1,0.766
TCKT_029863,medium,standard,2024-05-09 15:27:55,0,0,0.246
TCKT_080185,urgent,standard,2025-11-16 19:07:23,0,0,0.313
TCKT_007499,high,standard,2024-09-29 13:42:13,0,0,0.29
TCKT_062362,low,gold,2024-09-01 04:25:09,1,1,0.604
TCKT_000490,medium,gold,2025-04-02 06:28:12,0,1,0.773
TCKT_071574,low,standard,2023-04-10 10:04:39,1,0,0.28
TCKT_017636,medium,platinum,2024-05-21 01:23:36,1,1,0.9
TCKT_010835,medium,gold,2023-12-31 11:42:33,0,1,0.794
TCKT_027388,high,standard,2022-02-22 18:18:10,0,0,0.274
TCKT_036008,low,standard,2024-09-05 18:41:50,0,0,0.244
TCKT_001151,low,standard,2023-03-22 09:07:35,0,0,0.21
TCKT_071879,high,standard,2024-01-14 10:14:26,0,0,0.263
TCKT_060242,low,standard,2024-12-25 23:52:37,0,0,0.195
TCKT_074675,low,platinum,2022-05-13 05:42:28,1,1,0.883
TCKT_052101,medium,standard,2025-07-01 13:33:59,0,0,0.233
TCKT_099235,low,platinum,2024-12-13 07:20:13,1,1,0.874
TCKT_041452,medium,standard,2024-04-19 05:03:47,0,0,0.251
TCKT_095580,medium,standard,2025-02-27 07:25:41,0,0,0.253
TCKT_060156,medium,standard,2022-04-29 18:44:52,0,0,0.226
TCKT_014936,low,platinum,2023-03-09 08:30:34,0,1,0.853
TCKT_060298,high,gold,2023-01-04 20:01:00,0,1,0.786
TCKT_032607,medium,platinum,2024-02-07 18:12:54,1,1,0.867
TCKT_035958,medium,standard,2024-03-11 18:36:34,1,0,0.242
TCKT_047209,medium,gold,2024-04-26 19:34:12,1,1,0.756
TCKT_077402,medium,standard,2025-08-31 17:36:09,0,0,0.244
TCKT_083899,high,standard,2022-03-21 18:20:58,0,0,0.28
TCKT_042544,high,gold,2025-12-27 22:18:11,0,1,0.724
TCKT_021362,low,gold,2024-05-01 11:26:48,0,1,0.637
TCKT_091823,medium,gold,2024-12-18 17:30:09,1,1,0.782
TCKT_088081,low,standard,2024-07-12 16:27:24,0,0,0.207
TCKT_005828,medium,gold,2022-07-14 22:16:04,0,1,0.762
TCKT_068173,medium,standard,2022-01-01 21:28:25,0,0,0.261
TCKT_009259,urgent,gold,2022-10-13 15:13:04,0,1,0.729
TCKT_017245,medium,standard,2022-02-25 20:16:39,0,0,0.253
TCKT_075914,medium,gold,2023-09-09 07:29:24,1,1,0.773
TCKT_074495,low,standard,2025-02-26 09:50:19,0,0,0.208
TCKT_099031,medium,gold,2023-07-27 11:35:04,1,1,0.766
TCKT_017720,low,standard,2025-11-24 01:30:06,1,0,0.199
TCKT_043479,high,standard,2022-11-25 19:28:35,0,0,0.23
TCKT_060032,low,gold,2025-10-07 23:17:31,0,1,0.612
TCKT_009358,medium,standard,2024-01-19 12:45:24,0,0,0.262
TCKT_003518,low,standard,2022-08-14 15:46:15,0,0,0.24
TCKT_053732,medium,standard,2024-10-09 08:15:47,0,0,0.236
TCKT_023983,low,standard,2025-06-24 01:13:16,0,0,0.238
TCKT_068855,low,standard,2024-05-17 16:06:39,0,0,0.263
TCKT_062873,low,standard,2025-12-03 11:03:25,0,0,0.248
TCKT_086833,medium,standard,2025-04-28 09:13:32,0,0,0.244
TCKT_064961,medium,gold,2025-03-26 00:22:30,0,1,0.788
TCKT_073183,medium,gold,2024-07-06 16:20:22,0,1,0.767
TCKT_025683,urgent,gold,2023-04-29 10:09:42,0,1,0.738
TCKT_047604,low,platinum,2022-12-13 22:11:57,1,1,0.853
TCKT_030279,low,standard,2022-02-20 06:15:24,0,0,0.24
TCKT_078093,low,standard,2023-05-19 17:12:43,0,0,0.245
TCKT_015790,medium,standard,2022-06-19 02:01:39,0,0,0.262
TCKT_052224,medium,gold,2025-09-08 13:16:42,1,1,0.757
TCKT_023380,high,gold,2025-09-06 21:02:28,1,1,0.728
TCKT_001729,high,gold,2025-01-26 19:27:29,1,1,0.764
TCKT_051779,medium,standard,2025-07-20 15:32:57,0,0,0.25
TCKT_050371,low,standard,2024-01-16 22:22:10,0,0,0.292
TCKT_073149,low,standard,2024-02-26 20:06:53,1,0,0.268
TCKT_055527,low,gold,2025-10-12 23:02:26,0,1,0.597
TCKT_028504,urgent,gold,2025-07-20 15:58:49,1,1,0.705
TCKT_020286,low,gold,2023-08-12 02:26:50,0,1,0.622
TCKT_080583,low,standard,2025-06-07 19:20:30,0,0,0.217
TCKT_072831,medium,standard,2024-09-02 01:55:18,0,0,0.218
TCKT_080297,medium,standard,2023-04-02 15:55:03,1,0,0.234
TCKT_055734,medium,standard,2024-02-29 16:41:09,0,0,0.227
TCKT_030592,medium,platinum,2023-07-19 13:25:41,1,1,0.906
TCKT_093331,high,gold,2022-11-24 01:36:06,0,1,0.737
TCKT_015907,medium,platinum,2025-08-16 06:05:51,1,1,0.886
TCKT_071833,medium,gold,2025-05-20 12:09:50,1,1,0.745
TCKT_068830,low,standard,2025-08-22 16:12:38,0,0,0.199
TCKT_075407,high,standard,2024-12-04 08:32:33,0,0,0.252
TCKT_014486,high,standard,2025-06-11 15:30:28,0,0,0.32
TCKT_013417,medium,gold,2024-03-16 21:42:21,1,1,0.725
TCKT_052751,high,standard,2024-12-26 20:49:12,1,0,0.299
TCKT_059115,low,standard,2025-04-24 07:05:02,0,0,0.216
TCKT_089297,low,standard,2024-07-15 11:39:27,0,0,0.214
TCKT_060428,medium,standard,2024-01-22 17:17:32,1,0,0.272
TCKT_088057,low,standard,2023-03-09 04:57:17,0,0,0.214
TCKT_017985,medium,gold,2024-08-19 09:57:31,1,1,0.771
TCKT_031213,high,standard,2022-01-13 13:22:05,0,0,0.271
TCKT_003610,high,gold,2022-10-30 16:56:29,1,1,0.73
TCKT_021168,medium,gold,2022-06-29 17:13:51,1,1,0.772
TCKT_087987,high,standard,2022-06-15 08:51:36,1,0,0.24
TCKT_087443,low,gold,2025-08-03 02:01:32,0,1,0.628
TCKT_021424,low,platinum,2024-12-17 04:34:31,1,1,0.859
TCKT_084933,medium,standard,2022-03-22 19:38:30,1,0,0.213
TCKT_016048,medium,standard,2023-12-10 05:56:31,0,0,0.275
TCKT_060783,medium,platinum,2023-09-29 09:45:48,1,1,0.893
TCKT_082374,medium,standard,2024-07-22 11:07:17,0,0,0.259
TCKT_032101,high,platinum,2024-10-27 10:25:56,0,1,0.897
TCKT_037159,low,gold,2023-07-05 22:57:45,0,1,0.549
TCKT_097222,medium,gold,2025-04-12 05:06:43,1,1,0.787
TCKT_073460,medium,standard,2024-06-01 22:27:59,0,0,0.233
TCKT_089313,low,platinum,2025-08-06 11:43:38,0,1,0.874
TCKT_027636,low,standard,2024-06-24 15:56:22,0,0,0.213
TCKT_081692,medium,gold,2023-09-12 17:01:11,1,1,0.768
TCKT_052970,medium,gold,2025-05-02 12:00:35,1,1,0.756
TCKT_020416,low,gold,2022-10-12 20:21:59,0,1,0.629
TCKT_062194,low,gold,2025-06-24 05:28:10,0,1,0.632
TCKT_057338,low,gold,2025-09-13 08:15:16,0,1,0.654
TCKT_057786,high,gold,2025-07-12 16:29:20,1,1,0.744
TCKT_008967,urgent,standard,2022-06-15 02:35:04,0,0,0.247
TCKT_029227,urgent,gold,2023-08-31 18:03:29,0,1,0.694
TCKT_015846,medium,standard,2024-10-28 18:19:26,0,0,0.245
TCKT_028568,low,standard,2023-12-18 07:58:13,0,0,0.267
TCKT_047822,medium,gold,2022-06-29 06:09:22,0,1,0.779
TCKT_024552,medium,standard,2022-10-01 11:43:36,0,0,0.24
TCKT_095880,medium,gold,2023-09-07 17:24:22,1,1,0.785
TCKT_058695,urgent,gold,2023-04-12 23:59:11,1,1,0.682
TCKT_018728,low,gold,2023-08-27 10:31:55,0,1,0.611
TCKT_099259,medium,standard,2022-12-20 07:55:44,0,0,0.249
TCKT_095711,high,standard,2025-09-06 20:45:19,0,0,0.273
TCKT_065960,medium,platinum,2023-03-31 09:28:45,1,1,0.88
TCKT_077441,medium,standard,2022-05-17 23:20:23,0,0,0.24
TCKT_063988,low,standard,2022-09-29 05:37:07,0,0,0.207
TCKT_062802,low,gold,2024-05-06 00:48:08,1,1,0.582
TCKT_061382,low,standard,2025-05-10 13:32:06,0,0,0.258
TCKT_001693,medium,standard,2023-08-17 10:56:55,0,0,0.222
TCKT_079995,low,standard,2025-09-14 16:26:57,0,0,0.224
TCKT_023002,low,gold,2023-02-09 01:00:34,0,1,0.567
TCKT_068590,urgent,standard,2023-12-04 18:20:07,0,0,0.262
TCKT_071593,high,standard,2023-10-06 06:37:44,0,0,0.235
TCKT_004164,low,standard,2022-03-24 15:05:26,0,0,0.213
TCKT_037533,medium,gold,2025-05-16 00:24:16,1,1,0.763
TCKT_059860,low,standard,2022-01-04 00:51:15,1,0,0.266
TCKT_046384,urgent,standard,2025-05-02 18:25:24,0,0,0.384
TCKT_043246,low,gold,2023-02-24 08:51:05,0,1,0.639
TCKT_065676,medium,standard,2023-03-21 14:07:26,0,0,0.228
TCKT_006984,high,standard,2025-03-22 15:37:11,0,0,0.237
TCKT_069205,low,standard,2025-10-17 19:25:47,1,0,0.232
TCKT_085262,urgent,standard,2023-05-17 09:21:32,1,0,0.193
TCKT_093279,medium,gold,2023-05-09 06:31:57,1,1,0.781
TCKT_046509,medium,platinum,2023-12-14 16:22:53,1,1,0.863
TCKT_026649,medium,standard,2023-07-09 12:04:39,1,0,0.267
TCKT_067609,high,platinum,2024-02-27 08:08:23,0,1,0.875
TCKT_084612,low,gold,2024-10-14 22:42:53,1,1,0.632
TCKT_067071,urgent,standard,2022-10-19 03:56:51,0,0,0.268
TCKT_086619,high,standard,2024-09-27 21:27:21,0,0,0.243
TCKT_045949,medium,standard,2025-11-07 03:59:29,0,0,0.234
TCKT_019282,low,gold,2022-04-07 14:32:06,0,1,0.594
TCKT_072988,urgent,standard,2025-03-22 15:34:35,0,0,0.318
TCKT_020906,low,standard,2024-11-09 00:31:57,0,0,0.205
TCKT_057163,medium,standard,2025-07-05 07:45:21,0,0,0.25
TCKT_015508,medium,gold,2022-12-13 04:04:43,0,1,0.797
TCKT_057088,low,gold,2024-07-17 09:38:52,1,1,0.616
TCKT_064060,low,gold,2023-04-15 15:02:47,0,1,0.612
TCKT_079131,low,standard,2024-09-12 06:01:41,1,0,0.231
TCKT_089589,low,platinum,2022-11-26 18:03:36,1,1,0.887
TCKT_072529,medium,gold,2024-11-27 07:59:02,0,1,0.764
TCKT_077104,low,gold,2022-10-01 15:02:08,0,1,0.633
TCKT_012438,medium,standard,2025-11-02 00:21:15,0,0,0.217
TCKT_033257,low,standard,2023-08-25 04:28:12,0,0,0.214
TCKT_022327,medium,gold,2024-02-17 16:10:09,1,1,0.78
TCKT_088775,medium,gold,2022-05-19 20:40:26,1,1,0.756
TCKT_058389,medium,gold,2025-07-20 12:56:48,1,1,0.748
TCKT_011234,high,gold,2023-11-08 18:41:00,0,1,0.725
TCKT_063316,low,gold,2024-11-28 19:00:31,0,1,0.614
TCKT_083794,medium,standard,2025-02-04 11:26:09,1,0,0.221
TCKT_016158,high,standard,2022-07-17 03:36:59,0,0,0.276
TCKT_002989,medium,platinum,2025-07-09 12:04:32,1,1,0.894
TCKT_076738,medium,standard,2022-02-20 12:01:43,0,0,0.272
TCKT_088603,low,standard,2022-08-19 02:45:57,1,0,0.221
TCKT_044711,low,standard,2023-12-30 09:36:24,0,0,0.231
TCKT_023763,low,standard,2024-01-31 07:43:05,0,0,0.223
TCKT_086699,medium,standard,2023-05-13 00:45:36,0,0,0.245
TCKT_034278,medium,gold,2025-06-11 00:19:40,1,1,0.772
TCKT_070782,low,gold,2022-10-20 14:21:40,1,1,0.641
TCKT_078719,low,gold,2025-11-19 11:41:31,1,1,0.646
TCKT_012984,low,standard,2023-02-23 00:30:09,0,0,0.275
TCKT_046264,medium,standard,2022-11-30 12:12:33,0,0,0.256
TCKT_072203,low,platinum,2025-05-27 21:32:54,1,1,0.833
TCKT_077620,low,platinum,2025-09-21 05:22:38,0,1,0.848
TCKT_016837,low,standard,2025-12-16 00:27:15,0,0,0.229
TCKT_001609,medium,standard,2022-09-21 17:41:45,0,0,0.214
TCKT_062228,high,standard,2022-10-08 19:24:24,0,0,0.23
TCKT_085536,medium,standard,2023-11-02 23:36:00,0,0,0.327
TCKT_054803,high,standard,2025-04-10 21:08:59,0,0,0.26
TCKT_081676,high,standard,2023-11-15 09:38:39,0,0,0.318
TCKT_058856,low,standard,2023-11-23 04:50:20,0,0,0.234
TCKT_065206,low,gold,2023-06-03 12:28:02,0,1,0.649
TCKT_065964,high,standard,2024-09-19 08:51:38,0,0,0.193
TCKT_089326,medium,gold,2025-06-12 09:19:47,1,1,0.751
TCKT_059972,medium,gold,2022-01-26 09:30:27,0,1,0.772
TCKT_062583,medium,standard,2025-05-07 03:33:17,0,0,0.216
TCKT_073127,medium,gold,2023-11-27 11:12:00,1,1,0.786
TCKT_040681,low,gold,2022-11-23 04:49:31,0,1,0.627
TCKT_070101,medium,standard,2022-01-31 08:58:36,0,0,0.268
TCKT_080391,low,gold,2025-04-20 12:42:47,0,1,0.623
TCKT_045413,medium,standard,2022-12-25 13:23:45,0,0,0.248
TCKT_031334,high,standard,2022-01-03 22:51:54,1,0,0.22
TCKT_018791,low,gold,2022-09-06 10:17:54,1,1,0.636
TCKT_060123,low,standard,2022-07-13 18:44:17,0,0,0.259
TCKT_014186,high,platinum,2023-09-02 08:25:17,0,1,0.805
TCKT_063182,medium,standard,2024-12-10 15:50:03,1,0,0.22
TCKT_012087,urgent,standard,2024-05-06 09:32:03,0,0,0.212
TCKT_010665,medium,gold,2022-04-22 09:09:40,0,1,0.789
TCKT_017939,high,gold,2022-08-31 19:35:28,1,1,0.745
TCKT_020874,medium,standard,2025-01-17 11:57:10,0,0,0.28
TCKT_078564,high,standard,2024-12-08 13:51:50,0,0,0.285
TCKT_035853,urgent,standard,2023-01-19 02:45:54,0,0,0.282
TCKT_029973,medium,standard,2024-03-29 03:15:43,0,0,0.29
TCKT_048104,medium,gold,2022-10-05 11:07:44,1,1,0.782
TCKT_047221,low,standard,2022-02-21 08:10:38,0,0,0.249
TCKT_066163,high,standard,2022-02-23 21:33:12,0,0,0.29
TCKT_092221,medium,gold,2024-11-18 12:17:03,1,1,0.763
TCKT_085151,medium,standard,2022-06-19 14:57:55,0,0,0.257
TCKT_010506,medium,gold,2022-05-09 07:42:53,0,1,0.762
TCKT_078601,low,platinum,2023-01-25 20:50:43,1,1,0.862
TCKT_092522,low,standard,2023-10-18 11:22:08,0,0,0.264
TCKT_049411,medium,standard,2022-03-19 20:18:15,0,0,0.285
TCKT_045328,high,gold,2025-03-31 17:37:37,1,1,0.775
TCKT_003159,low,standard,2024-03-20 15:52:30,0,0,0.228
TCKT_029822,low,platinum,2024-07-16 14:49:17,1,1,0.866
TCKT_047057,high,standard,2022-02-19 10:43:21,1,0,0.235
TCKT_054208,high,standard,2023-09-20 12:58:44,1,0,0.272
TCKT_093302,low,standard,2023-04-23 23:16:18,0,0,0.208
TCKT_074625,low,standard,2023-11-04 07:47:23,0,0,0.24
TCKT_040688,medium,standard,2024-02-08 22:30:25,0,0,0.245
TCKT_009180,low,gold,2024-06-29 23:53:28,1,1,0.566
TCKT_060086,medium,gold,2025-09-29 00:57:43,0,1,0.795
TCKT_095366,medium,standard,2022-04-26 21:45:47,0,0,0.232
TCKT_014434,urgent,gold,2025-04-22 04:17:31,0,1,0.704
TCKT_070431,low,gold,2024-09-10 21:10:05,1,1,0.598
TCKT_027767,low,gold,2024-01-05 20:52:14,1,1,0.542
TCKT_020809,medium,platinum,2022-02-03 18:52:08,1,1,0.923
TCKT_041299,medium,gold,2022-08-15 00:13:31,1,1,0.737
TCKT_026827,high,standard,2022-04-04 08:47:52,0,0,0.26
TCKT_055680,high,standard,2025-07-31 13:25:29,1,0,0.281
TCKT_077078,high,standard,2024-08-10 10:17:31,0,0,0.248
TCKT_073319,high,standard,2025-08-03 17:19:39,0,0,0.252
TCKT_056055,low,standard,2022-05-19 06:51:39,0,0,0.225
TCKT_062552,medium,standard,2022-01-05 13:54:27,0,0,0.262
TCKT_057470,medium,standard,2025-03-08 01:11:03,0,0,0.23
TCKT_054500,low,standard,2023-06-25 00:49:52,0,0,0.219
TCKT_091053,medium,gold,2023-08-31 17:25:01,1,1,0.745
TCKT_048017,high,gold,2022-08-15 01:24:01,1,1,0.739
TCKT_005023,medium,standard,2025-05-02 01:58:47,0,0,0.242
TCKT_004010,medium,gold,2025-04-09 14:01:57,1,1,0.793
TCKT_032962,urgent,standard,2025-07-31 18:23:31,0,0,0.275
TCKT_026456,urgent,standard,2022-12-07 06:00:48,0,0,0.231
TCKT_055503,medium,gold,2023-04-30 07:32:45,1,1,0.753
TCKT_046755,high,standard,2025-03-04 21:19:14,1,0,0.307
TCKT_054948,medium,standard,2025-10-19 05:32:59,1,0,0.215
TCKT_075862,medium,gold,2022-02-27 23:32:01,1,1,0.757
TCKT_031383,medium,standard,2022-09-21 02:34:15,0,0,0.242
TCKT_023048,high,gold,2024-11-08 04:43:42,0,1,0.76
TCKT_009753,medium,standard,2022-11-24 17:47:44,0,0,0.254
TCKT_029893,medium,standard,2023-02-25 06:38:16,0,0,0.216
TCKT_069337,medium,platinum,2024-07-22 02:35:47,1,1,0.901
TCKT_008090,high,gold,2023-11-21 04:01:36,1,1,0.76
TCKT_048858,medium,standard,2022-08-21 22:48:23,0,0,0.241
TCKT_049986,medium,gold,2023-06-27 10:10:04,1,1,0.748
TCKT_005900,medium,standard,2025-03-14 03:22:07,0,0,0.239
TCKT_025283,high,gold,2023-06-12 15:38:02,1,1,0.756
TCKT_029124,low,standard,2025-03-21 03:20:43,0,0,0.253
TCKT_073441,medium,gold,2024-07-20 17:22:52,0,1,0.773
TCKT_090007,low,standard,2022-01-20 01:25:31,0,0,0.238
TCKT_025282,high,standard,2023-05-08 08:21:08,0,0,0.266
TCKT_033477,high,platinum,2025-03-31 04:09:57,1,1,0.9
TCKT_087742,low,standard,2022-08-05 06:22:22,0,0,0.217
TCKT_028397,high,standard,2025-10-18 01:32:28,0,0,0.283
TCKT_046127,low,standard,2022-08-08 04:08:52,0,0,0.18
TCKT_086127,low,standard,2023-12-30 18:09:42,0,0,0.215
TCKT_068220,urgent,standard,2024-12-17 01:36:09,1,0,0.318
TCKT_072174,medium,standard,2025-12-27 19:27:24,0,0,0.243
TCKT_039948,low,standard,2022-08-11 03:27:32,0,0,0.244
TCKT_053105,medium,standard,2022-04-25 04:56:36,0,0,0.263
TCKT_039972,medium,standard,2022-02-27 06:11:44,0,0,0.261
TCKT_051407,high,standard,2022-07-10 10:08:20,0,0,0.245
TCKT_008261,medium,standard,2024-06-14 14:47:07,0,0,0.266
TCKT_096136,low,gold,2024-01-10 07:51:32,1,1,0.628
TCKT_043907,low,platinum,2022-11-11 02:57:02,1,1,0.834
TCKT_055792,low,standard,2024-07-12 08:47:12,0,0,0.202
TCKT_023752,medium,standard,2024-12-25 02:09:00,0,0,0.222
TCKT_001523,low,gold,2022-08-11 20:52:58,0,1,0.593
TCKT_094961,low,standard,2024-08-14 23:15:49,0,0,0.225
TCKT_045857,low,platinum,2024-05-20 01:29:57,1,1,0.876
TCKT_011586,medium,standard,2025-08-02 23:30:06,0,0,0.275
TCKT_026458,high,standard,2024-03-01 10:30:43,0,0,0.251
TCKT_011570,low,standard,2024-10-21 12:45:49,0,0,0.227
TCKT_087398,high,standard,2023-12-19 07:57:45,0,0,0.286
TCKT_070303,low,standard,2025-09-10 04:28:09,0,0,0.261
TCKT_062527,medium,gold,2025-07-25 16:50:35,1,1,0.745
TCKT_077989,medium,standard,2024-08-03 12:04:36,0,0,0.227
TCKT_047365,low,standard,2022-09-10 22:16:19,0,0,0.241
TCKT_031172,medium,gold,2024-06-07 13:14:45,0,1,0.766
TCKT_009137,low,standard,2024-12-25 04:48:44,1,0,0.222
TCKT_006773,low,standard,2023-09-27 22:16:42,0,0,0.229
TCKT_076857,low,gold,2023-07-21 04:27:40,0,1,0.615
TCKT_047246,medium,standard,2024-03-04 17:09:24,0,0,0.234
TCKT_058213,medium,platinum,2025-03-02 03:28:01,1,1,0.866
TCKT_082773,medium,standard,2022-04-05 01:51:31,0,0,0.219
TCKT_040901,low,gold,2025-02-09 19:33:36,0,1,0.61
TCKT_029856,medium,standard,2022-03-24 22:23:27,0,0,0.222
TCKT_067886,high,gold,2022-02-21 14:08:13,1,1,0.721
TCKT_031016,low,standard,2022-02-28 12:31:36,0,0,0.185
TCKT_024770,medium,standard,2022-10-18 15:23:14,0,0,0.252
TCKT_007197,low,standard,2023-08-19 10:13:13,0,0,0.252
TCKT_058412,low,standard,2025-09-01 09:13:40,1,0,0.198
TCKT_092113,low,platinum,2022-04-14 02:15:08,0,1,0.884
TCKT_000121,low,standard,2025-06-13 15:11:20,0,0,0.225
TCKT_088517,low,platinum,2022-08-12 16:49:56,1,1,0.868
TCKT_022069,medium,standard,2023-05-17 09:56:50,0,0,0.247
TCKT_019660,medium,gold,2024-05-18 13:25:06,1,1,0.772
TCKT_097137,high,standard,2024-07-25 17:59:57,0,0,0.286
TCKT_052900,low,gold,2023-02-05 11:43:46,1,1,0.642
TCKT_000554,low,standard,2023-01-04 18:28:27,0,0,0.23
TCKT_004922,urgent,standard,2024-12-30 13:04:05,0,0,0.261
TCKT_048308,low,standard,2023-05-10 17:30:37,0,0,0.201
TCKT_005594,medium,gold,2025-05-01 05:26:40,0,1,0.753
TCKT_048442,low,standard,2023-08-28 06:17:01,0,0,0.214
TCKT_086656,high,standard,2022-04-17 19:06:12,1,0,0.239
TCKT_093634,medium,standard,2025-11-12 20:32:52,0,0,0.143
TCKT_000337,low,standard,2023-08-09 02:33:20,1,0,0.218
TCKT_056764,medium,standard,2022-07-18 06:11:57,0,0,0.252
TCKT_091589,medium,standard,2023-10-09 14:52:05,0,0,0.252
TCKT_006934,low,standard,2022-08-10 18:42:30,0,0,0.232
TCKT_032203,high,standard,2023-02-06 08:39:34,0,0,0.274
TCKT_091872,high,platinum,2023-01-28 19:52:17,1,1,0.9
TCKT_071208,low,standard,2025-01-16 04:23:17,0,0,0.24
TCKT_078182,high,standard,2024-04-19 09:46:59,0,0,0.293
TCKT_032334,medium,gold,2025-11-24 00:49:31,0,1,0.777
TCKT_088754,low,gold,2024-03-23 14:15:57,1,1,0.616
TCKT_041928,low,gold,2024-04-18 16:38:51,0,1,0.587
TCKT_080257,medium,standard,2024-05-07 01:24:00,0,0,0.232
TCKT_013712,urgent,standard,2022-05-19 20:18:31,0,0,0.286
TCKT_062244,medium,standard,2022-11-03 03:53:36,0,0,0.244
TCKT_036339,high,standard,2024-10-15 10:57:16,0,0,0.304
TCKT_043604,low,standard,2022-08-10 15:26:28,0,0,0.226
TCKT_079965,low,platinum,2024-02-14 13:15:07,1,1,0.874
TCKT_068793,high,platinum,2025-02-14 17:33:24,1,1,0.898
TCKT_089243,urgent,standard,2022-12-22 11:16:25,0,0,0.32
TCKT_013437,low,standard,2023-05-22 23:33:00,1,0,0.183
TCKT_013161,medium,standard,2022-07-11 13:19:45,0,0,0.232
TCKT_080726,medium,platinum,2024-09-15 01:42:53,0,1,0.884
TCKT_066614,medium,standard,2025-03-23 17:11:11,0,0,0.258
TCKT_018105,low,gold,2025-11-14 21:56:28,1,1,0.618
TCKT_052029,medium,standard,2025-09-10 19:26:11,0,0,0.292
TCKT_010006,medium,standard,2022-07-24 10:05:41,0,0,0.246
TCKT_005014,medium,standard,2023-04-01 17:37:08,0,0,0.241
TCKT_099886,low,standard,2025-01-26 14:40:18,0,0,0.259
TCKT_060731,low,platinum,2024-06-26 00:07:52,1,1,0.775
TCKT_014708,medium,platinum,2023-05-18 18:32:05,1,1,0.89
TCKT_019761,low,standard,2024-01-23 21:35:51,0,0,0.231
TCKT_008788,medium,standard,2022-04-11 12:46:25,0,0,0.258
TCKT_030300,low,standard,2023-08-22 10:10:52,0,0,0.234
TCKT_014179,high,standard,2022-12-18 03:30:28,0,0,0.245
TCKT_058411,medium,standard,2024-04-18 20:54:23,0,0,0.228
TCKT_042598,low,standard,2023-12-04 20:25:54,1,0,0.232
TCKT_089756,medium,gold,2024-06-10 07:11:02,0,1,0.768
TCKT_021192,high,platinum,2023-05-05 00:27:27,1,1,0.839
TCKT_027980,medium,standard,2025-12-09 16:25:50,0,0,0.23
TCKT_051898,medium,standard,2022-07-06 16:19:42,0,0,0.231
TCKT_007824,medium,standard,2024-05-07 04:40:47,0,0,0.234
TCKT_005165,high,standard,2024-10-26 22:47:40,0,0,0.229
TCKT_099920,medium,gold,2023-05-17 21:15:51,1,1,0.773
TCKT_005369,low,standard,2022-09-30 18:32:52,0,0,0.206
TCKT_013198,low,standard,2022-12-06 07:06:01,0,0,0.208
TCKT_076158,high,standard,2025-11-20 19:16:40,0,0,0.282
TCKT_013490,medium,gold,2025-08-05 02:24:55,0,1,0.766
TCKT_014145,high,gold,2023-08-20 21:15:21,1,1,0.755
TCKT_095097,low,standard,2023-03-19 15:28:31,0,0,0.215
TCKT_031820,high,gold,2022-11-08 12:29:51,0,1,0.716
TCKT_089487,low,gold,2023-04-23 04:48:51,1,1,0.61
TCKT_034225,high,standard,2024-06-24 00:28:37,0,0,0.271
TCKT_063939,medium,gold,2025-01-01 18:46:04,1,1,0.75
TCKT_099562,high,standard,2022-04-29 21:07:53,0,0,0.274
TCKT_052663,medium,standard,2022-02-18 05:29:56,0,0,0.28
TCKT_070224,urgent,gold,2024-06-22 01:50:58,1,1,0.741
TCKT_093819,low,gold,2025-05-07 13:19:58,1,1,0.612
TCKT_052301,low,gold,2022-12-29 09:28:00,1,1,0.615
TCKT_066053,medium,standard,2023-10-13 21:18:09,0,0,0.223
TCKT_050691,low,standard,2022-09-27 04:13:18,0,0,0.243
TCKT_040323,high,standard,2025-09-13 14:51:38,0,0,0.251
TCKT_032520,high,standard,2022-12-01 01:02:56,0,0,0.325
TCKT_016672,low,standard,2025-08-08 14:44:44,0,0,0.214
TCKT_033811,high,standard,2024-03-12 01:30:31,0,0,0.272
TCKT_040042,high,standard,2023-06-10 12:27:38,0,0,0.311
TCKT_062272,low,standard,2022-06-10 05:11:08,0,0,0.276
TCKT_027150,low,standard,2023-05-15 16:37:41,0,0,0.211
TCKT_065120,high,gold,2024-06-12 09:14:40,1,1,0.735
TCKT_002068,high,standard,2022-05-30 02:30:31,0,0,0.246
TCKT_077828,low,standard,2022-02-09 02:02:55,0,0,0.236
TCKT_004974,high,standard,2022-03-25 07:27:23,0,0,0.28
TCKT_013687,medium,gold,2025-10-25 01:44:16,0,1,0.775
TCKT_010939,low,standard,2023-04-12 00:52:57,1,0,0.311
TCKT_055084,low,gold,2022-08-08 05:44:14,0,1,0.631
TCKT_059736,low,gold,2022-07-10 14:37:40,1,1,0.545
TCKT_098006,medium,standard,2022-05-09 22:02:44,1,0,0.222
TCKT_057206,low,platinum,2023-11-10 00:05:02,1,1,0.835
TCKT_062250,low,gold,2022-04-03 17:06:35,0,1,0.612
TCKT_066815,low,gold,2024-05-18 17:36:02,1,1,0.623
TCKT_071837,low,gold,2025-07-16 17:01:09,1,1,0.635
TCKT_052048,high,gold,2024-10-10 03:28:53,1,1,0.755
TCKT_005533,medium,standard,2023-06-18 05:45:17,0,0,0.236
TCKT_033789,low,standard,2025-12-10 06:33:07,1,0,0.178
TCKT_029966,low,standard,2024-05-16 21:05:40,0,0,0.251
TCKT_083611,high,standard,2025-10-25 06:59:32,0,0,0.302
TCKT_028335,low,standard,2024-06-01 00:34:14,0,0,0.223
TCKT_012223,low,gold,2023-07-28 15:36:11,1,1,0.646
TCKT_093655,medium,standard,2024-03-29 06:54:58,1,0,0.22
TCKT_099311,low,standard,2023-05-24 23:13:37,0,0,0.217
TCKT_052707,medium,standard,2024-09-06 18:10:12,1,0,0.253
TCKT_015226,low,standard,2023-05-11 10:00:15,0,0,0.241
TCKT_010924,high,standard,2022-02-05 23:05:24,0,0,0.21
TCKT_087630,low,standard,2022-05-22 08:56:18,0,0,0.253
TCKT_049872,urgent,gold,2024-04-18 18:39:56,0,1,0.747
TCKT_045042,low,standard,2024-12-05 17:18:11,0,0,0.225
TCKT_094231,low,standard,2023-01-09 04:33:12,0,0,0.219
TCKT_082529,low,standard,2023-06-07 12:33:17,0,0,0.253
TCKT_075264,medium,standard,2023-01-10 04:17:51,1,0,0.226
TCKT_077902,medium,gold,2023-10-10 12:05:16,1,1,0.759
TCKT_073789,medium,standard,2022-04-12 13:23:33,0,0,0.256
TCKT_064533,low,platinum,2022-06-13 02:21:23,0,1,0.868
TCKT_064596,medium,standard,2023-04-11 14:30:37,0,0,0.206
TCKT_060227,medium,standard,2023-03-23 05:54:16,0,0,0.248
TCKT_078431,high,standard,2023-01-08 05:27:47,1,0,0.267
TCKT_038966,low,gold,2025-08-08 05:08:30,1,1,0.612
TCKT_041516,medium,standard,2022-12-14 02:22:14,0,0,0.191
TCKT_043822,medium,standard,2023-05-18 00:00:37,0,0,0.205
TCKT_023713,low,gold,2025-06-25 03:57:52,0,1,0.578
TCKT_046686,high,gold,2022-03-23 19:56:10,1,1,0.724
TCKT_063476,low,platinum,2024-02-03 13:17:14,1,1,0.867
TCKT_000356,low,standard,2024-03-05 00:13:35,0,0,0.183
TCKT_091081,low,standard,2024-07-20 10:24:05,0,0,0.212
TCKT_094279,medium,standard,2023-12-13 08:57:09,0,0,0.258
TCKT_010433,low,standard,2025-06-29 03:53:54,0,0,0.22
TCKT_007710,high,gold,2022-04-27 08:19:51,0,1,0.737
TCKT_022999,low,gold,2023-03-31 01:51:48,1,1,0.649
TCKT_096009,low,gold,2024-11-25 06:49:45,0,1,0.634
TCKT_046070,low,standard,2023-04-05 21:10:15,0,0,0.209
TCKT_073898,medium,gold,2022-02-12 19:02:03,1,1,0.769
TCKT_073214,low,standard,2023-03-22 05:18:20,0,0,0.257
TCKT_058862,low,standard,2024-06-04 09:56:31,0,0,0.257
TCKT_054871,low,gold,2022-01-07 01:41:01,1,1,0.597
TCKT_042840,low,standard,2023-04-18 22:07:24,0,0,0.299
TCKT_062214,high,standard,2025-05-28 14:44:40,0,0,0.329
TCKT_004281,medium,standard,2024-06-25 19:05:33,0,0,0.229
TCKT_082405,medium,standard,2022-05-10 09:57:27,0,0,0.283
TCKT_039640,high,gold,2025-09-13 16:28:03,0,1,0.729
TCKT_055998,high,standard,2022-01-19 00:39:52,0,0,0.249
TCKT_039637,medium,gold,2023-08-05 16:09:52,1,1,0.746
TCKT_057941,low,standard,2025-02-21 01:12:16,0,0,0.208
TCKT_033001,high,gold,2024-08-31 04:03:25,0,1,0.764
TCKT_040582,low,platinum,2023-03-26 18:03:44,0,1,0.867
TCKT_015631,low,standard,2024-08-21 08:59:33,0,0,0.236
TCKT_079935,high,standard,2023-06-17 04:08:14,0,0,0.233
TCKT_013010,medium,gold,2025-07-15 18:10:13,1,1,0.784
TCKT_066903,medium,platinum,2024-09-04 06:37:26,1,1,0.869
TCKT_070775,high,gold,2023-11-08 02:50:45,0,1,0.716
TCKT_093626,high,standard,2025-04-22 18:53:55,0,0,0.267
TCKT_058545,high,gold,2023-09-14 05:04:03,1,1,0.75
TCKT_046117,low,platinum,2024-11-15 05:52:26,1,1,0.822
TCKT_056410,medium,gold,2022-04-20 04:29:10,1,1,0.734
TCKT_011618,medium,standard,2023-05-23 11:13:55,0,0,0.219
TCKT_015116,medium,standard,2023-05-16 16:12:55,0,0,0.196
TCKT_091693,medium,gold,2025-09-26 13:10:18,1,1,0.758
TCKT_040252,low,standard,2025-07-05 10:05:22,1,0,0.269
TCKT_068215,medium,standard,2024-07-22 19:07:02,0,0,0.203
TCKT_093356,low,platinum,2024-09-13 06:57:20,1,1,0.846
TCKT_049512,high,gold,2024-08-01 16:17:20,1,1,0.779
TCKT_093320,low,gold,2025-12-23 14:41:34,1,1,0.629
TCKT_011944,high,gold,2025-09-10 13:44:39,0,1,0.755
TCKT_049351,urgent,gold,2023-12-22 12:52:46,0,1,0.718
TCKT_084908,high,standard,2024-09-02 04:46:35,0,0,0.275
TCKT_052717,low,standard,2023-01-10 10:36:04,0,0,0.226
TCKT_061034,medium,gold,2024-02-07 21:23:31,0,1,0.774
TCKT_040904,high,standard,2024-12-14 02:08:59,0,0,0.257
TCKT_058765,medium,gold,2022-01-27 00:37:44,0,1,0.672
TCKT_055372,urgent,standard,2025-11-20 20:52:17,0,0,0.366
TCKT_091766,low,platinum,2025-05-18 00:03:33,1,1,0.861
TCKT_006460,low,gold,2023-01-11 06:04:53,0,1,0.628
TCKT_062357,low,standard,2025-09-17 14:59:29,1,0,0.224
TCKT_064915,medium,standard,2025-05-28 12:49:01,1,0,0.257
TCKT_012154,medium,standard,2022-03-27 16:49:02,0,0,0.257
TCKT_048519,low,gold,2024-08-27 15:03:31,0,1,0.672
TCKT_069762,low,standard,2023-02-17 02:21:14,0,0,0.203
TCKT_099910,medium,standard,2025-04-29 14:45:22,0,0,0.268
TCKT_046085,low,standard,2023-10-29 17:27:09,1,0,0.241
TCKT_080478,medium,standard,2024-07-10 16:32:16,0,0,0.243
TCKT_032217,medium,gold,2025-09-16 17:48:46,0,1,0.755
TCKT_065703,high,standard,2024-07-11 12:34:35,0,0,0.26
TCKT_016178,high,platinum,2025-10-10 03:54:21,1,1,0.844
TCKT_067068,urgent,platinum,2024-09-12 23:52:18,1,1,0.801
TCKT_028823,medium,gold,2022-10-23 10:25:21,0,1,0.759
TCKT_007721,medium,standard,2022-02-23 18:33:35,0,0,0.236
TCKT_010057,urgent,standard,2022-04-22 23:30:24,1,0,0.317
TCKT_087884,low,standard,2025-09-10 21:25:14,0,0,0.222
TCKT_059989,high,gold,2024-04-10 01:24:45,1,1,0.704
TCKT_044771,medium,standard,2025-07-15 17:03:48,0,0,0.263
TCKT_077598,medium,gold,2025-03-26 06:54:10,1,1,0.788
TCKT_078817,low,standard,2023-01-20 21:04:19,0,0,0.22
TCKT_068241,low,standard,2023-03-02 03:00:56,0,0,0.227
TCKT_072887,medium,standard,2023-03-18 16:22:09,0,0,0.255
TCKT_025964,medium,gold,2025-06-21 23:18:20,1,1,0.761
TCKT_015497,medium,gold,2022-01-02 01:08:44,0,1,0.691
TCKT_010997,medium,platinum,2025-03-03 18:01:40,1,1,0.89
TCKT_011878,low,standard,2024-08-19 18:11:36,0,0,0.207
TCKT_057046,low,gold,2024-02-23 02:20:56,1,1,0.55
TCKT_062635,urgent,standard,2023-12-08 04:27:43,0,0,0.254
TCKT_088948,medium,gold,2024-03-26 04:10:05,0,1,0.776
TCKT_002905,high,standard,2022-08-31 03:20:09,0,0,0.282
TCKT_046638,medium,gold,2022-01-23 17:56:13,1,1,0.757
TCKT_085118,low,standard,2025-05-29 13:12:12,0,0,0.269
TCKT_021480,low,gold,2022-03-08 18:51:24,0,1,0.626
TCKT_080685,low,standard,2023-09-17 10:52:27,0,0,0.246
TCKT_028094,medium,standard,2024-11-27 17:16:05,1,0,0.24
TCKT_003670,low,standard,2023-08-27 05:21:03,0,0,0.232
TCKT_066240,medium,platinum,2025-06-24 06:17:24,1,1,0.876
TCKT_088073,medium,platinum,2023-12-23 00:01:12,1,1,0.823
TCKT_015076,low,gold,2024-09-26 02:32:39,0,1,0.566
TCKT_034842,low,standard,2024-02-24 20:30:53,0,0,0.245
TCKT_095296,low,gold,2024-09-04 01:04:46,0,1,0.623
TCKT_084418,medium,gold,2023-10-05 22:18:39,1,1,0.757
TCKT_093631,medium,standard,2022-12-02 21:54:55,0,0,0.21
TCKT_097471,low,standard,2024-10-31 10:38:49,0,0,0.233
TCKT_061694,medium,standard,2023-02-10 17:48:56,0,0,0.206
TCKT_048494,medium,standard,2024-04-24 11:50:16,0,0,0.241
TCKT_017729,medium,standard,2025-06-16 19:40:47,1,0,0.254
TCKT_057026,high,standard,2025-07-05 18:17:27,0,0,0.266
TCKT_095016,low,standard,2022-07-28 01:19:33,0,0,0.225
TCKT_094107,low,standard,2025-11-24 06:21:18,0,0,0.219
TCKT_048122,high,standard,2025-04-19 20:59:49,0,0,0.263
TCKT_008964,medium,standard,2023-07-11 01:34:23,0,0,0.223
TCKT_088769,low,standard,2024-09-05 04:33:20,0,0,0.234
TCKT_031877,high,standard,2022-05-14 18:47:33,0,0,0.271
TCKT_089281,medium,gold,2022-01-28 09:48:23,1,1,0.761
TCKT_065486,medium,standard,2025-02-12 13:22:25,1,0,0.231
TCKT_019750,low,gold,2022-07-30 13:58:40,1,1,0.614
TCKT_004832,low,gold,2023-11-10 01:20:45,0,1,0.657
TCKT_004858,high,gold,2022-08-21 10:43:33,0,1,0.732
TCKT_007523,medium,standard,2022-04-02 07:44:32,0,0,0.247
TCKT_012762,medium,standard,2024-09-01 21:41:06,0,0,0.259
TCKT_046026,low,standard,2022-10-31 15:20:24,0,0,0.25
TCKT_082231,low,standard,2022-05-19 01:40:59,0,0,0.227
TCKT_037882,high,standard,2022-10-27 07:23:51,0,0,0.28
TCKT_099926,low,standard,2022-04-11 21:21:05,0,0,0.252
TCKT_037888,high,standard,2024-11-07 07:26:02,1,0,0.269
TCKT_045418,high,standard,2024-08-28 02:52:38,0,0,0.214
TCKT_080986,high,platinum,2025-06-18 23:01:30,1,1,0.87
TCKT_065980,medium,standard,2024-10-28 11:42:46,1,0,0.251
TCKT_033666,low,platinum,2025-08-04 12:03:08,1,1,0.889
TCKT_051944,medium,gold,2022-09-04 00:08:21,1,1,0.789
TCKT_001865,medium,platinum,2025-03-13 04:28:29,1,1,0.892
TCKT_043756,low,standard,2024-11-08 12:26:34,0,0,0.22
TCKT_036680,medium,standard,2022-03-15 14:21:30,0,0,0.219
TCKT_062776,low,platinum,2022-04-07 01:02:31,0,1,0.878
TCKT_083850,medium,standard,2025-06-23 12:50:00,0,0,0.284
TCKT_043978,low,standard,2025-10-24 07:35:36,0,0,0.206
TCKT_043832,medium,standard,2024-08-28 21:20:18,0,0,0.283
TCKT_029891,low,standard,2023-03-30 10:20:12,0,0,0.222
TCKT_000064,low,platinum,2025-03-07 13:04:09,1,1,0.871
TCKT_068136,high,gold,2025-01-25 06:06:43,1,1,0.767
TCKT_052766,urgent,standard,2025-10-19 16:49:38,0,0,0.285
TCKT_092720,high,standard,2024-06-15 21:29:45,0,0,0.25
TCKT_093671,low,gold,2024-04-27 17:12:14,0,1,0.638
TCKT_030124,low,platinum,2024-06-13 19:37:25,1,1,0.881
TCKT_015835,medium,standard,2022-06-04 23:55:33,0,0,0.306
TCKT_040256,urgent,gold,2023-09-08 03:27:44,1,1,0.735
TCKT_028480,medium,gold,2022-07-12 04:28:05,1,1,0.772
TCKT_082302,low,platinum,2025-02-15 00:39:23,1,1,0.841
TCKT_069594,medium,gold,2025-07-15 01:19:27,0,1,0.779
TCKT_008555,high,gold,2023-06-15 03:44:44,0,1,0.728
TCKT_089066,low,standard,2024-12-14 13:46:36,0,0,0.248
TCKT_038305,high,standard,2025-05-07 05:15:18,0,0,0.241
TCKT_023039,low,gold,2023-06-07 11:52:51,1,1,0.658
TCKT_001596,medium,standard,2024-11-13 11:26:13,0,0,0.259
TCKT_027836,high,standard,2022-10-01 18:18:21,0,0,0.254
TCKT_002895,low,standard,2023-02-03 12:09:30,0,0,0.194
TCKT_008045,low,standard,2022-09-27 00:18:15,1,0,0.229
TCKT_065454,low,standard,2023-07-03 19:42:58,0,0,0.184
TCKT_006598,medium,gold,2025-04-18 02:37:07,1,1,0.76
TCKT_011819,low,standard,2022-12-21 05:07:42,1,0,0.237
TCKT_087705,urgent,standard,2022-09-16 20:36:15,0,0,0.354
TCKT_071272,medium,standard,2022-10-12 06:13:15,0,0,0.243
TCKT_049398,high,standard,2023-01-23 01:23:21,0,0,0.237
TCKT_030725,medium,gold,2024-09-15 08:02:23,1,1,0.771
TCKT_022947,urgent,gold,2024-06-07 03:55:13,0,1,0.699
TCKT_083145,urgent,gold,2022-08-25 09:28:25,0,1,0.758
TCKT_018032,low,standard,2023-07-25 23:33:53,0,0,0.241
TCKT_037044,medium,standard,2025-04-27 16:19:09,0,0,0.261
TCKT_033319,low,standard,2023-10-15 00:31:49,1,0,0.253
TCKT_080546,medium,standard,2025-01-21 03:04:15,0,0,0.24
TCKT_078890,low,platinum,2023-06-28 05:37:33,1,1,0.87
TCKT_051600,high,standard,2025-04-24 04:58:54,1,0,0.306
TCKT_063776,low,standard,2025-01-07 18:22:11,1,0,0.222
TCKT_013143,low,standard,2024-01-10 16:05:27,0,0,0.228
TCKT_052437,high,standard,2022-10-28 15:27:20,0,0,0.295
TCKT_006251,high,standard,2024-01-05 09:10:12,0,0,0.299
TCKT_048258,medium,standard,2024-08-17 22:36:24,0,0,0.243
TCKT_076389,low,gold,2022-08-10 00:02:19,1,1,0.639
TCKT_009025,low,standard,2025-06-22 17:59:42,0,0,0.226
TCKT_022215,low,gold,2022-10-04 20:05:19,1,1,0.673
TCKT_012884,medium,standard,2025-01-16 12:54:19,0,0,0.278
TCKT_058035,low,standard,2023-09-07 17:12:44,0,0,0.22
TCKT_057047,low,gold,2024-09-29 22:26:34,0,1,0.579
TCKT_014257,urgent,gold,2024-02-04 07:08:05,1,1,0.737
TCKT_006876,high,gold,2023-04-08 22:16:41,0,1,0.714
TCKT_042390,low,standard,2022-12-20 19:32:14,0,0,0.197
TCKT_058208,medium,standard,2024-04-11 00:27:11,0,0,0.277
TCKT_015756,medium,standard,2022-03-20 02:30:53,0,0,0.256
TCKT_074834,high,gold,2022-08-06 02:35:20,0,1,0.66
TCKT_032921,low,standard,2022-05-24 13:49:24,0,0,0.231
TCKT_043670,low,standard,2023-10-18 10:46:31,0,0,0.249
TCKT_041103,medium,standard,2024-02-01 05:58:22,0,0,0.235
TCKT_082767,low,standard,2024-02-22 23:09:43,0,0,0.255
TCKT_029960,low,standard,2022-01-04 22:59:50,0,0,0.216
TCKT_064091,medium,gold,2024-06-11 04:26:55,1,1,0.763
TCKT_047947,medium,gold,2025-10-13 15:53:58,1,1,0.761
TCKT_021149,high,standard,2023-07-08 08:58:34,0,0,0.249
TCKT_028632,medium,gold,2024-08-15 11:06:27,1,1,0.75
TCKT_099533,low,standard,2025-04-20 18:24:04,0,0,0.236
TCKT_037786,high,standard,2024-07-28 02:13:04,1,0,0.255
TCKT_038697,low,standard,2025-04-01 04:39:15,0,0,0.232
TCKT_029177,medium,standard,2023-08-27 14:57:55,0,0,0.273
TCKT_018538,medium,standard,2022-12-11 20:03:09,1,0,0.21
TCKT_020203,low,standard,2022-10-25 17:44:04,0,0,0.247
TCKT_087914,urgent,gold,2023-04-27 11:09:32,0,1,0.734
TCKT_058053,high,gold,2024-03-27 01:58:46,1,1,0.762
TCKT_065306,low,standard,2025-11-13 19:42:58,0,0,0.243
TCKT_041630,low,standard,2023-09-07 06:04:49,0,0,0.227
TCKT_096912,medium,gold,2025-09-07 18:28:54,0,1,0.739
TCKT_061163,low,standard,2024-11-04 06:25:50,0,0,0.221
TCKT_059621,low,standard,2025-01-25 06:13:22,0,0,0.241
TCKT_076409,medium,standard,2024-03-15 06:13:16,0,0,0.257
TCKT_064296,medium,gold,2025-07-06 15:03:47,1,1,0.766
TCKT_092353,medium,standard,2023-10-05 03:23:12,1,0,0.252
TCKT_009392,low,standard,2025-03-14 12:39:22,0,0,0.235
TCKT_071518,low,standard,2022-10-05 08:57:46,0,0,0.231
TCKT_048053,low,standard,2025-06-11 04:07:29,0,0,0.225
TCKT_021259,high,standard,2023-11-04 15:46:40,1,0,0.32
TCKT_065612,low,gold,2024-08-24 02:57:00,1,1,0.622
TCKT_025325,low,gold,2025-08-22 08:10:11,0,1,0.655
TCKT_006788,medium,standard,2023-02-12 16:53:27,0,0,0.231
TCKT_024952,high,platinum,2022-06-22 16:42:28,1,1,0.854
TCKT_004139,medium,standard,2023-11-22 03:51:01,0,0,0.233
TCKT_035823,low,standard,2024-05-11 03:39:48,0,0,0.204
TCKT_084300,high,standard,2023-10-12 15:28:26,0,0,0.278
TCKT_003111,medium,gold,2023-06-10 09:47:29,1,1,0.785
TCKT_033238,high,standard,2025-09-07 19:41:11,0,0,0.24
TCKT_069294,low,standard,2023-02-21 20:13:24,0,0,0.238
TCKT_089941,medium,standard,2025-01-02 16:26:37,1,0,0.193
TCKT_017088,low,gold,2024-07-01 00:28:11,1,1,0.595
TCKT_076218,high,standard,2025-10-18 10:27:39,0,0,0.246
TCKT_092630,medium,standard,2024-01-25 08:04:18,0,0,0.277
TCKT_069417,high,gold,2024-10-12 10:51:38,1,1,0.735
TCKT_070866,medium,gold,2022-06-27 17:06:34,0,1,0.77
TCKT_019142,low,standard,2024-05-30 14:07:34,1,0,0.252
TCKT_060690,high,gold,2025-01-10 06:37:48,1,1,0.706
TCKT_048157,low,gold,2022-01-01 16:21:14,1,1,0.636
TCKT_029832,low,gold,2025-10-28 08:28:30,1,1,0.608
TCKT_002678,high,standard,2024-02-11 07:27:19,0,0,0.239
TCKT_098128,medium,gold,2025-05-03 02:30:54,0,1,0.774
TCKT_065362,low,standard,2024-05-24 23:26:07,1,0,0.261
TCKT_044599,low,standard,2024-01-12 13:15:21,0,0,0.23
TCKT_018255,high,platinum,2024-07-25 04:29:45,1,1,0.88
TCKT_009378,low,gold,2023-12-20 22:03:03,0,1,0.666
TCKT_004368,high,standard,2024-06-24 17:32:02,0,0,0.295
TCKT_044802,low,platinum,2024-06-14 03:58:49,1,1,0.862
TCKT_004631,low,standard,2023-06-26 11:11:43,0,0,0.213
TCKT_098597,high,standard,2022-06-19 15:09:48,0,0,0.27
TCKT_022586,low,standard,2022-05-17 03:29:58,0,0,0.274
TCKT_072467,high,standard,2022-12-06 00:11:26,1,0,0.3
TCKT_025781,low,standard,2023-03-03 05:51:24,0,0,0.204
TCKT_053764,low,standard,2022-02-06 15:01:15,1,0,0.231
TCKT_079703,medium,gold,2025-05-29 21:26:26,0,1,0.757
TCKT_030704,medium,platinum,2025-03-28 03:12:14,0,1,0.859
TCKT_056321,low,gold,2023-11-05 12:21:12,0,1,0.614
TCKT_069258,high,gold,2024-10-26 23:43:57,1,1,0.712
TCKT_027984,medium,standard,2024-10-26 13:10:17,1,0,0.206
TCKT_000598,medium,gold,2023-10-07 08:03:06,1,1,0.758
TCKT_041231,high,gold,2025-10-25 02:03:07,0,1,0.743
TCKT_022557,low,gold,2023-03-10 14:03:44,1,1,0.635
TCKT_064890,low,gold,2023-04-21 10:05:55,0,1,0.634
TCKT_041596,medium,gold,2022-04-12 16:14:59,1,1,0.776
TCKT_073569,low,standard,2022-08-31 17:10:27,1,0,0.262
TCKT_029468,medium,standard,2023-06-04 01:15:48,0,0,0.216
TCKT_018996,high,platinum,2022-12-19 02:03:31,1,1,0.846
TCKT_030181,high,gold,2025-06-18 19:07:54,1,1,0.712
TCKT_060768,high,gold,2023-11-17 04:53:26,0,1,0.732
TCKT_068707,high,standard,2022-11-22 02:38:09,0,0,0.248
TCKT_087998,high,platinum,2025-02-01 21:09:36,1,1,0.864
TCKT_036391,low,standard,2022-12-24 04:41:59,0,0,0.221
TCKT_061558,low,standard,2025-11-27 15:16:11,1,0,0.224
TCKT_048580,low,standard,2024-01-24 20:42:06,0,0,0.239
TCKT_034433,medium,gold,2024-05-20 17:59:18,1,1,0.783
TCKT_053730,medium,standard,2025-03-06 12:29:33,1,0,0.226
TCKT_001094,high,gold,2024-08-07 19:55:11,1,1,0.739
TCKT_050240,low,gold,2025-01-21 14:54:45,0,1,0.603
TCKT_007292,urgent,standard,2024-09-06 17:01:32,0,0,0.339
TCKT_052207,high,gold,2023-10-24 23:13:54,1,1,0.649
TCKT_048143,medium,standard,2025-08-08 03:02:13,0,0,0.248
TCKT_091963,medium,gold,2025-02-06 00:34:05,1,1,0.755
TCKT_029600,medium,standard,2023-03-15 11:23:43,1,0,0.233
TCKT_050269,low,standard,2024-07-31 09:22:24,0,0,0.231
TCKT_072924,medium,standard,2023-09-23 11:12:01,0,0,0.235
TCKT_051444,urgent,standard,2023-06-28 16:35:08,0,0,0.241
TCKT_070096,low,standard,2024-03-13 03:23:49,0,0,0.237
TCKT_020565,low,standard,2025-05-01 20:41:56,0,0,0.228
TCKT_086988,medium,platinum,2024-05-15 12:26:22,1,1,0.893
TCKT_015179,medium,platinum,2023-10-17 21:21:04,1,1,0.883
TCKT_077204,medium,standard,2025-02-05 18:37:50,0,0,0.223
TCKT_037915,low,standard,2024-02-20 10:16:57,0,0,0.225
TCKT_073534,low,platinum,2023-10-24 17:38:09,1,1,0.887
TCKT_097304,low,gold,2022-04-09 02:02:51,0,1,0.602
TCKT_004001,medium,gold,2025-03-22 08:39:55,0,1,0.768
TCKT_038005,medium,standard,2024-05-20 07:02:48,0,0,0.233
TCKT_047653,high,standard,2022-08-15 21:30:07,0,0,0.274
TCKT_008790,medium,gold,2024-06-10 19:28:45,0,1,0.773
TCKT_026670,medium,gold,2025-03-12 23:55:37,1,1,0.69
TCKT_056210,medium,gold,2023-08-30 18:00:03,1,1,0.779
TCKT_099224,medium,gold,2024-05-04 01:42:03,1,1,0.775
TCKT_063478,medium,standard,2023-07-01 23:10:51,0,0,0.234
TCKT_033908,low,gold,2025-08-08 14:36:25,1,1,0.627
TCKT_080330,medium,standard,2025-06-30 15:02:14,0,0,0.283
TCKT_002857,low,gold,2024-07-26 08:57:23,1,1,0.669
TCKT_022991,medium,standard,2023-08-07 16:29:51,0,0,0.271
TCKT_077373,high,standard,2022-02-16 06:51:30,0,0,0.266
TCKT_064299,high,gold,2024-07-23 06:34:02,1,1,0.719
TCKT_033968,low,standard,2022-07-17 16:50:59,1,0,0.241
TCKT_020732,low,gold,2023-03-06 16:51:45,0,1,0.644
TCKT_085990,medium,standard,2022-08-30 14:00:20,0,0,0.247
TCKT_094925,medium,standard,2023-12-19 05:31:47,0,0,0.254
TCKT_015491,high,standard,2022-09-12 15:48:53,0,0,0.239
TCKT_009594,medium,standard,2025-06-03 05:04:29,0,0,0.244
TCKT_098497,medium,platinum,2022-10-02 14:13:41,1,1,0.901
TCKT_067985,medium,standard,2023-08-10 15:58:47,0,0,0.263
TCKT_084333,medium,gold,2022-10-15 08:35:42,1,1,0.756
TCKT_077671,urgent,platinum,2022-10-29 00:10:17,1,1,0.802
TCKT_027961,medium,platinum,2025-06-01 00:11:50,1,1,0.883
TCKT_098982,low,gold,2024-08-23 10:10:58,0,1,0.629
TCKT_071935,low,gold,2024-06-13 11:09:01,1,1,0.6
TCKT_019285,high,standard,2024-12-17 15:49:51,1,0,0.328
TCKT_080132,low,standard,2023-08-09 15:26:32,1,0,0.222
TCKT_043597,high,standard,2023-03-29 10:59:14,0,0,0.283
TCKT_062781,high,gold,2023-06-01 16:15:24,0,1,0.739
TCKT_050509,low,standard,2024-10-04 03:16:55,0,0,0.22
TCKT_039652,medium,gold,2025-10-04 18:58:05,1,1,0.743
TCKT_006017,medium,standard,2022-08-19 15:42:10,0,0,0.214
TCKT_013997,urgent,gold,2025-10-08 05:37:19,1,1,0.698
TCKT_096721,low,standard,2025-06-03 20:34:38,0,0,0.273
TCKT_067384,medium,gold,2023-06-09 18:20:19,1,1,0.78
TCKT_018871,medium,gold,2025-11-22 16:11:55,1,1,0.766
TCKT_061038,urgent,standard,2023-06-09 21:41:58,0,0,0.38
TCKT_080771,medium,standard,2022-11-11 05:22:30,0,0,0.245
TCKT_096720,medium,standard,2024-05-23 01:26:31,0,0,0.214
TCKT_081134,low,platinum,2022-12-12 17:13:07,0,1,0.843
TCKT_006511,low,gold,2025-07-20 21:17:55,1,1,0.663
TCKT_056804,low,standard,2023-08-28 04:42:45,0,0,0.199
TCKT_023614,high,standard,2025-01-08 18:35:30,0,0,0.324
TCKT_081484,medium,standard,2025-01-16 03:47:55,0,0,0.24
TCKT_029345,medium,standard,2024-08-24 10:20:10,0,0,0.241
TCKT_056347,medium,platinum,2022-01-28 15:47:43,0,1,0.864
TCKT_008720,high,gold,2023-03-13 17:51:45,0,1,0.711
TCKT_057547,low,platinum,2023-07-26 21:09:39,1,1,0.813
TCKT_073500,high,standard,2022-04-25 02:11:08,0,0,0.29
TCKT_010146,medium,standard,2025-09-25 22:57:05,0,0,0.241
TCKT_078311,high,standard,2023-07-04 13:24:46,0,0,0.32
TCKT_021142,low,gold,2024-10-25 01:06:57,1,1,0.555
TCKT_031274,medium,standard,2022-10-23 12:37:27,1,0,0.24
TCKT_003938,low,standard,2025-04-28 21:18:32,0,0,0.218
TCKT_048079,medium,standard,2024-03-30 05:50:54,0,0,0.237
TCKT_072257,low,standard,2022-12-18 21:19:59,0,0,0.23
TCKT_078133,low,standard,2023-08-06 04:14:42,0,0,0.21
TCKT_015850,high,gold,2024-03-04 04:51:30,0,1,0.739
TCKT_084040,medium,platinum,2022-12-08 18:32:55,1,1,0.881
TCKT_044074,urgent,gold,2025-10-11 17:10:42,1,1,0.744
TCKT_015269,low,standard,2024-04-01 00:22:58,0,0,0.19
TCKT_059102,low,standard,2025-07-11 02:16:09,0,0,0.213
TCKT_024452,high,standard,2025-03-26 10:37:03,0,0,0.27
TCKT_094878,medium,standard,2025-04-03 03:44:06,0,0,0.221
TCKT_039902,low,standard,2023-02-15 02:38:49,0,0,0.196
TCKT_075316,urgent,standard,2024-11-24 08:58:24,0,0,0.294
TCKT_007575,low,standard,2024-03-23 22:29:33,0,0,0.238
TCKT_014735,urgent,standard,2025-07-19 05:58:40,0,0,0.27
TCKT_021080,high,standard,2022-09-19 17:23:50,0,0,0.246
TCKT_029873,medium,gold,2025-07-30 16:46:39,0,1,0.771
TCKT_038209,low,standard,2022-07-07 12:49:06,0,0,0.21
TCKT_016015,medium,standard,2022-10-11 16:19:59,0,0,0.24
TCKT_028464,low,standard,2023-11-24 03:13:46,0,0,0.241
TCKT_049246,low,standard,2022-05-10 08:41:32,0,0,0.205
TCKT_061429,low,standard,2022-01-19 05:21:21,0,0,0.21
TCKT_009835,low,platinum,2024-10-21 04:56:23,1,1,0.896
TCKT_043520,urgent,standard,2024-03-20 13:10:11,0,0,0.243
TCKT_025173,low,standard,2022-11-23 01:50:55,0,0,0.206
TCKT_065625,high,standard,2022-11-12 06:35:44,1,0,0.335
TCKT_039185,low,gold,2022-12-07 21:59:32,0,1,0.652
TCKT_041566,high,standard,2025-11-20 16:33:19,0,0,0.266
TCKT_035537,low,gold,2023-03-04 13:27:53,1,1,0.617
TCKT_048619,low,gold,2023-04-13 01:09:41,0,1,0.6
TCKT_043032,low,gold,2022-11-23 09:21:51,1,1,0.611
TCKT_088933,low,gold,2024-12-04 08:40:15,0,1,0.605
TCKT_057101,low,standard,2025-09-11 19:54:28,1,0,0.225
TCKT_001307,low,platinum,2024-05-10 02:37:07,0,1,0.884
TCKT_079241,low,standard,2024-09-07 12:28:28,0,0,0.26
TCKT_026707,medium,gold,2022-10-02 00:00:13,0,1,0.68
TCKT_095237,low,gold,2025-11-23 19:09:33,1,1,0.589
TCKT_023536,medium,standard,2024-07-04 13:49:16,0,0,0.246
TCKT_059693,low,gold,2024-09-18 23:45:23,0,1,0.616
TCKT_093294,high,platinum,2023-11-04 16:31:23,1,1,0.893
TCKT_065280,low,standard,2025-01-13 10:59:45,0,0,0.24
TCKT_059666,low,standard,2022-02-09 11:24:56,0,0,0.217
TCKT_062821,medium,gold,2023-06-05 09:21:36,0,1,0.754
TCKT_011563,low,standard,2024-10-18 08:19:07,0,0,0.261
TCKT_059256,medium,standard,2023-10-11 22:49:31,0,0,0.223
TCKT_028365,high,gold,2025-02-09 10:41:05,1,1,0.731
TCKT_008275,medium,gold,2025-08-29 01:23:36,0,1,0.782
TCKT_079322,low,platinum,2023-05-13 03:39:14,1,1,0.855
TCKT_037726,medium,gold,2023-05-16 02:47:48,1,1,0.749
TCKT_027062,medium,gold,2024-08-16 13:44:33,1,1,0.781
TCKT_074655,medium,standard,2023-04-09 23:36:15,0,0,0.274
TCKT_003311,low,standard,2025-10-23 05:41:40,0,0,0.208
TCKT_064670,low,gold,2024-06-22 16:33:22,0,1,0.62
TCKT_030264,low,gold,2022-06-23 22:52:18,1,1,0.575
TCKT_089031,low,gold,2024-03-22 19:32:25,1,1,0.591
TCKT_082634,high,platinum,2022-01-21 05:17:33,0,1,0.874
TCKT_095828,low,standard,2025-03-12 14:03:16,0,0,0.236
TCKT_089213,medium,standard,2024-02-17 21:39:21,0,0,0.221
TCKT_048503,medium,gold,2024-05-28 10:01:29,0,1,0.776
TCKT_057580,urgent,standard,2025-06-03 03:50:20,0,0,0.296
TCKT_016545,low,standard,2024-11-20 06:17:34,0,0,0.223
TCKT_008224,medium,standard,2023-12-03 03:19:09,0,0,0.26
TCKT_092356,high,standard,2023-06-07 02:20:22,0,0,0.271
TCKT_078049,low,standard,2025-09-27 22:08:46,1,0,0.22
TCKT_080644,low,standard,2025-10-26 23:16:38,1,0,0.29
TCKT_083300,medium,standard,2025-12-27 01:57:12,0,0,0.214
TCKT_096145,low,standard,2024-09-03 17:07:40,0,0,0.228
TCKT_025720,urgent,standard,2025-01-11 06:10:52,0,0,0.32
TCKT_000728,high,gold,2023-12-12 15:09:22,0,1,0.769
TCKT_074786,low,standard,2022-04-18 15:41:56,0,0,0.247
TCKT_096234,medium,gold,2025-05-15 17:09:51,1,1,0.763
TCKT_046872,medium,standard,2024-12-19 03:27:21,1,0,0.225
TCKT_028045,low,gold,2025-02-13 13:08:49,0,1,0.567
TCKT_093469,low,standard,2022-12-26 11:23:10,1,0,0.25
TCKT_001937,high,standard,2025-02-18 12:46:55,0,0,0.305
TCKT_021088,low,standard,2024-11-30 04:10:48,0,0,0.206
TCKT_049907,medium,standard,2025-07-18 14:35:32,0,0,0.284
TCKT_022323,medium,standard,2024-10-25 23:14:36,0,0,0.234
TCKT_023743,medium,gold,2024-10-16 12:02:02,1,1,0.772
TCKT_015139,high,standard,2025-08-09 01:04:59,0,0,0.328
TCKT_018843,medium,gold,2022-02-09 18:33:52,1,1,0.75
TCKT_042713,low,standard,2023-12-09 03:34:41,0,0,0.235
TCKT_056190,medium,gold,2023-07-21 09:40:05,0,1,0.77
TCKT_051735,medium,platinum,2022-03-18 09:00:43,1,1,0.888
TCKT_029994,medium,gold,2023-10-06 23:15:24,0,1,0.729
TCKT_093047,high,platinum,2022-01-29 00:29:12,1,1,0.851
TCKT_035432,low,gold,2022-03-08 23:10:45,0,1,0.627
TCKT_055160,low,standard,2022-03-16 07:25:23,0,0,0.208
TCKT_044047,medium,standard,2022-03-13 20:28:39,0,0,0.222
TCKT_076562,medium,gold,2022-03-01 07:26:49,1,1,0.763
TCKT_075360,medium,standard,2023-11-13 00:19:25,0,0,0.275
TCKT_057103,medium,gold,2024-01-21 19:28:52,0,1,0.755
TCKT_034163,medium,standard,2022-12-31 13:44:03,0,0,0.23
TCKT_041771,medium,gold,2022-03-08 17:30:00,0,1,0.774
TCKT_071945,medium,standard,2022-06-19 14:55:57,0,0,0.288
TCKT_001377,high,gold,2023-08-23 21:36:46,1,1,0.715
TCKT_021185,low,standard,2024-07-12 16:22:00,0,0,0.263
TCKT_039785,low,standard,2022-07-18 16:21:22,0,0,0.225
TCKT_015640,high,standard,2024-08-12 22:14:43,0,0,0.211
TCKT_038293,medium,standard,2022-06-21 13:34:42,0,0,0.222
TCKT_007645,medium,standard,2022-01-15 03:42:10,1,0,0.215
TCKT_083425,low,standard,2023-03-26 02:50:02,0,0,0.258
TCKT_015861,medium,standard,2023-05-13 02:50:06,0,0,0.238
TCKT_059218,urgent,gold,2022-08-26 20:49:27,0,1,0.721
TCKT_010593,medium,gold,2022-10-15 12:49:00,0,1,0.743
TCKT_056451,medium,gold,2025-08-07 06:52:03,1,1,0.779
TCKT_048367,medium,standard,2024-12-12 21:08:53,0,0,0.277
TCKT_030175,low,platinum,2023-10-25 21:51:24,1,1,0.835
TCKT_060403,medium,standard,2023-09-14 19:37:44,0,0,0.245
TCKT_082351,medium,standard,2025-02-03 08:09:58,0,0,0.239
TCKT_069698,medium,standard,2024-07-27 09:22:01,0,0,0.205
TCKT_093281,low,standard,2025-01-13 11:50:38,0,0,0.224
TCKT_070769,medium,standard,2024-04-12 07:29:23,0,0,0.24
TCKT_099554,high,standard,2022-12-26 12:15:00,0,0,0.284
TCKT_003758,medium,gold,2025-08-08 01:50:36,1,1,0.776
TCKT_085694,medium,platinum,2022-12-21 16:28:28,1,1,0.869
TCKT_020629,high,standard,2022-07-06 12:09:22,0,0,0.303
TCKT_074882,high,standard,2022-09-15 18:31:00,0,0,0.277
TCKT_015796,high,gold,2023-11-06 15:33:48,0,1,0.754
TCKT_000658,low,platinum,2024-07-24 01:13:09,1,1,0.866
TCKT_049433,high,standard,2022-04-19 19:41:01,1,0,0.327
TCKT_073672,low,standard,2024-03-17 23:40:52,0,0,0.25
TCKT_025849,medium,standard,2022-08-04 22:52:23,1,0,0.314
TCKT_056237,medium,platinum,2023-01-26 11:14:36,1,1,0.883
TCKT_098858,high,standard,2024-01-30 14:46:09,0,0,0.268
TCKT_047216,medium,platinum,2024-02-22 03:03:33,1,1,0.888
TCKT_031265,medium,platinum,2024-10-05 05:48:49,1,1,0.904
TCKT_033383,medium,standard,2024-07-08 03:22:08,0,0,0.23
TCKT_011477,medium,standard,2024-11-03 16:28:22,0,0,0.221
TCKT_086567,high,gold,2023-01-07 00:15:46,0,1,0.685
TCKT_064059,medium,gold,2023-02-23 07:34:04,0,1,0.778
TCKT_032102,high,standard,2025-08-16 20:30:32,0,0,0.247
TCKT_094698,medium,gold,2023-11-27 07:53:22,1,1,0.772
TCKT_099996,high,standard,2023-05-16 06:23:50,0,0,0.324
TCKT_048248,low,gold,2025-11-02 15:53:39,1,1,0.628
TCKT_004538,low,gold,2023-06-15 06:42:46,1,1,0.659
TCKT_082665,low,gold,2024-08-23 04:07:28,1,1,0.655
TCKT_074950,medium,standard,2025-03-17 19:52:01,0,0,0.244
TCKT_070199,high,platinum,2023-06-27 16:00:51,1,1,0.862
TCKT_015351,low,standard,2023-02-20 13:39:48,0,0,0.209
TCKT_035346,low,standard,2023-09-20 14:31:52,0,0,0.283
TCKT_041656,medium,standard,2023-08-30 15:53:49,0,0,0.25
TCKT_051060,low,gold,2023-07-10 01:53:47,0,1,0.633
TCKT_017140,low,gold,2023-03-26 18:23:33,0,1,0.601
TCKT_028467,medium,standard,2022-04-15 09:56:51,0,0,0.247
TCKT_083987,medium,standard,2023-11-19 18:48:40,0,0,0.209
TCKT_091071,low,standard,2022-04-16 18:40:38,0,0,0.213
TCKT_026723,low,standard,2025-05-21 15:24:46,0,0,0.287
TCKT_036682,medium,platinum,2022-12-24 16:26:41,1,1,0.884
TCKT_080819,high,standard,2024-11-04 11:16:49,0,0,0.28
TCKT_037861,low,gold,2023-05-23 11:11:20,1,1,0.583
TCKT_097321,medium,standard,2024-09-11 19:58:16,0,0,0.22
TCKT_015301,medium,standard,2023-08-23 03:52:49,0,0,0.243
TCKT_010151,low,standard,2025-03-11 10:30:57,0,0,0.201
TCKT_043288,low,standard,2025-03-27 05:44:56,0,0,0.235
TCKT_009745,medium,gold,2025-09-12 02:07:51,0,1,0.768
TCKT_076119,medium,gold,2025-10-06 05:19:58,1,1,0.758
TCKT_058928,low,standard,2023-11-10 18:37:57,0,0,0.259
TCKT_012529,low,standard,2023-03-27 17:58:48,0,0,0.182
TCKT_090996,low,standard,2024-07-01 09:09:40,0,0,0.217
TCKT_089459,low,standard,2023-03-11 00:06:40,0,0,0.226
TCKT_050222,high,standard,2024-03-24 03:33:56,0,0,0.271
TCKT_043209,high,gold,2025-07-28 22:52:11,1,1,0.725
TCKT_090244,low,gold,2025-09-22 19:12:11,1,1,0.661
TCKT_080720,low,standard,2023-11-13 23:26:41,0,0,0.209
TCKT_031658,medium,gold,2022-03-25 13:06:17,1,1,0.754
TCKT_039912,high,standard,2024-04-29 21:34:00,0,0,0.298
TCKT_054241,medium,platinum,2023-10-24 04:03:33,1,1,0.915
TCKT_098471,low,standard,2025-11-15 12:07:26,0,0,0.226
TCKT_080480,low,standard,2025-04-14 13:02:10,0,0,0.283
TCKT_074014,urgent,gold,2022-04-17 01:24:57,1,1,0.748
TCKT_009395,high,standard,2024-08-28 08:16:12,0,0,0.262
TCKT_097431,low,gold,2024-10-26 02:53:33,0,1,0.634
TCKT_052994,medium,gold,2022-05-22 21:25:43,1,1,0.749
TCKT_002128,low,standard,2025-06-07 23:22:47,0,0,0.237
TCKT_079684,medium,platinum,2022-09-24 03:25:43,0,1,0.845
TCKT_010021,medium,standard,2023-01-14 01:51:18,0,0,0.25
TCKT_012258,medium,standard,2022-02-25 16:46:25,0,0,0.182
TCKT_049295,low,standard,2024-07-11 17:54:12,0,0,0.206
TCKT_038160,low,standard,2023-09-28 15:25:12,1,0,0.22
TCKT_094113,low,platinum,2024-11-22 08:10:10,1,1,0.873
TCKT_044531,medium,gold,2023-10-31 06:07:57,1,1,0.766
TCKT_082006,medium,gold,2023-02-10 13:02:54,0,1,0.728
TCKT_071896,urgent,gold,2022-01-08 09:10:15,1,1,0.781
TCKT_039083,low,gold,2025-11-10 19:16:48,0,1,0.637
TCKT_037179,low,standard,2023-03-16 15:05:02,1,0,0.239
TCKT_032351,low,standard,2022-03-14 07:19:18,0,0,0.239
TCKT_096488,urgent,standard,2024-03-19 14:23:50,0,0,0.292
TCKT_001212,low,standard,2025-09-11 05:48:28,0,0,0.226
TCKT_054325,low,platinum,2025-01-13 01:51:51,1,1,0.881
TCKT_020074,medium,gold,2024-06-23 09:00:43,1,1,0.771
TCKT_077802,medium,standard,2024-11-15 07:28:39,0,0,0.261
TCKT_044283,urgent,standard,2025-03-24 00:45:09,0,0,0.28
TCKT_075427,medium,standard,2024-05-29 22:55:10,0,0,0.269
TCKT_015564,low,gold,2024-11-03 04:24:09,1,1,0.632
TCKT_054220,high,standard,2024-04-23 07:25:06,0,0,0.317
TCKT_046069,high,standard,2025-06-08 06:44:17,0,0,0.279
TCKT_052534,low,gold,2024-12-07 09:19:50,1,1,0.589
TCKT_066383,medium,standard,2024-03-19 21:57:11,1,0,0.225
TCKT_090488,medium,standard,2025-05-05 03:24:45,0,0,0.252
TCKT_018409,low,standard,2023-05-11 21:20:23,0,0,0.231
TCKT_021085,medium,standard,2025-02-08 21:48:10,0,0,0.241
TCKT_069408,high,standard,2025-09-07 15:48:06,0,0,0.286
TCKT_029295,urgent,standard,2024-10-07 20:00:29,1,0,0.364
TCKT_083216,medium,standard,2023-06-09 03:08:56,0,0,0.243
TCKT_037062,medium,platinum,2022-01-30 06:11:38,1,1,0.889
TCKT_043426,medium,standard,2022-11-21 15:42:22,0,0,0.27
TCKT_059757,medium,standard,2024-03-15 19:17:52,0,0,0.267
TCKT_032193,low,platinum,2024-06-06 11:44:51,0,1,0.863
TCKT_061222,low,standard,2025-08-27 21:31:22,0,0,0.201
TCKT_056962,urgent,gold,2022-10-13 16:33:00,0,1,0.69
TCKT_090337,urgent,platinum,2022-08-07 23:32:52,1,1,0.751
TCKT_022491,low,standard,2022-03-15 07:31:45,0,0,0.222
TCKT_058347,medium,standard,2023-10-18 06:03:29,0,0,0.251
TCKT_041313,low,gold,2022-05-07 20:00:32,0,1,0.645
TCKT_089350,high,standard,2022-11-02 05:33:58,0,0,0.237
TCKT_023172,low,standard,2022-07-17 01:27:26,0,0,0.265
TCKT_039617,medium,gold,2024-05-02 07:57:10,1,1,0.757
TCKT_053751,medium,standard,2022-12-30 14:04:47,0,0,0.253
TCKT_089428,low,gold,2025-03-17 23:01:33,1,1,0.585
TCKT_011649,high,standard,2023-08-17 20:27:05,1,0,0.303
TCKT_091376,low,standard,2022-03-19 12:08:58,1,0,0.23
TCKT_034587,medium,gold,2024-12-29 11:36:14,1,1,0.736
TCKT_020724,high,standard,2025-08-13 01:43:45,0,0,0.316
TCKT_085332,low,standard,2025-10-28 00:01:05,0,0,0.216
TCKT_077084,low,gold,2022-10-16 18:15:07,0,1,0.617
TCKT_056184,medium,gold,2023-06-30 09:39:27,1,1,0.765
TCKT_004679,high,gold,2023-11-17 18:02:50,0,1,0.747
TCKT_039714,medium,gold,2023-11-24 08:02:00,1,1,0.797
TCKT_028444,medium,standard,2025-06-10 17:01:03,0,0,0.282
TCKT_008161,urgent,platinum,2024-03-05 19:27:26,1,1,0.787
TCKT_052354,medium,platinum,2024-06-15 15:27:55,0,1,0.882
TCKT_007628,medium,standard,2023-12-21 02:59:25,0,0,0.245
TCKT_058837,low,standard,2025-06-29 20:59:38,0,0,0.253
TCKT_001220,medium,gold,2024-07-29 13:47:07,0,1,0.764
TCKT_057235,high,gold,2023-02-12 08:04:09,0,1,0.735
TCKT_081988,medium,standard,2025-11-25 05:55:03,0,0,0.251
TCKT_088564,medium,standard,2022-11-22 15:48:52,0,0,0.25
TCKT_020845,medium,gold,2023-07-13 07:18:58,1,1,0.756
TCKT_019329,medium,gold,2023-09-01 18:29:05,0,1,0.789
TCKT_020966,low,standard,2022-07-13 08:51:51,1,0,0.268
TCKT_086029,low,standard,2024-03-19 07:04:25,0,0,0.227
TCKT_092263,low,gold,2023-07-18 02:54:50,0,1,0.617
TCKT_065959,medium,standard,2025-07-17 16:00:54,0,0,0.2
TCKT_043585,medium,standard,2023-10-29 09:48:50,0,0,0.241
TCKT_024058,medium,standard,2023-11-09 17:42:46,0,0,0.294
TCKT_068721,low,standard,2024-06-24 00:33:18,0,0,0.289
TCKT_078009,low,gold,2025-08-14 16:37:23,0,1,0.605
TCKT_070079,low,standard,2025-01-05 12:27:01,0,0,0.206
TCKT_078314,low,standard,2025-11-21 11:26:28,0,0,0.208
TCKT_070341,low,standard,2024-03-16 22:43:12,0,0,0.227
TCKT_014001,high,gold,2022-02-23 10:08:44,1,1,0.723
TCKT_041390,high,platinum,2025-06-01 08:17:55,1,1,0.865
TCKT_023848,medium,gold,2024-07-10 06:05:21,0,1,0.771
TCKT_046541,low,standard,2025-07-08 09:49:48,0,0,0.249
TCKT_087233,high,gold,2022-02-08 12:38:23,1,1,0.734
TCKT_099219,low,standard,2025-02-25 18:51:03,0,0,0.217
TCKT_000920,low,gold,2022-06-14 07:31:50,0,1,0.596
TCKT_051522,medium,standard,2022-07-21 05:13:03,0,0,0.247
TCKT_080937,medium,standard,2023-09-24 18:36:21,0,0,0.241
TCKT_002108,low,gold,2025-08-09 06:23:35,1,1,0.589
TCKT_088656,medium,standard,2024-02-08 23:41:01,0,0,0.243
TCKT_072649,medium,standard,2023-09-10 01:01:28,0,0,0.239
TCKT_051434,urgent,standard,2022-04-24 11:39:12,0,0,0.222
TCKT_024638,low,standard,2024-07-08 10:21:28,0,0,0.205
TCKT_041563,medium,gold,2022-07-20 23:46:32,1,1,0.683
TCKT_020032,high,standard,2022-03-30 22:41:16,1,0,0.323
TCKT_041948,medium,gold,2022-04-28 18:48:08,1,1,0.775
TCKT_009246,medium,gold,2024-04-22 12:42:38,0,1,0.758
TCKT_031887,low,gold,2022-03-31 23:10:35,1,1,0.655
TCKT_063935,high,gold,2022-12-25 23:40:43,0,1,0.659
TCKT_007916,urgent,gold,2024-06-20 02:31:14,0,1,0.776
TCKT_078193,high,gold,2022-07-09 19:17:01,1,1,0.699
TCKT_042953,low,standard,2022-02-24 06:09:22,0,0,0.196
TCKT_080809,medium,standard,2024-05-17 10:36:26,0,0,0.233
TCKT_003591,high,standard,2025-04-18 00:36:57,0,0,0.337
TCKT_047817,high,standard,2023-11-16 16:50:26,0,0,0.283
TCKT_044681,medium,standard,2023-03-21 04:59:51,0,0,0.243
TCKT_099706,medium,gold,2022-06-15 14:16:19,1,1,0.753
TCKT_092692,medium,standard,2024-08-10 10:49:00,0,0,0.234
TCKT_065037,high,standard,2023-08-26 00:11:15,0,0,0.266
TCKT_020005,low,gold,2024-05-15 18:37:54,1,1,0.645
TCKT_037903,medium,standard,2023-06-14 15:22:26,1,0,0.256
TCKT_001960,medium,gold,2022-09-19 12:45:49,1,1,0.757
TCKT_014556,low,standard,2023-11-13 20:33:50,0,0,0.258
TCKT_049302,high,standard,2022-11-29 06:20:23,0,0,0.285
TCKT_093650,low,standard,2023-04-25 19:23:26,0,0,0.215
TCKT_004630,low,standard,2023-03-22 19:58:43,0,0,0.219
TCKT_010526,medium,gold,2024-12-03 09:42:43,1,1,0.784
TCKT_043251,medium,standard,2025-12-21 12:14:05,0,0,0.246
TCKT_003724,high,standard,2022-02-24 21:05:46,1,0,0.311
TCKT_044476,medium,standard,2022-01-14 02:00:56,0,0,0.22
TCKT_074512,medium,standard,2024-04-19 12:00:02,0,0,0.275
TCKT_052979,low,gold,2024-10-16 18:17:21,1,1,0.569
TCKT_061826,low,standard,2025-12-02 03:24:35,0,0,0.256
TCKT_092255,medium,gold,2023-04-25 15:16:40,1,1,0.783
TCKT_089442,low,standard,2024-07-29 15:33:24,0,0,0.205
TCKT_079294,low,standard,2025-11-25 10:21:09,1,0,0.259
TCKT_099336,low,standard,2024-06-23 22:20:07,0,0,0.252
TCKT_076580,low,standard,2023-10-01 06:35:48,0,0,0.228
TCKT_079504,high,gold,2022-05-26 00:16:53,1,1,0.687
TCKT_091433,medium,standard,2022-03-04 11:41:26,0,0,0.232
TCKT_063432,low,standard,2022-05-12 08:58:51,0,0,0.206
TCKT_091201,low,gold,2023-05-23 13:21:20,1,1,0.612
TCKT_072016,low,standard,2025-04-28 16:11:34,0,0,0.207
TCKT_073621,medium,gold,2022-03-19 06:27:26,1,1,0.748
TCKT_022573,medium,gold,2024-01-13 09:45:55,1,1,0.782
TCKT_075291,high,standard,2024-12-03 10:09:36,0,0,0.269
TCKT_021615,low,standard,2024-11-06 18:51:12,0,0,0.22
TCKT_013685,low,gold,2023-08-03 23:22:29,1,1,0.606
TCKT_044499,high,standard,2025-03-11 02:03:45,1,0,0.261
TCKT_095764,low,standard,2023-05-19 02:53:31,0,0,0.234
TCKT_037974,medium,standard,2024-01-05 14:05:09,1,0,0.246
TCKT_048670,low,gold,2024-08-16 12:35:39,1,1,0.633
TCKT_077647,medium,standard,2023-05-17 14:02:30,0,0,0.266
TCKT_041816,urgent,gold,2024-07-27 01:52:53,0,1,0.737
TCKT_096492,medium,gold,2024-02-19 05:46:43,1,1,0.764
TCKT_036665,high,platinum,2022-11-20 18:19:38,1,1,0.889
TCKT_006607,medium,platinum,2023-07-12 21:46:50,1,1,0.889
TCKT_043959,medium,standard,2023-08-15 06:07:35,0,0,0.263
TCKT_093489,low,standard,2025-09-08 06:29:30,0,0,0.222
TCKT_009124,low,gold,2023-02-26 13:19:30,0,1,0.623
TCKT_085077,medium,gold,2023-07-04 07:33:47,0,1,0.771
TCKT_001775,low,standard,2022-03-12 05:40:52,0,0,0.233
TCKT_087043,medium,standard,2024-01-07 16:42:52,0,0,0.24
TCKT_054168,low,gold,2023-04-22 10:13:46,1,1,0.645
TCKT_053692,low,standard,2022-09-26 16:33:53,0,0,0.259
TCKT_057943,high,standard,2022-04-22 23:07:05,0,0,0.314
TCKT_075735,low,standard,2024-03-14 04:55:01,0,0,0.229
TCKT_014887,low,gold,2022-06-09 19:57:55,1,1,0.617
TCKT_064073,low,standard,2022-06-10 09:23:11,0,0,0.223
TCKT_039896,low,gold,2025-05-19 20:07:47,1,1,0.642
TCKT_057435,high,standard,2024-06-01 00:30:46,0,0,0.274
TCKT_078224,high,gold,2025-03-26 11:55:42,1,1,0.719
TCKT_087779,low,standard,2023-11-05 00:40:41,0,0,0.214
TCKT_086723,high,standard,2024-09-02 01:14:35,0,0,0.253
TCKT_073061,low,platinum,2024-10-16 06:52:57,0,1,0.829
TCKT_075381,low,gold,2022-08-17 03:54:54,1,1,0.624
TCKT_028235,low,standard,2024-06-12 10:35:25,0,0,0.25
TCKT_002151,medium,standard,2023-02-05 04:30:47,0,0,0.236
TCKT_018263,high,standard,2024-11-18 16:07:18,0,0,0.3
TCKT_097495,low,gold,2024-03-04 21:05:35,0,1,0.644
TCKT_015572,medium,standard,2023-02-18 10:22:19,0,0,0.271
TCKT_067847,medium,standard,2023-05-03 02:53:33,0,0,0.243
TCKT_088026,low,standard,2022-08-01 21:44:32,0,0,0.26
TCKT_026100,medium,standard,2023-04-02 09:30:56,0,0,0.227
TCKT_048141,low,standard,2024-12-16 02:00:41,1,0,0.214
TCKT_097464,low,standard,2024-10-13 14:14:09,0,0,0.223
TCKT_010204,medium,standard,2023-08-15 09:48:03,0,0,0.251
TCKT_031727,medium,gold,2025-09-10 03:42:53,0,1,0.78
TCKT_062179,medium,standard,2023-11-08 15:37:40,0,0,0.218
TCKT_015638,medium,platinum,2022-11-08 15:00:14,1,1,0.905
TCKT_026137,high,gold,2023-05-21 04:32:54,0,1,0.74
TCKT_020332,medium,standard,2022-01-06 17:51:59,0,0,0.227
TCKT_004971,medium,standard,2022-03-13 09:24:54,0,0,0.255
TCKT_023672,low,gold,2025-11-13 14:05:25,1,1,0.617
TCKT_091323,low,standard,2022-09-22 13:05:24,0,0,0.221
TCKT_065869,medium,standard,2024-08-11 19:13:48,0,0,0.235
TCKT_080704,medium,gold,2024-08-24 17:46:35,0,1,0.774
TCKT_045842,medium,gold,2022-05-31 15:10:30,0,1,0.769
TCKT_077147,high,standard,2022-12-16 23:01:13,0,0,0.24
TCKT_089244,medium,standard,2022-07-15 10:26:12,0,0,0.248
TCKT_067643,high,gold,2024-11-26 20:47:41,1,1,0.756
TCKT_018269,high,platinum,2023-02-08 00:46:47,1,1,0.767
TCKT_091731,medium,standard,2024-12-17 01:51:37,0,0,0.262
TCKT_058745,low,standard,2023-03-11 14:14:26,0,0,0.202
TCKT_074524,medium,platinum,2022-09-09 05:46:39,1,1,0.884
TCKT_011023,medium,standard,2022-09-16 23:47:31,0,0,0.256
TCKT_098086,low,gold,2024-04-09 15:31:06,0,1,0.637
TCKT_050113,low,gold,2022-11-10 00:13:21,0,1,0.58
TCKT_029479,low,standard,2022-11-03 05:47:54,1,0,0.238
TCKT_029275,high,standard,2022-04-03 09:22:55,0,0,0.283
TCKT_071312,high,standard,2022-07-15 10:21:12,0,0,0.253
TCKT_058722,medium,standard,2024-10-01 10:31:43,0,0,0.265
TCKT_023703,low,standard,2025-07-21 06:38:28,0,0,0.203
TCKT_082689,low,platinum,2022-12-26 17:20:56,1,1,0.848
TCKT_082829,high,standard,2024-03-12 16:33:22,1,0,0.27
TCKT_095066,low,gold,2024-04-26 03:43:14,0,1,0.596
TCKT_052901,low,standard,2024-06-14 01:46:48,0,0,0.186
TCKT_032623,low,gold,2025-03-08 10:34:15,0,1,0.612
TCKT_089460,low,gold,2025-05-09 13:39:26,1,1,0.621
TCKT_036037,medium,standard,2022-10-03 02:58:51,0,0,0.266
TCKT_065111,urgent,standard,2024-09-14 21:51:23,0,0,0.337
TCKT_073979,low,standard,2024-08-13 07:15:26,0,0,0.235
TCKT_008265,low,gold,2022-03-19 19:11:21,1,1,0.61
TCKT_009157,medium,gold,2024-04-29 22:41:28,0,1,0.705
TCKT_025357,low,gold,2023-04-08 12:27:29,0,1,0.628
TCKT_074037,medium,platinum,2023-01-15 19:28:17,1,1,0.879
TCKT_056170,low,standard,2024-12-19 17:42:29,0,0,0.227
TCKT_000415,medium,platinum,2023-12-01 08:05:13,1,1,0.891
TCKT_084188,low,standard,2023-11-01 08:16:05,1,0,0.239
TCKT_085571,high,standard,2025-10-21 04:07:17,0,0,0.337
TCKT_070834,urgent,gold,2022-10-22 00:55:27,1,1,0.738
TCKT_007728,low,standard,2022-04-30 10:34:53,1,0,0.25
TCKT_078328,medium,standard,2023-05-10 13:37:14,0,0,0.23
TCKT_021986,medium,standard,2023-02-25 11:26:53,1,0,0.25
TCKT_011750,low,standard,2023-09-26 10:27:03,0,0,0.227
TCKT_002798,medium,gold,2025-08-06 19:39:52,0,1,0.803
TCKT_084199,high,gold,2025-03-24 03:09:56,1,1,0.735
TCKT_085348,medium,standard,2024-05-21 20:22:21,0,0,0.231
TCKT_087158,medium,standard,2023-04-27 00:22:32,0,0,0.221
TCKT_020796,urgent,standard,2023-07-31 11:04:32,0,0,0.193
TCKT_011443,high,standard,2024-05-01 14:44:02,0,0,0.233
TCKT_072736,medium,gold,2025-04-08 20:01:16,1,1,0.773
TCKT_004303,low,platinum,2024-12-09 17:10:40,0,1,0.863
TCKT_081221,low,gold,2025-09-24 02:42:00,0,1,0.582
TCKT_052602,low,standard,2022-11-24 10:29:31,0,0,0.208
TCKT_073205,low,standard,2024-10-24 19:00:31,0,0,0.222
TCKT_066793,high,standard,2024-02-24 14:47:31,1,0,0.264
TCKT_023108,urgent,gold,2023-11-27 17:59:10,1,1,0.724
TCKT_049125,high,gold,2023-03-19 18:23:27,0,1,0.681
TCKT_067814,medium,gold,2025-10-08 21:32:01,0,1,0.769
TCKT_000206,low,standard,2025-02-16 04:02:59,0,0,0.236
TCKT_099833,high,standard,2023-06-08 04:18:35,0,0,0.394
TCKT_071963,low,standard,2023-08-14 11:29:49,0,0,0.205
TCKT_024517,low,standard,2022-10-22 23:37:15,0,0,0.217
TCKT_063096,high,gold,2023-06-08 08:06:23,0,1,0.721
TCKT_083696,high,standard,2025-06-24 09:31:43,0,0,0.291
TCKT_041540,low,standard,2022-11-27 04:55:17,0,0,0.241
TCKT_021247,high,gold,2022-05-14 18:46:44,1,1,0.725
TCKT_069781,low,standard,2024-09-23 20:35:48,0,0,0.212
TCKT_007333,medium,standard,2023-11-05 10:33:22,0,0,0.243
TCKT_060294,medium,standard,2023-09-01 10:13:54,0,0,0.232
TCKT_037418,low,standard,2025-10-27 22:04:53,1,0,0.211
TCKT_075139,high,platinum,2022-10-31 20:45:22,0,1,0.789
TCKT_075297,low,standard,2024-08-30 16:43:13,1,0,0.198
TCKT_067863,low,gold,2025-01-20 13:10:30,1,1,0.675
TCKT_050926,high,gold,2023-04-19 21:09:20,0,1,0.684
TCKT_040197,low,standard,2023-06-05 14:24:07,1,0,0.209
TCKT_023087,low,standard,2024-02-05 21:08:29,0,0,0.213
TCKT_076233,medium,standard,2025-06-22 17:27:42,0,0,0.242
TCKT_028375,low,platinum,2025-05-01 22:46:41,1,1,0.852
TCKT_089951,medium,standard,2023-03-20 14:16:12,0,0,0.259
TCKT_020593,low,standard,2025-03-04 13:49:01,0,0,0.222
TCKT_000986,low,standard,2022-08-27 11:16:18,0,0,0.242
TCKT_050277,low,standard,2024-07-23 07:25:57,0,0,0.239
TCKT_036433,low,gold,2024-12-11 15:55:13,1,1,0.643
TCKT_061529,medium,standard,2022-08-12 07:17:27,0,0,0.266
TCKT_067054,high,standard,2025-09-11 14:04:24,0,0,0.272
TCKT_000348,medium,gold,2024-10-22 08:18:55,1,1,0.758
TCKT_016165,urgent,standard,2022-11-18 20:47:36,0,0,0.234
TCKT_080851,high,standard,2025-06-17 15:14:35,0,0,0.226
TCKT_094422,high,standard,2024-11-22 20:50:53,0,0,0.225
TCKT_095968,low,gold,2022-02-05 20:14:39,1,1,0.627
TCKT_058091,medium,standard,2023-04-13 03:28:26,0,0,0.221
TCKT_096696,medium,platinum,2025-08-03 09:45:23,1,1,0.901
TCKT_092140,medium,standard,2024-12-16 09:20:37,0,0,0.259
TCKT_008150,medium,standard,2022-03-24 13:42:30,0,0,0.216
TCKT_061119,low,standard,2025-05-31 15:17:07,0,0,0.228
TCKT_029589,low,gold,2022-08-01 00:15:05,1,1,0.638
TCKT_099649,medium,standard,2024-11-15 22:31:12,0,0,0.256
TCKT_098890,medium,standard,2024-10-03 08:21:10,0,0,0.251
TCKT_019674,medium,standard,2024-05-03 21:38:27,0,0,0.278
TCKT_079032,medium,standard,2024-09-05 20:23:24,0,0,0.263
TCKT_009958,high,standard,2023-01-19 17:39:58,0,0,0.269
TCKT_098282,medium,gold,2025-01-14 11:03:02,0,1,0.768
TCKT_051404,high,standard,2025-03-11 03:21:52,0,0,0.238
TCKT_095210,medium,standard,2024-01-30 23:10:02,0,0,0.259
TCKT_041434,medium,platinum,2022-03-13 02:10:35,1,1,0.916
TCKT_047677,urgent,standard,2023-02-02 19:39:42,0,0,0.284
TCKT_049290,medium,standard,2023-02-12 06:33:11,0,0,0.224
TCKT_079550,low,standard,2022-11-07 23:45:26,0,0,0.247
TCKT_068634,low,gold,2022-08-26 15:51:56,0,1,0.614
TCKT_021309,low,standard,2022-02-26 17:54:24,0,0,0.216
TCKT_031972,medium,gold,2023-03-30 14:06:15,1,1,0.755
TCKT_033338,medium,standard,2025-01-27 08:42:16,0,0,0.251
TCKT_093036,low,platinum,2023-04-11 11:22:50,1,1,0.87
TCKT_052026,low,standard,2022-05-30 04:09:02,0,0,0.228
TCKT_016975,medium,platinum,2023-01-04 21:06:22,1,1,0.894
TCKT_004076,low,standard,2023-01-04 15:11:26,0,0,0.209
TCKT_044660,medium,gold,2025-06-19 03:02:50,0,1,0.769
TCKT_085143,high,platinum,2022-10-30 20:00:13,0,1,0.884
TCKT_046685,low,standard,2022-01-04 17:45:18,0,0,0.257
TCKT_091883,medium,gold,2022-12-27 15:34:01,1,1,0.781
TCKT_063600,low,standard,2023-07-13 21:31:00,0,0,0.27
TCKT_052274,low,standard,2025-01-19 09:33:23,0,0,0.242
TCKT_010950,low,gold,2024-07-14 17:08:18,1,1,0.605
TCKT_046836,high,standard,2022-04-13 10:30:44,0,0,0.286
TCKT_073668,low,standard,2023-02-18 15:22:18,0,0,0.289
TCKT_072418,high,platinum,2024-01-07 04:31:13,1,1,0.869
TCKT_021703,low,gold,2022-05-17 09:12:07,1,1,0.602
TCKT_009816,low,gold,2024-05-29 02:01:57,1,1,0.594
TCKT_037844,low,platinum,2025-10-13 16:40:57,0,1,0.849
TCKT_092065,low,gold,2022-01-20 08:59:43,0,1,0.671
TCKT_031666,medium,platinum,2022-03-03 04:39:57,1,1,0.843
TCKT_017793,low,gold,2023-03-16 05:19:14,0,1,0.619
TCKT_012100,low,standard,2025-11-16 19:54:07,0,0,0.243
TCKT_053245,medium,gold,2022-02-18 06:15:10,0,1,0.765
TCKT_050508,high,standard,2024-12-24 03:13:20,0,0,0.269
TCKT_099014,low,standard,2022-10-26 08:30:58,0,0,0.236
TCKT_058959,medium,gold,2024-01-29 18:23:23,1,1,0.746
TCKT_096107,high,standard,2024-03-26 23:31:20,0,0,0.263
TCKT_037831,urgent,gold,2023-09-15 19:21:58,1,1,0.702
TCKT_057107,low,gold,2023-11-13 12:02:39,1,1,0.637
TCKT_036314,high,standard,2024-05-13 23:54:25,0,0,0.312
TCKT_002121,low,gold,2025-02-25 03:03:57,0,1,0.594
TCKT_007605,low,standard,2025-05-24 06:27:44,0,0,0.212
TCKT_067959,low,standard,2023-04-04 00:38:20,0,0,0.174
TCKT_091131,medium,gold,2023-05-18 12:08:27,1,1,0.778
TCKT_061286,low,gold,2024-04-21 09:34:50,1,1,0.595
TCKT_017570,medium,standard,2024-12-22 14:25:03,0,0,0.241
TCKT_086959,medium,gold,2022-10-25 06:07:58,1,1,0.783
TCKT_050594,medium,gold,2025-11-06 23:16:39,0,1,0.778
TCKT_085162,high,standard,2023-07-27 01:33:32,0,0,0.334
TCKT_019189,low,standard,2024-05-17 02:25:23,0,0,0.202
TCKT_043813,medium,standard,2024-04-01 11:25:44,0,0,0.257
TCKT_023628,high,standard,2025-07-15 08:25:00,0,0,0.277
TCKT_077046,medium,standard,2025-05-21 08:16:05,0,0,0.194
TCKT_034612,medium,standard,2025-04-09 06:19:41,0,0,0.255
TCKT_041208,low,gold,2024-12-05 20:13:35,0,1,0.619
TCKT_080020,high,standard,2022-05-23 09:22:38,0,0,0.312
TCKT_016534,high,gold,2023-04-14 15:54:02,1,1,0.777
TCKT_098538,high,standard,2022-05-27 12:35:46,0,0,0.256
TCKT_084894,high,standard,2024-07-17 13:17:54,0,0,0.278
TCKT_012501,medium,platinum,2023-01-07 20:19:08,1,1,0.902
TCKT_064728,high,standard,2022-04-22 23:23:55,0,0,0.304
TCKT_045536,high,standard,2022-08-08 04:16:39,0,0,0.245
TCKT_091464,medium,gold,2022-08-25 02:00:46,1,1,0.771
TCKT_015733,low,gold,2023-11-22 05:09:09,1,1,0.63
TCKT_028898,high,standard,2024-03-22 22:30:54,0,0,0.312
TCKT_046808,medium,standard,2023-05-05 03:59:21,0,0,0.277
TCKT_088371,medium,standard,2024-08-01 02:11:50,0,0,0.251
TCKT_080866,high,standard,2022-04-10 13:08:35,0,0,0.266
TCKT_097605,high,gold,2023-12-31 20:12:50,0,1,0.727
TCKT_060044,low,gold,2025-12-29 04:23:16,1,1,0.634
TCKT_018500,high,platinum,2022-03-23 01:49:43,0,1,0.852
TCKT_089739,medium,standard,2024-04-06 23:36:07,0,0,0.216
TCKT_041925,medium,gold,2024-03-10 12:29:23,1,1,0.74
TCKT_033821,low,standard,2022-05-23 12:27:51,0,0,0.219
TCKT_015103,medium,standard,2025-02-18 06:43:09,0,0,0.205
TCKT_090689,medium,standard,2023-02-04 05:02:56,0,0,0.255
TCKT_010172,medium,gold,2023-02-21 13:01:56,1,1,0.75
TCKT_042225,low,gold,2025-10-06 03:01:19,1,1,0.577
TCKT_054397,medium,gold,2023-02-25 16:38:45,0,1,0.739
TCKT_036070,medium,standard,2023-10-26 04:06:08,0,0,0.236
TCKT_074537,medium,platinum,2025-05-04 23:07:41,1,1,0.876
TCKT_069144,low,standard,2024-06-14 06:06:28,0,0,0.216
TCKT_046921,medium,gold,2023-03-18 05:45:25,0,1,0.765
TCKT_025928,medium,gold,2022-03-19 00:45:23,1,1,0.778
TCKT_032407,medium,standard,2023-03-23 22:29:11,0,0,0.24
TCKT_064912,low,standard,2023-10-10 21:11:20,0,0,0.228
TCKT_016011,low,gold,2023-02-23 04:30:50,1,1,0.603
TCKT_046710,medium,standard,2022-03-19 11:00:07,1,0,0.238
TCKT_075917,high,standard,2023-01-02 08:15:52,1,0,0.277
TCKT_029806,high,standard,2022-06-07 18:00:43,1,0,0.294
TCKT_057927,medium,gold,2025-06-29 23:18:30,0,1,0.733
TCKT_048868,medium,standard,2024-06-22 15:37:14,0,0,0.266
TCKT_083631,low,standard,2024-04-30 04:41:18,1,0,0.233
TCKT_055884,low,platinum,2024-01-15 04:46:47,1,1,0.888
TCKT_045056,medium,standard,2025-09-21 02:34:07,0,0,0.229
TCKT_067685,low,standard,2022-07-27 19:25:55,0,0,0.248
TCKT_001749,medium,standard,2023-07-05 19:16:20,0,0,0.225
TCKT_061341,medium,gold,2024-02-02 00:56:18,0,1,0.735
TCKT_064371,high,standard,2024-07-18 05:59:35,0,0,0.273
TCKT_055478,medium,gold,2024-12-13 15:16:57,1,1,0.781
TCKT_070109,high,standard,2022-03-27 03:40:38,1,0,0.277
TCKT_032367,low,standard,2025-08-28 06:44:35,0,0,0.209
TCKT_056363,low,platinum,2022-07-26 22:14:14,0,1,0.851
TCKT_054074,low,platinum,2024-03-16 16:37:16,1,1,0.881
TCKT_009800,medium,standard,2025-03-19 13:30:46,0,0,0.25
TCKT_005244,high,standard,2025-04-18 03:02:59,0,0,0.247
TCKT_066204,low,standard,2022-11-04 12:26:32,0,0,0.197
TCKT_084181,medium,platinum,2025-11-03 02:50:17,1,1,0.893
TCKT_022351,low,standard,2022-01-26 06:39:21,0,0,0.242
TCKT_026410,low,gold,2025-11-11 10:54:20,0,1,0.625
TCKT_048901,high,gold,2022-04-01 00:47:36,1,1,0.727
TCKT_022283,low,gold,2023-04-10 09:04:10,1,1,0.617
TCKT_008951,low,standard,2023-07-18 10:39:26,0,0,0.233
TCKT_012771,low,standard,2025-04-18 02:32:39,0,0,0.243
TCKT_036290,medium,standard,2024-05-25 10:56:00,0,0,0.24
TCKT_098943,medium,gold,2023-08-08 10:15:53,1,1,0.766
TCKT_012961,medium,gold,2022-08-04 01:31:21,0,1,0.745
TCKT_063743,medium,platinum,2025-08-17 05:21:17,1,1,0.891
TCKT_059086,medium,standard,2024-10-06 08:21:57,0,0,0.226
TCKT_066653,low,gold,2025-01-25 04:37:15,0,1,0.631
TCKT_031812,low,platinum,2022-01-14 15:05:07,0,1,0.873
TCKT_050830,medium,standard,2024-10-28 05:19:09,0,0,0.267
TCKT_091048,medium,standard,2025-06-13 02:42:52,0,0,0.246
TCKT_048586,medium,standard,2024-03-21 11:49:26,0,0,0.243
TCKT_075387,medium,gold,2023-04-13 01:06:01,0,1,0.769
TCKT_007138,low,standard,2022-02-10 03:57:28,0,0,0.239
TCKT_099327,high,gold,2024-05-31 09:46:52,0,1,0.771
TCKT_034889,urgent,gold,2025-08-21 05:01:28,1,1,0.72
TCKT_079513,low,gold,2022-04-20 13:39:33,1,1,0.592
TCKT_093324,low,gold,2022-10-05 10:56:56,1,1,0.669
TCKT_075423,low,standard,2025-07-15 03:56:49,0,0,0.221
TCKT_042063,high,gold,2024-11-05 02:36:23,1,1,0.713
TCKT_072344,low,gold,2022-03-09 11:38:17,0,1,0.621
TCKT_037367,urgent,platinum,2024-12-25 04:51:34,1,1,0.799
TCKT_011304,low,standard,2022-07-27 01:57:03,0,0,0.224
TCKT_050786,high,standard,2022-04-01 17:30:15,0,0,0.265
TCKT_044292,low,standard,2022-06-02 05:56:10,0,0,0.258
TCKT_010866,high,standard,2022-10-24 12:21:07,0,0,0.223
TCKT_005719,low,platinum,2023-03-26 18:48:15,1,1,0.855
TCKT_087676,medium,standard,2022-01-17 07:47:10,0,0,0.236
TCKT_068368,medium,standard,2024-03-26 19:19:01,1,0,0.24
TCKT_033206,high,standard,2024-06-27 15:23:40,0,0,0.284
TCKT_069583,medium,gold,2023-06-15 10:21:49,0,1,0.754
TCKT_016615,medium,standard,2023-06-24 00:17:17,1,0,0.228
TCKT_069460,high,standard,2024-05-18 08:54:04,0,0,0.322
TCKT_003549,low,standard,2025-08-26 07:03:22,0,0,0.239
TCKT_073713,high,standard,2022-08-14 11:14:01,0,0,0.279
TCKT_078979,medium,standard,2024-03-07 10:50:46,1,0,0.261
TCKT_036921,low,platinum,2025-12-05 13:52:44,1,1,0.894
TCKT_045205,medium,gold,2025-01-30 15:51:43,0,1,0.791
TCKT_090525,medium,gold,2024-04-08 17:48:02,0,1,0.739
TCKT_053551,low,gold,2025-04-23 22:23:07,0,1,0.612
TCKT_005846,medium,platinum,2022-06-10 04:01:45,1,1,0.887
TCKT_093606,low,standard,2022-01-19 19:36:22,0,0,0.233
TCKT_035357,medium,gold,2025-11-25 04:42:46,1,1,0.757
TCKT_056224,low,gold,2025-12-30 13:44:01,0,1,0.644
TCKT_053866,medium,standard,2024-06-30 08:13:49,0,0,0.247
TCKT_000612,low,standard,2022-12-20 01:54:46,0,0,0.232
TCKT_014527,low,gold,2024-03-21 17:04:20,0,1,0.616
TCKT_094536,low,gold,2022-03-18 08:06:03,1,1,0.653
TCKT_040237,medium,gold,2025-04-18 22:17:52,0,1,0.743
TCKT_026830,medium,standard,2024-12-21 23:21:27,0,0,0.262
TCKT_062196,medium,gold,2023-01-18 00:46:22,1,1,0.762
TCKT_083318,high,platinum,2025-09-09 13:08:52,1,1,0.766
TCKT_066791,low,standard,2023-12-10 06:34:03,0,0,0.223
TCKT_074932,high,standard,2024-11-28 08:03:26,0,0,0.295
TCKT_029365,medium,standard,2024-10-21 17:00:06,0,0,0.247
TCKT_043480,low,standard,2025-12-22 20:40:44,0,0,0.201
TCKT_042916,low,gold,2024-03-10 13:14:28,1,1,0.612
TCKT_090947,low,gold,2022-03-23 14:16:54,0,1,0.598
TCKT_093407,low,standard,2024-06-23 04:18:27,0,0,0.239
TCKT_026448,low,gold,2025-01-29 01:26:25,0,1,0.617
TCKT_064188,low,gold,2025-08-11 09:05:23,1,1,0.598
TCKT_069305,low,standard,2022-12-10 07:53:16,0,0,0.247
TCKT_080388,high,standard,2023-04-22 13:53:46,0,0,0.275
TCKT_069578,medium,gold,2025-08-04 12:04:50,0,1,0.747
TCKT_080326,high,standard,2025-12-20 09:58:40,1,0,0.295
TCKT_085465,medium,standard,2023-03-11 15:21:34,1,0,0.257
TCKT_098871,low,standard,2025-12-17 23:12:34,0,0,0.256
TCKT_066771,medium,standard,2022-05-29 00:07:16,0,0,0.258
TCKT_097787,low,standard,2022-11-01 01:07:31,0,0,0.226
TCKT_086790,medium,standard,2022-11-15 08:12:01,1,0,0.255
TCKT_099867,low,gold,2024-01-06 21:21:55,1,1,0.642
TCKT_091099,medium,gold,2023-05-25 20:29:26,1,1,0.764
TCKT_094971,medium,standard,2023-07-28 04:11:12,0,0,0.229
TCKT_005710,medium,standard,2024-04-13 21:39:23,0,0,0.276
TCKT_048354,low,gold,2025-09-30 08:31:48,1,1,0.617
TCKT_043336,medium,gold,2024-01-31 18:09:02,0,1,0.766
TCKT_047007,medium,gold,2022-11-09 23:42:50,1,1,0.753
TCKT_079743,medium,platinum,2023-02-27 22:45:08,1,1,0.829
TCKT_026853,high,standard,2024-08-29 08:36:55,0,0,0.283
TCKT_049052,medium,standard,2022-03-06 06:29:08,0,0,0.252
TCKT_028832,low,standard,2025-11-07 12:23:39,0,0,0.202
TCKT_045900,low,gold,2023-12-28 09:19:37,1,1,0.589
TCKT_085276,urgent,platinum,2022-07-07 09:49:39,1,1,0.815
TCKT_070391,medium,standard,2024-08-13 18:30:49,0,0,0.23
TCKT_058178,low,standard,2023-03-04 19:11:18,0,0,0.252
TCKT_053850,medium,standard,2022-09-27 13:39:55,0,0,0.23
TCKT_092841,medium,gold,2025-11-02 08:47:51,1,1,0.758
TCKT_009205,low,standard,2025-05-25 15:42:34,0,0,0.247
TCKT_024154,medium,standard,2025-08-07 18:04:48,0,0,0.282
TCKT_028589,medium,platinum,2023-10-23 19:36:37,1,1,0.881
TCKT_046033,medium,gold,2023-12-04 13:14:20,0,1,0.755
TCKT_031920,medium,platinum,2025-06-06 23:06:45,1,1,0.878
TCKT_027957,low,standard,2025-08-20 23:12:37,0,0,0.222
TCKT_047047,medium,standard,2023-07-03 15:54:45,0,0,0.271
TCKT_047818,high,standard,2022-09-10 16:08:37,1,0,0.257
TCKT_058429,medium,standard,2022-07-28 16:59:08,0,0,0.238
TCKT_016408,low,standard,2022-08-14 17:36:22,0,0,0.217
TCKT_013242,medium,standard,2024-05-14 13:29:53,0,0,0.241
TCKT_010916,low,standard,2022-01-03 03:20:45,0,0,0.206
TCKT_059873,medium,standard,2025-05-10 00:47:49,0,0,0.24
TCKT_059405,high,standard,2023-01-13 16:13:47,1,0,0.261
TCKT_059793,medium,gold,2024-10-10 06:32:44,0,1,0.765
TCKT_080499,low,standard,2022-12-18 08:22:28,0,0,0.238
TCKT_014950,low,gold,2024-03-08 06:54:40,0,1,0.64
TCKT_024473,high,standard,2024-05-31 07:48:48,0,0,0.285
TCKT_039466,low,gold,2023-07-28 04:02:00,0,1,0.605
TCKT_058709,high,platinum,2023-08-02 10:02:01,1,1,0.898
TCKT_058581,medium,gold,2025-02-27 08:44:31,1,1,0.767
TCKT_020921,medium,platinum,2024-08-09 01:16:43,1,1,0.866
TCKT_089201,low,standard,2025-08-06 17:03:54,0,0,0.252
TCKT_032258,high,standard,2025-06-24 03:00:04,0,0,0.274
TCKT_057284,medium,standard,2022-05-31 11:51:58,0,0,0.269
TCKT_000646,urgent,standard,2024-09-28 15:59:25,0,0,0.356
TCKT_098096,low,gold,2025-12-13 17:14:13,1,1,0.628
TCKT_034349,medium,standard,2024-04-28 09:39:48,0,0,0.234
TCKT_040262,low,standard,2025-11-08 06:41:02,1,0,0.22
TCKT_081246,low,standard,2025-09-07 08:15:11,0,0,0.255
TCKT_047251,low,standard,2025-11-02 11:54:15,0,0,0.242
TCKT_048075,medium,gold,2024-09-18 16:23:06,0,1,0.773
TCKT_055069,low,platinum,2023-07-28 12:20:28,1,1,0.861
TCKT_072789,high,gold,2025-08-12 12:11:45,1,1,0.727
TCKT_053819,medium,standard,2024-11-11 14:44:38,0,0,0.257
TCKT_073001,medium,standard,2022-04-29 11:11:01,1,0,0.246
TCKT_023984,low,gold,2025-04-13 22:48:32,1,1,0.659
TCKT_047495,medium,platinum,2023-03-31 09:07:21,1,1,0.89
TCKT_036075,low,standard,2023-02-28 10:20:50,0,0,0.254
TCKT_056746,low,standard,2023-09-01 02:55:51,0,0,0.228
TCKT_008716,low,gold,2024-01-08 05:05:13,0,1,0.636
TCKT_094214,low,standard,2024-08-20 20:30:19,0,0,0.302
TCKT_047389,medium,standard,2025-07-24 09:23:04,0,0,0.251
TCKT_045746,medium,standard,2022-06-29 03:28:09,0,0,0.217
TCKT_024909,medium,standard,2024-12-17 03:52:16,0,0,0.246
TCKT_012394,low,standard,2023-09-12 02:47:05,0,0,0.23
TCKT_008699,medium,standard,2024-08-15 05:15:35,0,0,0.237
TCKT_040663,urgent,platinum,2024-03-24 17:54:29,1,1,0.854
TCKT_085575,high,standard,2025-09-12 13:08:22,0,0,0.273
TCKT_011365,high,gold,2022-03-13 08:07:59,1,1,0.761
TCKT_002558,urgent,gold,2023-10-31 15:30:12,1,1,0.746
TCKT_021937,low,standard,2022-08-10 13:59:50,0,0,0.215
TCKT_076510,medium,gold,2025-05-26 19:05:11,1,1,0.777
TCKT_043759,low,standard,2022-05-23 20:02:16,0,0,0.209
TCKT_005021,urgent,standard,2022-12-05 03:00:20,1,0,0.2
TCKT_069243,low,platinum,2023-08-25 05:09:41,1,1,0.881
TCKT_095525,medium,standard,2024-10-12 16:35:12,0,0,0.302
TCKT_014731,medium,gold,2023-10-28 17:42:54,0,1,0.758
TCKT_051971,high,gold,2023-02-01 07:36:48,1,1,0.691
TCKT_089379,medium,standard,2025-01-20 00:20:48,0,0,0.25
TCKT_028665,low,gold,2022-01-13 07:29:44,1,1,0.638
TCKT_079732,low,standard,2022-07-05 21:02:30,0,0,0.222
TCKT_073828,low,platinum,2022-07-03 04:49:53,0,1,0.862
TCKT_085854,urgent,platinum,2024-08-27 06:27:11,1,1,0.825
TCKT_049167,medium,standard,2024-05-18 22:04:31,0,0,0.247
TCKT_054221,urgent,standard,2024-02-28 22:16:47,0,0,0.237
TCKT_066487,low,gold,2023-07-14 00:36:09,0,1,0.624
TCKT_024764,low,standard,2022-07-21 15:20:28,0,0,0.267
TCKT_027103,low,gold,2022-03-26 20:34:15,0,1,0.619
TCKT_079720,high,gold,2023-02-12 23:02:33,0,1,0.651
TCKT_095232,medium,gold,2024-09-15 20:33:44,0,1,0.747
TCKT_044253,medium,platinum,2023-03-01 17:29:48,1,1,0.883
TCKT_076777,low,standard,2024-08-03 11:00:38,0,0,0.233
TCKT_048331,high,standard,2025-08-05 02:49:25,0,0,0.272
TCKT_058938,high,standard,2023-05-22 10:46:09,0,0,0.28
TCKT_099756,medium,standard,2023-08-21 01:23:53,1,0,0.245
TCKT_008305,low,standard,2022-09-08 16:27:25,0,0,0.263
TCKT_027165,low,gold,2025-06-22 16:37:03,1,1,0.573
TCKT_053938,high,standard,2022-08-04 10:22:56,0,0,0.257
TCKT_043361,low,standard,2023-02-20 13:22:42,0,0,0.228
TCKT_032626,medium,gold,2022-02-16 14:15:18,0,1,0.772
TCKT_009476,medium,standard,2023-06-24 19:39:29,0,0,0.286
TCKT_079045,low,standard,2022-12-04 05:22:05,0,0,0.212
TCKT_015832,high,standard,2022-07-31 03:41:45,1,0,0.228
TCKT_086717,medium,gold,2025-06-08 09:54:49,1,1,0.758
TCKT_031235,low,standard,2022-08-26 22:35:49,1,0,0.19
TCKT_007417,low,standard,2025-01-16 13:21:14,0,0,0.253
TCKT_076262,medium,platinum,2025-04-09 15:16:19,1,1,0.889
TCKT_029981,medium,platinum,2022-01-27 01:10:08,1,1,0.908
TCKT_067300,medium,standard,2022-03-11 16:11:40,1,0,0.26
TCKT_018052,low,standard,2022-07-17 22:15:24,0,0,0.229
TCKT_054866,high,platinum,2025-07-30 11:09:49,1,1,0.866
TCKT_057306,low,standard,2022-10-26 08:29:26,0,0,0.209
TCKT_013260,low,gold,2025-03-28 09:45:38,0,1,0.595
TCKT_086610,medium,gold,2023-07-03 01:23:49,1,1,0.75
TCKT_031159,medium,standard,2023-04-25 00:18:49,0,0,0.235
TCKT_069935,medium,gold,2024-12-22 08:55:51,1,1,0.755
TCKT_058196,medium,standard,2025-10-28 05:46:56,0,0,0.248
TCKT_074040,low,standard,2024-03-28 08:44:57,0,0,0.238
TCKT_032218,high,gold,2025-04-06 10:27:28,0,1,0.753
TCKT_020875,low,platinum,2023-07-29 19:33:05,1,1,0.861
TCKT_028040,low,standard,2024-01-22 12:24:01,0,0,0.23
TCKT_087020,medium,gold,2024-01-06 17:57:46,1,1,0.77
TCKT_006842,low,standard,2024-02-22 22:15:06,0,0,0.208
TCKT_019776,high,gold,2022-01-02 12:40:56,1,1,0.73
TCKT_075430,high,standard,2025-05-19 07:02:49,1,0,0.293
TCKT_042889,low,standard,2024-06-15 12:42:18,0,0,0.237
TCKT_082835,low,standard,2024-05-15 19:37:38,0,0,0.306
TCKT_064851,low,standard,2022-04-24 01:13:31,0,0,0.23
TCKT_019288,low,standard,2023-04-07 20:16:12,0,0,0.21
TCKT_055554,medium,standard,2025-05-30 01:05:30,0,0,0.244
TCKT_001731,low,standard,2024-02-27 02:38:49,1,0,0.223
TCKT_089068,low,platinum,2024-03-20 11:22:41,0,1,0.828
TCKT_041457,medium,platinum,2024-03-12 10:46:09,1,1,0.904
TCKT_054239,medium,standard,2025-11-09 03:10:53,0,0,0.218
TCKT_018069,medium,platinum,2022-12-29 00:05:08,1,1,0.878
TCKT_038539,urgent,gold,2024-11-19 14:15:17,0,1,0.681
TCKT_067592,medium,standard,2023-04-15 05:25:28,0,0,0.253
TCKT_052643,medium,standard,2024-09-12 14:32:35,0,0,0.236
TCKT_036306,low,gold,2023-09-18 07:09:02,1,1,0.58
TCKT_078462,low,gold,2024-09-01 17:00:58,0,1,0.631
TCKT_081838,high,gold,2022-05-26 01:56:38,0,1,0.734
TCKT_069970,high,standard,2024-11-10 08:12:23,0,0,0.26
TCKT_039246,high,platinum,2024-09-02 12:57:33,1,1,0.856
TCKT_086884,low,standard,2022-07-13 00:42:14,0,0,0.204
TCKT_072456,medium,gold,2022-03-09 00:34:13,1,1,0.807
TCKT_044146,medium,standard,2023-09-04 20:28:51,0,0,0.249
TCKT_086663,low,standard,2022-11-25 06:57:36,0,0,0.24
TCKT_077295,urgent,standard,2024-03-19 02:06:19,0,0,0.182
TCKT_036002,low,standard,2025-04-20 21:57:27,0,0,0.209
TCKT_042515,high,gold,2023-07-11 21:53:47,0,1,0.736
TCKT_069915,medium,standard,2024-07-28 06:24:11,1,0,0.249
TCKT_001077,medium,gold,2023-03-18 13:39:50,1,1,0.752
TCKT_087555,medium,gold,2024-04-11 16:40:13,1,1,0.72
TCKT_040386,low,standard,2024-06-25 08:38:36,1,0,0.245
TCKT_034840,low,standard,2022-03-25 05:18:54,0,0,0.222
TCKT_040445,low,standard,2024-04-16 02:26:12,1,0,0.252
TCKT_020047,medium,gold,2022-02-16 18:27:20,0,1,0.742
TCKT_051897,medium,standard,2022-10-10 16:39:37,0,0,0.26
TCKT_001590,high,platinum,2024-05-11 14:46:05,1,1,0.887
TCKT_079610,medium,standard,2023-02-24 16:25:38,0,0,0.236
TCKT_091591,high,standard,2023-04-29 09:29:30,0,0,0.305
TCKT_009274,medium,standard,2023-02-20 01:15:10,0,0,0.231
TCKT_014573,low,standard,2022-04-13 02:05:23,0,0,0.246
TCKT_021132,low,standard,2024-01-07 10:11:24,0,0,0.23
TCKT_019714,high,standard,2022-07-31 11:24:40,1,0,0.316
TCKT_073114,urgent,standard,2024-10-24 11:15:00,0,0,0.255
TCKT_041426,low,standard,2023-02-17 08:35:26,0,0,0.235
TCKT_016033,low,standard,2024-09-28 17:11:39,0,0,0.253
TCKT_044878,medium,platinum,2023-08-22 01:42:18,0,1,0.867
TCKT_020116,high,standard,2024-08-26 09:22:58,0,0,0.267
TCKT_025510,medium,gold,2024-06-27 13:38:05,1,1,0.745
TCKT_012563,medium,standard,2022-09-30 13:18:35,0,0,0.271
TCKT_081930,low,gold,2023-11-26 14:07:25,1,1,0.634
TCKT_062571,medium,platinum,2022-09-29 23:36:30,1,1,0.907
TCKT_014954,medium,gold,2025-02-18 04:48:29,1,1,0.779
TCKT_097507,medium,gold,2025-01-22 18:07:07,1,1,0.761
TCKT_078774,medium,gold,2022-12-01 05:46:13,1,1,0.779
TCKT_048224,high,gold,2024-03-14 08:23:39,0,1,0.709
TCKT_066095,high,standard,2022-10-10 08:29:55,0,0,0.257
TCKT_007502,medium,gold,2023-09-17 13:08:31,0,1,0.781
TCKT_082602,low,platinum,2024-08-21 17:59:53,0,1,0.824
TCKT_086077,medium,standard,2024-10-14 03:56:11,0,0,0.253
TCKT_072199,high,standard,2024-07-29 19:38:58,0,0,0.259
TCKT_030265,low,gold,2024-01-02 09:09:20,1,1,0.614
TCKT_045769,medium,standard,2024-10-11 17:33:53,0,0,0.217
TCKT_013772,high,standard,2025-08-30 22:54:10,0,0,0.266
TCKT_017380,high,gold,2022-09-28 07:19:55,0,1,0.734
TCKT_083600,low,standard,2023-05-29 12:25:15,0,0,0.276
TCKT_081097,low,standard,2023-04-15 23:55:40,1,0,0.242
TCKT_096296,high,gold,2025-03-13 01:28:24,1,1,0.728
TCKT_033345,low,standard,2023-11-24 03:34:51,0,0,0.209
TCKT_077397,low,standard,2023-04-03 23:26:57,0,0,0.232
TCKT_097592,medium,standard,2025-01-31 05:08:33,0,0,0.25
TCKT_093676,medium,standard,2023-01-14 21:04:19,0,0,0.302
TCKT_013298,medium,standard,2024-11-23 13:28:20,0,0,0.235
TCKT_040221,medium,gold,2024-01-29 18:06:59,0,1,0.776
TCKT_070499,low,standard,2022-09-22 01:30:35,0,0,0.208
TCKT_093874,low,standard,2024-09-23 08:17:57,0,0,0.209
TCKT_049742,low,standard,2025-08-09 23:32:19,0,0,0.23
TCKT_032403,high,standard,2024-11-29 05:57:44,0,0,0.273
TCKT_012478,high,standard,2023-04-06 11:26:45,0,0,0.301
TCKT_094111,medium,gold,2024-07-15 01:24:53,1,1,0.768
TCKT_024242,low,standard,2022-10-02 11:42:50,0,0,0.255
TCKT_027471,urgent,platinum,2022-10-04 10:47:31,0,1,0.84
TCKT_095825,medium,platinum,2023-06-30 23:08:25,1,1,0.896
TCKT_055064,low,standard,2025-03-04 08:14:28,0,0,0.244
TCKT_047476,low,standard,2022-01-07 08:42:41,0,0,0.227
TCKT_029289,medium,standard,2023-02-22 21:48:32,0,0,0.261
TCKT_094856,medium,gold,2025-02-06 15:34:02,0,1,0.737
TCKT_013613,low,standard,2025-05-20 09:29:08,0,0,0.219
TCKT_032504,low,standard,2025-02-11 09:39:17,0,0,0.222
TCKT_014275,low,gold,2023-08-23 07:26:05,0,1,0.618
TCKT_034779,low,gold,2023-07-29 16:38:36,0,1,0.619
TCKT_054678,medium,platinum,2022-02-11 10:18:33,1,1,0.893
TCKT_041465,high,platinum,2023-02-21 17:13:57,0,1,0.845
TCKT_075464,low,gold,2023-08-29 01:14:12,0,1,0.619
TCKT_068659,low,gold,2025-03-29 13:46:33,0,1,0.603
TCKT_079566,medium,gold,2025-04-29 16:24:04,1,1,0.763
TCKT_041989,low,standard,2023-06-08 20:59:09,0,0,0.264
TCKT_014012,low,standard,2025-10-27 04:39:20,0,0,0.193
TCKT_043252,high,platinum,2025-02-04 15:24:40,1,1,0.902
TCKT_094557,medium,standard,2025-01-23 10:59:11,0,0,0.262
TCKT_083936,low,gold,2022-02-17 06:53:08,0,1,0.569
TCKT_078265,low,gold,2022-09-06 23:31:28,1,1,0.639
TCKT_021666,low,gold,2023-01-04 22:39:00,0,1,0.671
TCKT_018679,medium,standard,2023-03-30 02:02:52,0,0,0.233
TCKT_022490,low,standard,2024-01-20 00:52:26,0,0,0.227
TCKT_027309,medium,standard,2023-11-02 22:19:40,0,0,0.246
TCKT_039088,low,standard,2023-10-07 04:54:35,0,0,0.244
TCKT_055046,medium,gold,2024-05-20 00:23:20,0,1,0.74
TCKT_066231,medium,standard,2025-05-18 19:49:17,0,0,0.226
TCKT_047046,medium,standard,2022-06-27 16:31:08,0,0,0.292
TCKT_089925,medium,platinum,2022-01-20 11:52:15,1,1,0.904
TCKT_048777,low,standard,2025-01-01 12:20:09,0,0,0.252
TCKT_070163,low,gold,2022-03-12 04:08:29,1,1,0.577
TCKT_081165,low,standard,2025-03-02 02:47:17,0,0,0.209
TCKT_073030,urgent,standard,2023-11-08 20:53:53,0,0,0.224
TCKT_069453,medium,gold,2023-10-12 07:22:18,1,1,0.77
TCKT_058297,medium,standard,2022-12-13 02:09:09,0,0,0.253
TCKT_070572,low,gold,2022-03-30 15:42:11,0,1,0.639
TCKT_097799,medium,gold,2023-09-23 18:09:05,0,1,0.733
TCKT_048133,low,gold,2024-05-11 15:58:26,0,1,0.582
TCKT_041184,low,standard,2024-07-28 21:40:56,0,0,0.258
TCKT_053114,low,standard,2022-05-11 10:24:15,0,0,0.235
TCKT_078799,high,standard,2022-06-03 18:31:46,1,0,0.291
TCKT_063076,low,standard,2024-07-27 05:52:03,1,0,0.203
TCKT_047340,low,standard,2024-04-15 18:17:22,0,0,0.194
TCKT_054103,high,platinum,2025-05-30 21:36:18,1,1,0.886
TCKT_027721,medium,standard,2022-05-11 08:11:30,0,0,0.228
TCKT_078252,low,standard,2024-08-19 11:55:50,0,0,0.232
TCKT_022951,medium,standard,2022-10-17 04:36:22,0,0,0.236
TCKT_089757,medium,gold,2024-03-28 02:52:52,0,1,0.761
TCKT_073782,medium,gold,2022-11-07 07:57:19,1,1,0.769
TCKT_025887,low,standard,2024-10-07 21:14:23,0,0,0.235
TCKT_004810,urgent,standard,2025-05-19 00:51:43,0,0,0.194
TCKT_066969,low,gold,2025-12-15 03:20:04,1,1,0.621
TCKT_098451,urgent,standard,2025-04-26 14:05:55,0,0,0.273
TCKT_094241,medium,standard,2022-06-08 09:55:59,0,0,0.252
TCKT_048231,high,gold,2025-02-07 12:56:39,0,1,0.76
TCKT_016754,urgent,standard,2024-03-21 11:56:40,0,0,0.295
TCKT_066236,low,gold,2023-01-21 06:26:15,1,1,0.634
TCKT_066947,low,standard,2023-09-06 07:26:41,0,0,0.256
TCKT_078727,medium,standard,2022-01-03 09:05:57,0,0,0.29
TCKT_085659,high,platinum,2025-08-06 19:25:01,1,1,0.841
TCKT_007819,medium,standard,2022-04-11 09:31:21,0,0,0.223
TCKT_060807,low,standard,2025-09-10 04:26:28,0,0,0.217
TCKT_066806,low,standard,2022-10-14 13:59:32,1,0,0.204
TCKT_006322,high,standard,2023-12-10 04:47:49,0,0,0.283
TCKT_062683,medium,standard,2025-02-15 09:13:40,0,0,0.238
TCKT_038614,low,gold,2025-10-08 17:13:45,0,1,0.623
TCKT_059837,medium,standard,2023-02-19 13:13:40,0,0,0.261
TCKT_084634,high,gold,2025-02-22 11:55:20,1,1,0.752
TCKT_008468,medium,standard,2023-05-27 01:06:40,0,0,0.257
TCKT_027275,medium,standard,2022-01-07 02:28:26,0,0,0.232
TCKT_027357,low,standard,2024-07-08 07:40:17,0,0,0.219
TCKT_099231,low,gold,2023-07-09 15:47:38,0,1,0.563
TCKT_079645,medium,gold,2024-11-05 10:48:05,1,1,0.76
TCKT_008961,high,standard,2025-09-12 21:33:12,1,0,0.279
TCKT_098522,low,platinum,2023-07-27 13:58:54,1,1,0.903
TCKT_072540,low,gold,2024-01-19 08:13:08,0,1,0.577
TCKT_033368,high,standard,2024-07-05 20:43:13,0,0,0.26
TCKT_056286,medium,gold,2025-12-15 08:18:53,1,1,0.773
TCKT_025877,low,gold,2023-09-10 08:15:07,1,1,0.596
TCKT_058441,low,standard,2022-04-18 12:32:52,0,0,0.218
TCKT_050687,medium,standard,2023-04-21 20:38:07,0,0,0.217
TCKT_048054,low,gold,2023-06-27 19:45:05,1,1,0.597
TCKT_038327,high,standard,2025-09-10 03:17:09,0,0,0.223
TCKT_043482,medium,standard,2024-04-10 11:12:45,0,0,0.21
TCKT_015240,low,standard,2023-11-26 09:33:26,0,0,0.224
TCKT_009586,high,gold,2025-02-12 01:14:26,1,1,0.733
TCKT_031150,low,gold,2025-08-26 18:37:35,1,1,0.645
TCKT_031275,low,gold,2024-07-25 04:24:51,1,1,0.583
TCKT_012039,high,standard,2023-03-19 07:25:27,0,0,0.239
TCKT_071918,medium,standard,2022-10-17 12:26:00,0,0,0.281
TCKT_067677,urgent,standard,2023-08-31 02:22:55,0,0,0.29
TCKT_090543,medium,standard,2022-05-28 06:53:57,0,0,0.277
TCKT_085500,high,standard,2025-07-27 15:49:28,0,0,0.288
TCKT_058668,medium,gold,2023-04-26 15:39:18,0,1,0.797
TCKT_097957,low,standard,2024-07-02 01:10:28,0,0,0.221
TCKT_061599,low,gold,2024-07-30 05:12:34,1,1,0.553
TCKT_013742,medium,standard,2025-07-16 18:19:38,0,0,0.255
TCKT_072492,medium,platinum,2022-06-26 07:02:00,0,1,0.91
TCKT_004228,low,standard,2022-06-17 11:19:22,1,0,0.209
TCKT_033510,low,standard,2022-07-14 15:37:16,1,0,0.208
TCKT_095479,low,standard,2023-06-04 18:54:51,1,0,0.209
TCKT_021768,high,standard,2022-04-13 14:42:35,0,0,0.25
TCKT_077838,high,standard,2025-07-23 08:54:18,0,0,0.313
TCKT_096215,low,standard,2024-07-01 15:20:27,0,0,0.23
TCKT_082510,medium,standard,2025-05-29 02:54:11,0,0,0.233
TCKT_093577,medium,standard,2023-01-20 23:00:48,1,0,0.238
TCKT_073566,high,gold,2023-10-21 13:18:49,1,1,0.757
TCKT_045992,medium,standard,2024-07-30 09:36:51,0,0,0.234
TCKT_019247,high,standard,2024-05-23 11:30:34,0,0,0.306
TCKT_050312,medium,standard,2025-04-20 15:36:02,0,0,0.231
TCKT_031530,medium,standard,2023-10-30 10:56:52,0,0,0.25
TCKT_050712,low,platinum,2023-12-13 17:02:51,1,1,0.844
TCKT_046865,medium,standard,2025-07-22 03:51:26,0,0,0.239
TCKT_059779,medium,standard,2023-05-19 07:00:14,0,0,0.298
TCKT_048244,low,platinum,2025-08-12 22:07:56,1,1,0.822
TCKT_058403,high,gold,2025-01-05 18:01:38,0,1,0.741
TCKT_076346,low,gold,2023-07-14 05:04:38,0,1,0.652
TCKT_015261,low,standard,2023-04-24 08:04:05,0,0,0.212
TCKT_045364,low,gold,2024-11-16 07:41:18,1,1,0.596
TCKT_067927,low,gold,2024-12-01 23:23:13,1,1,0.643
TCKT_010336,medium,platinum,2023-07-18 22:03:02,1,1,0.901
TCKT_075183,high,standard,2024-06-07 12:34:11,0,0,0.285
TCKT_017045,low,platinum,2024-05-15 14:49:51,0,1,0.902
TCKT_039716,low,standard,2024-03-30 12:43:48,0,0,0.229
TCKT_032507,high,gold,2022-03-17 09:22:08,1,1,0.744
TCKT_092906,high,gold,2023-05-28 00:30:34,0,1,0.714
TCKT_045448,medium,gold,2022-06-25 13:55:25,0,1,0.788
TCKT_009060,low,standard,2025-11-24 10:05:20,0,0,0.228
TCKT_074348,low,gold,2023-06-01 04:01:30,0,1,0.588
TCKT_017767,low,standard,2023-12-13 07:56:29,0,0,0.273
TCKT_080790,high,standard,2025-04-04 18:07:21,1,0,0.338
TCKT_014007,medium,gold,2024-06-02 20:13:05,0,1,0.767
TCKT_083659,medium,platinum,2022-02-23 18:00:09,1,1,0.879
TCKT_001466,low,platinum,2024-04-26 23:42:37,0,1,0.818
TCKT_060948,high,standard,2022-04-22 00:01:31,0,0,0.268
TCKT_038534,medium,gold,2024-04-27 13:04:49,1,1,0.721
TCKT_032951,medium,standard,2022-09-24 07:02:11,0,0,0.296
TCKT_074934,medium,standard,2023-11-20 10:18:56,1,0,0.257
TCKT_069496,medium,standard,2024-06-22 13:22:42,0,0,0.261
TCKT_068290,medium,standard,2022-06-19 12:17:47,0,0,0.259
TCKT_080859,high,gold,2023-06-07 12:34:37,0,1,0.728
TCKT_076714,low,standard,2025-08-03 12:03:00,0,0,0.21
TCKT_072885,low,platinum,2024-12-01 02:26:26,1,1,0.867
TCKT_082714,high,standard,2025-05-03 21:37:40,0,0,0.322
TCKT_069967,medium,gold,2023-06-13 21:23:03,1,1,0.751
TCKT_071197,high,gold,2025-03-05 19:14:13,0,1,0.73
TCKT_068917,low,gold,2023-02-25 08:40:44,0,1,0.586
TCKT_051499,low,gold,2023-08-27 11:48:48,1,1,0.635
TCKT_049998,medium,gold,2025-02-18 08:30:15,0,1,0.786
TCKT_087346,low,standard,2024-08-29 17:48:24,0,0,0.207
TCKT_089906,high,standard,2024-08-08 18:45:17,0,0,0.304
TCKT_020386,high,gold,2024-08-29 22:38:33,1,1,0.735
TCKT_009144,medium,gold,2022-10-26 17:17:52,0,1,0.765
TCKT_015187,urgent,standard,2023-04-28 13:37:29,0,0,0.175
TCKT_033304,high,standard,2025-12-10 10:54:19,0,0,0.311
TCKT_005721,low,standard,2025-08-24 16:18:55,0,0,0.246
TCKT_059429,high,standard,2024-03-24 14:54:04,0,0,0.293
TCKT_001512,low,standard,2023-08-15 08:05:52,0,0,0.233
TCKT_066545,medium,platinum,2023-07-12 14:45:39,0,1,0.865
TCKT_012144,low,platinum,2022-04-02 19:06:38,1,1,0.861
TCKT_020493,medium,gold,2025-07-09 03:20:11,0,1,0.799
TCKT_077424,low,platinum,2024-06-08 18:02:44,1,1,0.889
TCKT_088890,high,standard,2022-12-30 21:39:45,1,0,0.236
TCKT_094275,low,standard,2025-07-01 21:16:57,0,0,0.216
TCKT_039045,low,gold,2025-02-07 21:04:57,1,1,0.567
TCKT_083704,high,standard,2022-10-21 21:00:54,1,0,0.246
TCKT_077123,high,gold,2023-07-23 16:17:50,1,1,0.719
TCKT_097240,low,standard,2023-12-07 03:53:45,1,0,0.225
TCKT_061295,low,gold,2025-12-19 04:13:51,0,1,0.661
TCKT_012722,medium,standard,2024-04-06 10:58:57,0,0,0.245
TCKT_018582,medium,gold,2022-06-18 22:42:26,1,1,0.707
TCKT_059003,low,standard,2024-04-20 15:51:12,0,0,0.203
TCKT_072488,low,gold,2025-07-08 01:25:01,0,1,0.605
TCKT_016747,high,gold,2024-10-19 23:59:53,1,1,0.695
TCKT_027809,medium,standard,2024-12-29 16:39:16,0,0,0.258
TCKT_038790,medium,standard,2023-06-14 15:35:26,0,0,0.248
TCKT_061626,low,standard,2024-08-08 14:10:56,0,0,0.22
TCKT_012987,low,platinum,2022-03-04 20:40:18,0,1,0.857
TCKT_011073,medium,platinum,2022-01-02 00:26:18,1,1,0.882
TCKT_022017,low,gold,2025-02-13 16:52:51,0,1,0.622
TCKT_060971,low,standard,2025-07-30 05:32:21,0,0,0.225
TCKT_010149,low,standard,2022-07-06 13:12:25,0,0,0.221
TCKT_075934,low,standard,2025-06-07 20:25:54,0,0,0.225
TCKT_037928,low,gold,2025-11-03 17:07:17,1,1,0.624
TCKT_074600,medium,standard,2025-11-07 20:59:41,1,0,0.221
TCKT_080243,low,standard,2022-04-23 12:20:02,0,0,0.225
TCKT_061772,medium,gold,2023-09-21 23:05:35,0,1,0.729
TCKT_023409,medium,standard,2023-08-07 00:20:41,0,0,0.215
TCKT_008311,urgent,standard,2024-03-31 00:24:22,0,0,0.238
TCKT_041181,high,standard,2024-06-21 20:14:16,0,0,0.294
TCKT_013357,medium,standard,2025-01-31 16:39:48,0,0,0.249
TCKT_042126,medium,standard,2024-09-28 15:58:06,0,0,0.25
TCKT_056664,high,standard,2022-03-14 06:22:38,1,0,0.311
TCKT_054445,low,standard,2023-10-20 12:08:10,0,0,0.223
TCKT_029628,medium,standard,2024-10-23 20:10:37,0,0,0.266
TCKT_029705,high,standard,2023-10-25 10:38:27,0,0,0.302
TCKT_084352,high,gold,2024-04-05 14:58:32,1,1,0.746
TCKT_080954,low,standard,2025-04-10 02:14:25,0,0,0.218
TCKT_037088,medium,standard,2022-10-24 19:04:59,0,0,0.242
TCKT_016097,medium,standard,2025-06-27 07:48:34,0,0,0.22
TCKT_097316,high,standard,2023-07-16 21:52:52,0,0,0.262
TCKT_059395,low,gold,2023-09-04 22:08:14,0,1,0.624
TCKT_029980,urgent,standard,2023-09-14 02:09:39,0,0,0.236
TCKT_099356,low,gold,2025-12-20 17:39:29,1,1,0.599
TCKT_064526,medium,gold,2023-10-06 15:06:08,1,1,0.739
TCKT_084786,medium,standard,2023-01-24 07:14:37,0,0,0.248
TCKT_073371,high,standard,2023-02-02 05:55:23,0,0,0.25
TCKT_041132,medium,standard,2023-05-19 10:13:39,0,0,0.293
TCKT_088179,low,standard,2023-04-21 07:00:27,0,0,0.219
TCKT_031993,low,platinum,2022-03-25 17:52:18,1,1,0.837
TCKT_018773,low,gold,2024-11-11 15:21:53,1,1,0.633
TCKT_004891,low,standard,2024-04-20 20:39:21,0,0,0.199
TCKT_035068,medium,standard,2023-06-10 15:27:12,1,0,0.24
TCKT_046451,high,standard,2025-12-15 19:00:10,0,0,0.239
TCKT_056836,medium,standard,2023-02-27 16:56:17,0,0,0.273
TCKT_048320,low,standard,2022-02-26 08:52:11,0,0,0.218
TCKT_080586,low,platinum,2022-07-11 03:53:53,1,1,0.876
TCKT_058513,high,standard,2023-09-10 07:03:03,0,0,0.219
TCKT_049899,medium,standard,2025-11-21 00:08:35,0,0,0.225
TCKT_093193,low,standard,2025-04-19 04:00:23,0,0,0.24
TCKT_095834,high,platinum,2024-07-30 21:56:37,1,1,0.832
TCKT_027198,medium,standard,2025-10-19 06:56:21,0,0,0.262
TCKT_031170,medium,gold,2024-08-22 12:33:20,1,1,0.756
TCKT_098033,low,standard,2025-08-16 07:46:43,1,0,0.254
TCKT_015065,low,gold,2023-04-16 01:06:24,1,1,0.56
TCKT_032543,medium,standard,2024-08-16 20:22:50,0,0,0.181
TCKT_064907,low,standard,2023-01-27 00:54:33,0,0,0.218
TCKT_046101,urgent,standard,2024-03-01 06:14:31,0,0,0.36
TCKT_055206,low,standard,2022-12-04 08:45:23,0,0,0.227
TCKT_060404,medium,standard,2023-01-08 01:46:30,1,0,0.27
TCKT_078915,medium,standard,2023-12-28 17:46:26,0,0,0.25
TCKT_050639,medium,standard,2022-07-24 14:20:08,1,0,0.243
TCKT_060067,medium,standard,2025-09-03 18:50:36,0,0,0.216
TCKT_013043,medium,gold,2023-05-04 13:50:05,1,1,0.768
TCKT_019059,low,standard,2022-11-27 17:56:43,1,0,0.233
TCKT_064785,medium,standard,2023-12-24 05:44:11,0,0,0.204
TCKT_019699,medium,standard,2024-05-09 22:29:49,0,0,0.213
TCKT_014290,medium,platinum,2025-01-09 00:49:42,1,1,0.863
TCKT_095022,high,standard,2025-03-11 23:42:16,0,0,0.26
TCKT_035491,high,gold,2022-07-01 19:12:17,0,1,0.746
TCKT_001611,medium,standard,2025-08-08 01:56:31,1,0,0.232
TCKT_062330,low,standard,2025-01-01 12:11:40,1,0,0.254
TCKT_003056,low,gold,2024-11-06 00:02:14,1,1,0.604
TCKT_011420,low,gold,2022-06-28 06:41:30,0,1,0.619
TCKT_034080,high,platinum,2022-01-07 23:25:37,0,1,0.77
TCKT_055152,low,gold,2022-02-03 11:46:51,0,1,0.644
TCKT_017218,low,platinum,2022-11-07 08:44:02,1,1,0.865
TCKT_068089,medium,standard,2023-05-13 13:30:06,0,0,0.294
TCKT_066811,low,gold,2025-10-27 23:01:48,0,1,0.527
TCKT_061132,low,gold,2022-06-01 11:59:55,0,1,0.652
TCKT_017418,high,standard,2024-05-02 18:27:22,1,0,0.227
TCKT_058890,medium,standard,2023-02-15 15:18:23,0,0,0.226
TCKT_050581,medium,standard,2025-02-10 15:06:57,1,0,0.218
TCKT_005172,medium,gold,2024-06-22 10:20:51,0,1,0.785
TCKT_021662,medium,standard,2025-03-30 11:42:09,0,0,0.304
TCKT_056164,medium,gold,2022-10-12 10:31:08,1,1,0.778
TCKT_083844,high,platinum,2023-09-04 07:56:35,1,1,0.848
TCKT_015342,low,platinum,2022-04-28 15:30:24,1,1,0.863
TCKT_062653,medium,standard,2022-01-01 22:15:57,0,0,0.306
TCKT_030003,medium,gold,2022-05-03 02:59:40,1,1,0.774
TCKT_085076,low,standard,2023-10-28 05:01:32,1,0,0.227
TCKT_072481,medium,standard,2024-10-01 02:46:19,0,0,0.21
TCKT_094877,medium,gold,2022-09-01 21:31:52,0,1,0.74
TCKT_008714,high,standard,2022-01-11 21:39:57,0,0,0.292
TCKT_060335,medium,standard,2023-04-23 02:02:26,0,0,0.221
TCKT_080688,high,standard,2025-10-12 11:49:40,0,0,0.301
TCKT_098651,low,standard,2025-04-03 20:50:50,0,0,0.239
TCKT_084078,low,platinum,2022-09-20 08:21:35,1,1,0.816
TCKT_085344,high,standard,2024-05-15 22:04:10,0,0,0.263
TCKT_030613,medium,standard,2025-10-09 02:20:28,1,0,0.215
TCKT_043603,low,gold,2025-10-18 14:26:06,1,1,0.619
TCKT_055358,low,gold,2025-03-30 11:10:02,1,1,0.624
TCKT_023411,low,gold,2024-07-23 10:54:03,0,1,0.613
TCKT_040552,low,standard,2022-11-18 00:32:23,1,0,0.23
TCKT_046265,medium,standard,2022-05-27 16:11:36,0,0,0.268
TCKT_088086,urgent,gold,2024-05-24 00:55:39,0,1,0.721
TCKT_066516,medium,gold,2022-09-08 14:08:13,0,1,0.772
TCKT_002137,medium,platinum,2023-06-05 16:43:46,1,1,0.9
TCKT_038391,low,gold,2024-08-21 20:12:39,1,1,0.643
TCKT_056096,medium,standard,2025-09-22 10:24:11,0,0,0.255
TCKT_035113,medium,standard,2022-02-21 03:47:35,0,0,0.224
TCKT_011300,medium,standard,2025-12-26 22:29:32,0,0,0.227
TCKT_026936,medium,standard,2024-12-09 17:31:00,0,0,0.258
TCKT_082859,low,gold,2025-01-30 14:59:47,0,1,0.582
TCKT_039577,urgent,standard,2022-09-06 23:39:19,0,0,0.32
TCKT_044489,medium,standard,2022-12-24 21:34:59,0,0,0.268
TCKT_066999,medium,standard,2023-07-31 08:29:39,0,0,0.249
TCKT_095779,medium,gold,2025-04-28 02:51:28,1,1,0.769
TCKT_028560,urgent,standard,2023-06-24 07:47:27,0,0,0.222
TCKT_018033,medium,gold,2025-02-23 02:52:27,1,1,0.735
TCKT_008154,low,standard,2023-10-10 17:46:48,1,0,0.233
TCKT_038574,high,platinum,2024-02-20 01:33:39,1,1,0.888
TCKT_078452,medium,standard,2022-01-15 20:30:14,0,0,0.221
TCKT_058031,medium,standard,2025-07-16 08:10:23,0,0,0.235
TCKT_052591,low,gold,2022-03-20 13:54:30,0,1,0.633
TCKT_035119,urgent,gold,2022-01-16 05:20:03,1,1,0.737
TCKT_032525,low,standard,2024-07-18 21:17:17,0,0,0.217
TCKT_035406,medium,gold,2023-08-20 19:37:32,1,1,0.762
TCKT_065520,high,standard,2024-09-17 19:43:11,0,0,0.308
TCKT_093273,low,standard,2023-12-17 08:14:41,0,0,0.274
TCKT_059786,low,standard,2022-10-31 20:10:15,0,0,0.211
TCKT_082928,high,standard,2022-04-15 07:00:25,0,0,0.252
TCKT_060978,low,gold,2023-09-10 22:43:07,0,1,0.656
TCKT_040496,low,standard,2022-12-30 19:44:46,1,0,0.23
TCKT_052113,low,standard,2023-03-24 23:43:20,1,0,0.253
TCKT_032552,medium,standard,2023-07-04 12:22:55,0,0,0.233
TCKT_054581,low,standard,2022-09-14 15:32:50,0,0,0.226
TCKT_079741,high,standard,2025-06-21 06:18:39,0,0,0.312
TCKT_062421,medium,gold,2024-10-31 03:48:48,0,1,0.763
TCKT_070009,high,standard,2023-01-11 15:21:12,0,0,0.283
TCKT_048088,low,standard,2022-11-24 10:39:01,1,0,0.254
TCKT_066457,low,gold,2022-08-14 21:39:19,0,1,0.542
TCKT_073433,low,standard,2023-04-23 21:39:31,0,0,0.248
TCKT_077508,low,standard,2022-01-24 07:04:33,0,0,0.211
TCKT_027237,high,platinum,2024-12-28 14:12:05,1,1,0.9
TCKT_095809,high,gold,2025-01-21 22:50:51,0,1,0.73
TCKT_050833,medium,gold,2022-09-06 20:03:00,1,1,0.751
TCKT_077632,high,standard,2023-04-12 04:08:37,0,0,0.258
TCKT_043769,low,gold,2024-06-14 19:13:06,1,1,0.607
TCKT_097320,medium,gold,2024-07-08 08:40:51,0,1,0.779
TCKT_008986,high,gold,2023-03-14 14:35:12,1,1,0.724
TCKT_050671,low,standard,2024-05-19 01:34:18,1,0,0.241
TCKT_031735,low,standard,2023-12-04 20:51:35,0,0,0.199
TCKT_002624,low,gold,2022-11-24 15:33:41,0,1,0.611
TCKT_068395,medium,standard,2024-02-28 07:35:13,0,0,0.18
TCKT_092539,urgent,standard,2022-06-14 15:04:31,0,0,0.311
TCKT_065253,medium,gold,2023-08-08 19:04:56,1,1,0.746
TCKT_091407,low,standard,2024-05-22 18:56:16,0,0,0.212
TCKT_029031,medium,gold,2023-12-15 05:29:21,1,1,0.769
TCKT_097996,medium,standard,2022-06-05 09:12:45,0,0,0.229
TCKT_097956,high,standard,2025-08-25 06:23:33,0,0,0.258
TCKT_026267,low,standard,2025-11-19 02:06:20,0,0,0.221
TCKT_068731,medium,platinum,2022-12-05 02:44:14,1,1,0.873
TCKT_092639,high,standard,2025-01-21 17:53:21,0,0,0.289
TCKT_006047,high,gold,2023-05-24 04:40:20,0,1,0.733
TCKT_034400,medium,gold,2023-04-26 12:55:52,1,1,0.755
TCKT_022859,low,standard,2023-06-04 13:57:00,0,0,0.243
TCKT_025195,medium,standard,2025-06-05 22:45:50,0,0,0.265
TCKT_084330,low,platinum,2024-04-06 08:15:52,1,1,0.823
TCKT_037972,medium,standard,2025-06-04 02:03:31,0,0,0.244
TCKT_026637,low,gold,2024-03-22 21:42:41,0,1,0.573
TCKT_062391,medium,standard,2022-03-20 17:17:39,0,0,0.198
TCKT_042700,medium,gold,2023-04-24 06:45:38,0,1,0.766
TCKT_045449,high,gold,2025-12-08 06:36:55,1,1,0.736
TCKT_005218,low,standard,2024-03-15 14:32:00,0,0,0.219
TCKT_045799,medium,standard,2023-01-09 07:33:06,1,0,0.238
TCKT_092008,high,platinum,2022-01-27 11:45:18,1,1,0.859
TCKT_031749,low,standard,2023-08-20 23:54:14,0,0,0.233
TCKT_013243,medium,standard,2022-07-11 04:31:47,0,0,0.237
TCKT_068303,medium,standard,2023-07-28 02:53:44,0,0,0.242
TCKT_068493,high,standard,2024-03-07 14:51:33,0,0,0.291
TCKT_024289,low,gold,2023-08-12 00:04:35,1,1,0.606
TCKT_039423,low,standard,2023-09-10 11:16:52,1,0,0.212
TCKT_069178,high,standard,2024-10-16 07:56:31,0,0,0.312
TCKT_038626,medium,standard,2024-07-09 05:00:31,0,0,0.227
TCKT_093014,high,standard,2023-03-05 00:45:32,0,0,0.28
TCKT_071097,high,standard,2025-12-16 05:30:52,1,0,0.257
TCKT_058614,medium,gold,2023-08-08 18:21:58,0,1,0.766
TCKT_015039,medium,standard,2022-03-20 06:39:44,1,0,0.247
TCKT_028736,low,gold,2024-02-15 09:35:53,1,1,0.63
TCKT_073493,high,gold,2024-02-10 02:38:56,0,1,0.712
TCKT_020264,medium,standard,2024-05-16 01:35:47,0,0,0.235
TCKT_061064,low,gold,2025-03-13 09:18:46,0,1,0.621
TCKT_088413,medium,gold,2025-06-25 14:10:09,1,1,0.734
TCKT_053304,urgent,platinum,2023-02-26 02:57:45,1,1,0.808
TCKT_054475,medium,standard,2024-12-27 02:16:36,0,0,0.273
TCKT_015442,low,standard,2023-02-24 09:03:34,0,0,0.196
TCKT_025361,low,gold,2024-12-22 08:04:14,0,1,0.626
TCKT_008046,medium,standard,2024-01-29 16:59:36,0,0,0.229
TCKT_059993,low,standard,2025-11-01 10:09:15,0,0,0.234
TCKT_042945,urgent,platinum,2025-11-25 20:20:37,1,1,0.801
TCKT_085924,urgent,platinum,2024-10-20 22:57:21,1,1,0.815
TCKT_075017,medium,gold,2025-10-15 19:47:18,1,1,0.742
TCKT_063248,low,standard,2022-03-04 18:54:53,0,0,0.229
TCKT_041916,low,platinum,2023-06-06 13:40:43,1,1,0.871
TCKT_057243,low,gold,2025-10-18 04:00:44,1,1,0.63
TCKT_002135,low,standard,2023-02-25 11:00:44,0,0,0.205
TCKT_024153,high,standard,2023-10-01 05:18:59,0,0,0.3
TCKT_097428,medium,gold,2023-06-01 07:27:58,0,1,0.777
TCKT_026729,medium,gold,2023-02-25 03:59:31,1,1,0.759
TCKT_011688,high,standard,2025-09-11 02:53:20,0,0,0.287
TCKT_024699,low,gold,2025-12-26 19:39:30,1,1,0.559
TCKT_095902,urgent,standard,2025-04-17 04:49:44,1,0,0.278
TCKT_084508,medium,gold,2025-08-19 15:56:35,1,1,0.78
TCKT_096542,medium,standard,2025-10-14 20:24:45,0,0,0.273
TCKT_059795,low,gold,2023-11-25 01:25:21,1,1,0.65
TCKT_069539,low,gold,2024-06-15 05:55:08,0,1,0.592
TCKT_011930,low,standard,2022-11-24 17:18:44,0,0,0.231
TCKT_073398,low,standard,2024-07-04 20:13:53,0,0,0.264
TCKT_040680,medium,platinum,2022-12-19 13:10:08,1,1,0.861
TCKT_083448,high,standard,2023-10-05 10:02:32,1,0,0.261
TCKT_003517,low,standard,2022-06-14 09:05:19,0,0,0.23
TCKT_069503,low,gold,2025-06-26 03:11:15,0,1,0.601
TCKT_025846,low,standard,2023-10-08 17:39:28,0,0,0.254
TCKT_028064,medium,gold,2024-07-20 12:29:45,0,1,0.765
TCKT_019581,low,standard,2024-02-25 14:47:04,0,0,0.242
TCKT_081403,low,gold,2024-02-02 19:53:28,1,1,0.599
TCKT_047025,low,standard,2022-03-11 16:26:38,0,0,0.226
TCKT_078016,low,standard,2024-04-03 14:06:30,0,0,0.252
TCKT_049846,high,gold,2025-06-18 02:10:01,0,1,0.74
TCKT_056416,low,gold,2023-03-13 00:19:17,0,1,0.542
TCKT_053129,medium,standard,2024-05-05 21:40:52,0,0,0.256
TCKT_032849,high,gold,2025-10-18 10:39:13,0,1,0.742
TCKT_095404,medium,standard,2024-09-26 16:13:32,0,0,0.245
TCKT_051367,medium,standard,2024-11-07 04:11:45,0,0,0.23
TCKT_091910,medium,standard,2025-01-07 23:58:39,1,0,0.238
TCKT_025489,low,standard,2024-02-18 17:54:28,0,0,0.221
TCKT_086834,high,standard,2025-12-09 17:43:08,0,0,0.263
TCKT_060445,medium,standard,2022-09-06 20:31:00,0,0,0.245
TCKT_024479,low,standard,2023-01-13 18:38:32,0,0,0.201
TCKT_016762,medium,standard,2022-05-28 08:50:46,0,0,0.257
TCKT_019561,urgent,standard,2025-10-05 13:28:18,1,0,0.304
TCKT_006072,medium,gold,2025-08-06 08:37:10,1,1,0.772
TCKT_061977,medium,gold,2023-11-06 20:15:31,1,1,0.787
TCKT_050384,low,standard,2025-09-27 10:19:07,0,0,0.248
TCKT_007242,high,standard,2024-06-19 17:37:28,0,0,0.277
TCKT_001122,medium,standard,2024-08-15 22:30:46,0,0,0.242
TCKT_039932,high,standard,2023-07-15 13:58:28,1,0,0.279
TCKT_009863,low,standard,2022-01-06 00:23:55,0,0,0.226
TCKT_042852,high,standard,2025-07-09 10:37:49,0,0,0.311
TCKT_026874,low,gold,2023-05-21 16:49:12,0,1,0.56
TCKT_072748,high,gold,2024-01-20 14:32:22,1,1,0.75
TCKT_052961,low,standard,2023-02-07 04:15:48,0,0,0.204
TCKT_021704,high,platinum,2022-10-30 08:50:24,1,1,0.903
TCKT_058006,high,gold,2024-12-26 18:26:12,1,1,0.753
TCKT_036477,low,standard,2023-01-16 06:04:27,0,0,0.223
TCKT_007883,medium,standard,2023-05-23 03:35:26,0,0,0.292
TCKT_098580,low,standard,2022-06-08 02:54:32,0,0,0.173
TCKT_030174,low,gold,2025-05-03 01:32:19,0,1,0.622
TCKT_070268,high,standard,2022-09-19 02:30:29,0,0,0.32
TCKT_099966,low,standard,2023-09-02 00:26:38,0,0,0.212
TCKT_039745,low,gold,2025-03-16 15:07:20,1,1,0.611
TCKT_062479,medium,gold,2022-03-08 06:19:46,1,1,0.766
TCKT_073664,medium,standard,2025-02-13 21:41:06,0,0,0.257
TCKT_021574,urgent,standard,2023-03-15 14:01:13,0,0,0.229
TCKT_050803,medium,standard,2022-08-17 02:32:46,0,0,0.203
TCKT_089844,low,standard,2024-08-26 07:24:37,0,0,0.227
TCKT_047974,high,standard,2025-03-13 09:11:30,0,0,0.267
TCKT_023562,low,standard,2022-06-20 19:41:22,0,0,0.239
TCKT_031341,low,standard,2022-11-13 22:05:45,0,0,0.214
TCKT_008423,medium,standard,2022-03-01 10:41:22,0,0,0.25
TCKT_003640,high,gold,2022-10-11 21:14:44,0,1,0.733
TCKT_004009,low,standard,2022-05-24 11:28:25,0,0,0.256
TCKT_043300,low,standard,2025-06-29 08:34:43,0,0,0.197
TCKT_013788,high,gold,2022-03-16 09:35:17,0,1,0.71
TCKT_091386,low,standard,2024-05-19 12:21:48,1,0,0.224
TCKT_020822,high,gold,2025-01-17 12:49:44,1,1,0.729
TCKT_029414,medium,gold,2024-01-14 19:55:15,1,1,0.747
TCKT_085104,high,platinum,2024-05-12 18:17:08,1,1,0.846
TCKT_058871,low,gold,2022-11-22 05:52:38,0,1,0.631
TCKT_040148,high,standard,2024-02-01 05:07:03,0,0,0.269
TCKT_067562,low,gold,2025-06-29 22:39:35,0,1,0.656
TCKT_017132,low,gold,2023-01-20 05:12:31,1,1,0.597
TCKT_097237,high,gold,2024-08-07 21:52:18,0,1,0.724
TCKT_042600,low,gold,2025-03-28 13:08:25,0,1,0.64
TCKT_033246,low,standard,2025-12-19 15:12:03,0,0,0.199
TCKT_005928,low,standard,2022-02-24 03:40:55,0,0,0.19
TCKT_035692,medium,gold,2022-07-17 22:55:31,1,1,0.748
TCKT_071736,medium,standard,2022-08-21 01:26:56,0,0,0.242
TCKT_045608,low,gold,2024-08-22 06:26:06,0,1,0.648
TCKT_099150,low,gold,2022-01-07 07:36:42,0,1,0.638
TCKT_008609,low,platinum,2024-03-11 14:13:38,1,1,0.864
TCKT_029368,high,standard,2023-11-06 18:37:53,0,0,0.253
TCKT_038166,low,standard,2023-09-19 05:42:42,0,0,0.227
TCKT_099644,high,standard,2025-06-22 00:14:05,0,0,0.297
TCKT_032569,medium,standard,2023-06-27 17:24:21,0,0,0.237
TCKT_073640,low,standard,2025-05-14 04:58:59,0,0,0.187
TCKT_006953,medium,standard,2024-10-08 07:37:45,0,0,0.246
TCKT_025038,medium,standard,2025-12-29 09:14:09,0,0,0.252
TCKT_043785,medium,gold,2022-05-27 20:13:04,1,1,0.747
TCKT_070332,low,gold,2022-09-02 00:30:33,0,1,0.622
TCKT_060277,medium,gold,2022-09-22 22:46:11,0,1,0.695
TCKT_078077,high,standard,2023-02-16 21:43:42,0,0,0.244
TCKT_020841,high,standard,2023-04-29 16:27:30,0,0,0.218
TCKT_050722,medium,gold,2023-06-22 10:59:19,1,1,0.769
TCKT_066306,medium,standard,2023-10-05 23:03:40,1,0,0.237
TCKT_049538,medium,gold,2023-06-26 03:34:26,1,1,0.798
TCKT_064667,medium,standard,2022-08-26 16:16:38,0,0,0.261
TCKT_019061,low,platinum,2025-07-27 22:28:02,1,1,0.886
TCKT_046361,medium,gold,2025-04-14 16:54:03,1,1,0.782
TCKT_063986,high,gold,2022-04-15 16:40:57,0,1,0.745
TCKT_053344,medium,standard,2023-06-15 20:39:00,0,0,0.229
TCKT_052141,medium,standard,2025-05-02 03:14:49,0,0,0.261
TCKT_050387,low,gold,2023-10-18 04:48:37,1,1,0.558
TCKT_026160,medium,gold,2023-01-23 02:10:15,1,1,0.76
TCKT_024569,medium,standard,2023-01-12 05:23:36,0,0,0.199
TCKT_001745,high,gold,2022-07-09 22:58:01,0,1,0.708
TCKT_081735,urgent,standard,2025-08-25 16:51:37,0,0,0.285
TCKT_031672,urgent,platinum,2023-06-26 22:29:22,0,1,0.797
TCKT_069172,low,gold,2023-06-09 16:30:11,0,1,0.593
TCKT_066564,high,standard,2025-05-30 16:35:47,0,0,0.297
TCKT_081758,high,standard,2023-08-25 20:48:02,1,0,0.204
TCKT_046353,medium,gold,2023-08-01 05:02:27,1,1,0.767
TCKT_095784,low,gold,2024-01-03 05:14:24,1,1,0.567
TCKT_092355,medium,standard,2022-02-14 08:11:49,0,0,0.265
TCKT_036817,low,standard,2024-01-10 09:26:03,0,0,0.238
TCKT_092408,urgent,platinum,2023-09-15 19:35:41,0,1,0.802
TCKT_010896,low,platinum,2022-12-03 22:56:54,1,1,0.85
TCKT_063221,low,gold,2023-03-13 09:51:34,0,1,0.646
TCKT_004313,urgent,standard,2024-02-05 04:31:37,1,0,0.284
TCKT_097086,medium,standard,2025-11-20 09:21:54,0,0,0.255
TCKT_006107,urgent,standard,2025-12-25 16:01:58,0,0,0.238
TCKT_038035,low,standard,2025-01-11 05:36:01,0,0,0.198
TCKT_025105,low,platinum,2022-10-11 22:36:36,0,1,0.865
TCKT_058105,medium,standard,2025-06-01 01:59:41,0,0,0.263
TCKT_030453,medium,gold,2025-05-28 05:37:59,1,1,0.783
TCKT_066401,medium,standard,2024-04-06 21:23:28,0,0,0.281
TCKT_063385,medium,gold,2024-10-25 09:37:29,1,1,0.788
TCKT_044381,low,standard,2024-12-22 10:08:25,0,0,0.247
TCKT_084204,medium,standard,2022-05-15 08:25:17,0,0,0.253
TCKT_072073,high,gold,2023-12-31 09:59:14,0,1,0.74
TCKT_022097,high,standard,2025-05-25 19:45:39,0,0,0.237
TCKT_013681,medium,standard,2025-03-07 12:46:56,0,0,0.259
TCKT_025442,high,standard,2025-01-12 22:57:13,0,0,0.248
TCKT_014139,high,standard,2025-07-15 23:52:29,0,0,0.237
TCKT_035238,medium,platinum,2022-11-05 20:06:57,1,1,0.911
TCKT_087862,low,gold,2025-06-17 10:21:09,1,1,0.627
TCKT_049631,medium,standard,2022-05-26 21:22:25,0,0,0.256
TCKT_069898,high,standard,2024-12-16 20:14:35,0,0,0.233
TCKT_030781,medium,standard,2025-01-25 22:56:34,0,0,0.292
TCKT_027014,medium,gold,2022-03-02 22:25:38,1,1,0.789
TCKT_081098,low,standard,2025-06-01 18:36:30,0,0,0.238
TCKT_039537,medium,standard,2025-12-19 19:51:35,0,0,0.233
TCKT_069193,low,gold,2023-07-27 15:28:01,0,1,0.61
TCKT_039443,low,gold,2024-05-22 10:15:11,0,1,0.63
TCKT_062658,medium,gold,2023-07-30 10:34:00,1,1,0.773
TCKT_076173,low,standard,2022-11-15 21:00:44,0,0,0.269
TCKT_043716,low,standard,2022-07-12 13:04:09,0,0,0.219
TCKT_036952,low,standard,2022-05-03 18:30:05,0,0,0.218
TCKT_003126,medium,standard,2025-10-22 01:59:51,0,0,0.235
TCKT_091437,medium,platinum,2022-04-27 02:43:27,1,1,0.891
TCKT_027878,high,standard,2024-11-15 03:30:51,0,0,0.244
TCKT_005889,low,gold,2023-08-29 21:00:38,0,1,0.629
TCKT_061047,medium,standard,2023-07-02 09:42:03,0,0,0.271
TCKT_092845,medium,standard,2023-07-12 13:09:53,0,0,0.248
TCKT_029799,low,standard,2025-07-25 22:59:04,0,0,0.2
TCKT_060901,medium,standard,2022-12-03 03:15:29,0,0,0.284
TCKT_031794,low,gold,2022-05-07 15:44:10,0,1,0.632
TCKT_004555,high,gold,2025-06-11 17:37:06,0,1,0.735
TCKT_049468,low,standard,2024-04-02 16:34:37,0,0,0.211
TCKT_062899,high,gold,2025-11-27 16:11:56,0,1,0.721
TCKT_047802,medium,gold,2024-01-18 17:28:46,1,1,0.738
TCKT_056639,low,gold,2023-07-01 23:43:56,1,1,0.651
TCKT_094924,low,standard,2024-02-04 19:06:43,0,0,0.221
TCKT_037240,low,standard,2025-05-25 14:47:26,0,0,0.268
TCKT_094674,urgent,standard,2022-06-18 18:35:35,0,0,0.233
TCKT_099241,high,standard,2023-07-24 15:28:34,1,0,0.33
TCKT_070849,low,standard,2025-02-01 16:56:51,0,0,0.214
TCKT_062829,high,standard,2024-01-18 12:07:33,1,0,0.323
TCKT_030867,low,gold,2022-02-09 16:02:30,1,1,0.64
TCKT_038154,low,standard,2022-10-25 23:33:39,0,0,0.22
TCKT_011731,high,gold,2022-01-21 00:59:21,0,1,0.731
TCKT_043076,low,gold,2025-10-22 15:02:20,0,1,0.649
TCKT_050746,medium,gold,2024-08-07 21:40:32,1,1,0.78
TCKT_033348,medium,gold,2022-08-05 00:41:50,1,1,0.751
TCKT_087366,low,standard,2023-12-08 22:40:09,0,0,0.252
TCKT_048490,high,platinum,2023-08-01 17:40:25,0,1,0.908
TCKT_053501,medium,standard,2023-05-25 17:49:43,0,0,0.255
TCKT_064002,high,platinum,2023-04-15 05:39:50,0,1,0.879
TCKT_076184,medium,platinum,2022-10-19 15:52:11,1,1,0.9
TCKT_086913,medium,gold,2022-11-29 20:51:36,1,1,0.749
TCKT_093015,low,platinum,2022-09-30 23:11:26,0,1,0.842
TCKT_097204,low,standard,2022-03-14 03:32:08,0,0,0.219
TCKT_016305,medium,platinum,2022-01-14 14:52:58,1,1,0.907
TCKT_045709,medium,standard,2023-01-04 05:46:41,0,0,0.206
TCKT_030179,low,standard,2023-10-06 23:03:56,1,0,0.165
TCKT_013300,low,standard,2025-11-16 12:02:46,0,0,0.227
TCKT_070230,low,gold,2025-09-12 01:46:52,1,1,0.636
TCKT_091451,medium,standard,2024-07-18 08:17:40,0,0,0.223
TCKT_070820,medium,standard,2025-03-25 05:04:35,0,0,0.24
TCKT_035056,urgent,gold,2024-09-16 15:09:03,1,1,0.757
TCKT_027335,urgent,gold,2022-07-01 15:39:55,1,1,0.741
TCKT_019937,medium,platinum,2022-05-12 16:28:07,1,1,0.886
TCKT_055125,low,standard,2025-12-10 19:56:49,1,0,0.236
TCKT_067008,high,gold,2025-11-13 20:08:42,1,1,0.719
TCKT_091399,low,standard,2024-03-05 07:34:02,1,0,0.24
TCKT_095453,low,platinum,2025-04-30 07:27:50,1,1,0.88
TCKT_013604,medium,standard,2022-10-09 01:52:13,0,0,0.226
TCKT_065693,medium,gold,2022-01-06 07:57:35,0,1,0.758
TCKT_071546,high,standard,2023-06-30 20:45:30,0,0,0.29
TCKT_086721,medium,standard,2025-09-05 02:12:12,1,0,0.207
TCKT_052433,high,gold,2025-02-03 05:00:48,0,1,0.687
TCKT_003170,low,standard,2025-09-22 19:16:24,0,0,0.213
TCKT_018761,medium,gold,2025-04-27 03:37:33,1,1,0.772
TCKT_056465,medium,standard,2025-06-13 10:24:51,1,0,0.256
TCKT_065293,high,platinum,2023-02-14 00:56:24,1,1,0.877
TCKT_064322,medium,standard,2025-02-21 16:39:07,0,0,0.254
TCKT_031462,medium,platinum,2025-05-27 02:36:36,1,1,0.889
TCKT_027849,low,standard,2023-03-23 01:10:57,0,0,0.272
TCKT_052930,high,gold,2025-07-23 06:59:33,1,1,0.726
TCKT_069192,low,platinum,2023-02-15 20:58:55,0,1,0.85
TCKT_060645,medium,gold,2025-12-06 09:29:21,0,1,0.765
TCKT_023012,low,platinum,2023-08-17 10:49:51,1,1,0.873
TCKT_076090,low,standard,2025-03-24 01:58:19,0,0,0.2
TCKT_080474,low,standard,2022-04-28 07:37:13,0,0,0.207
TCKT_015144,high,standard,2024-09-02 23:01:02,1,0,0.2
TCKT_081050,medium,standard,2023-05-26 02:51:21,0,0,0.256
TCKT_075665,medium,gold,2025-11-27 20:17:40,1,1,0.776
TCKT_005068,medium,standard,2024-06-17 20:14:48,0,0,0.239
TCKT_044468,low,gold,2025-03-04 18:21:09,0,1,0.64
TCKT_016334,medium,standard,2022-09-02 16:54:40,0,0,0.259
TCKT_072060,low,standard,2025-03-24 23:45:06,0,0,0.215
TCKT_070054,low,gold,2024-08-25 08:05:13,0,1,0.606
TCKT_071188,urgent,gold,2022-08-19 09:44:13,1,1,0.709
TCKT_076724,low,standard,2022-09-27 03:50:18,0,0,0.201
TCKT_060209,low,standard,2025-03-09 20:10:02,0,0,0.275
TCKT_013670,high,standard,2023-02-12 15:34:39,0,0,0.281
TCKT_009920,low,gold,2025-02-28 14:08:34,1,1,0.655
TCKT_070367,low,gold,2025-05-21 10:20:52,0,1,0.612
TCKT_028967,low,standard,2025-01-28 04:54:56,0,0,0.244
TCKT_099493,medium,gold,2022-12-05 03:48:30,0,1,0.723
TCKT_000370,low,standard,2023-09-04 13:36:31,0,0,0.211
TCKT_068003,low,standard,2024-03-01 10:14:45,0,0,0.23
TCKT_020864,low,standard,2023-04-04 01:41:08,0,0,0.209
TCKT_040601,medium,gold,2025-02-04 05:45:59,1,1,0.766
TCKT_037347,low,gold,2024-03-04 09:02:39,1,1,0.63
TCKT_038182,high,standard,2024-05-06 06:28:34,0,0,0.265
TCKT_076654,low,platinum,2024-11-03 07:13:09,1,1,0.862
TCKT_083023,medium,standard,2024-04-02 16:12:09,0,0,0.234
TCKT_030760,medium,standard,2025-07-04 09:55:10,0,0,0.251
TCKT_093347,high,standard,2025-07-06 06:10:35,1,0,0.241
TCKT_038472,low,standard,2023-10-10 06:47:58,0,0,0.218
TCKT_063858,high,standard,2025-06-19 15:55:27,0,0,0.271
TCKT_075738,medium,standard,2025-02-06 11:28:33,0,0,0.253
TCKT_020281,medium,standard,2024-08-03 02:26:29,1,0,0.228
TCKT_095759,low,gold,2023-10-29 12:46:05,1,1,0.623
TCKT_064918,medium,gold,2025-01-07 10:36:41,1,1,0.72
TCKT_092990,medium,standard,2024-06-13 03:15:26,0,0,0.246
TCKT_096739,low,standard,2022-12-19 01:38:11,0,0,0.166
TCKT_088672,low,standard,2024-06-13 10:58:58,0,0,0.227
TCKT_070026,low,standard,2022-08-17 11:33:20,1,0,0.262
TCKT_070621,high,standard,2023-08-30 20:31:20,0,0,0.233
TCKT_084809,low,gold,2024-07-29 12:22:03,0,1,0.634
TCKT_028160,low,platinum,2024-01-08 03:56:49,1,1,0.863
TCKT_050733,low,gold,2024-12-03 08:33:38,0,1,0.681
TCKT_081311,medium,standard,2023-10-10 13:03:09,0,0,0.233
TCKT_078223,medium,standard,2024-02-10 10:21:11,0,0,0.293
TCKT_095807,urgent,standard,2024-03-26 21:07:00,0,0,0.281
TCKT_047830,low,standard,2024-07-02 09:18:43,0,0,0.223
TCKT_084353,medium,standard,2022-03-04 03:42:24,0,0,0.236
TCKT_045412,high,standard,2024-05-08 06:31:09,0,0,0.257
TCKT_088078,medium,standard,2022-04-24 19:13:36,1,0,0.178
TCKT_033922,low,standard,2024-06-06 10:29:23,0,0,0.232
TCKT_091519,low,standard,2025-09-04 06:36:19,0,0,0.263
TCKT_056796,high,standard,2025-12-05 20:37:40,1,0,0.22
TCKT_056244,medium,gold,2025-12-16 09:22:52,1,1,0.777
TCKT_030232,low,standard,2024-04-29 11:53:32,1,0,0.245
TCKT_026163,low,standard,2024-10-17 22:54:34,1,0,0.262
TCKT_011388,medium,standard,2022-08-05 21:27:07,0,0,0.303
TCKT_011663,high,standard,2024-12-21 02:45:26,0,0,0.319
TCKT_075324,low,standard,2024-10-06 21:43:35,0,0,0.244
TCKT_026220,low,standard,2025-08-20 21:13:09,0,0,0.225
TCKT_029853,high,gold,2024-04-04 09:23:49,0,1,0.75
TCKT_005352,low,standard,2023-05-31 01:57:35,0,0,0.218
TCKT_038245,low,standard,2024-06-17 22:11:30,0,0,0.188
TCKT_052762,urgent,standard,2023-07-12 09:33:11,0,0,0.269
TCKT_081342,low,standard,2023-05-15 15:05:12,0,0,0.229
TCKT_052337,high,standard,2023-09-30 09:02:56,0,0,0.248
TCKT_026661,medium,gold,2025-10-08 08:59:19,0,1,0.781
TCKT_062036,urgent,gold,2025-03-14 10:29:43,0,1,0.678
TCKT_039432,medium,standard,2024-04-07 19:58:28,0,0,0.209
TCKT_052645,low,standard,2023-09-24 21:10:06,0,0,0.23
TCKT_027058,medium,gold,2025-06-03 06:45:20,1,1,0.775
TCKT_047345,medium,standard,2024-04-19 09:39:47,1,0,0.255
TCKT_039104,high,gold,2025-05-24 18:30:15,0,1,0.743
TCKT_051980,low,standard,2023-09-20 21:49:40,0,0,0.215
TCKT_079586,low,standard,2024-02-27 16:52:10,0,0,0.263
TCKT_015474,low,standard,2024-02-01 02:53:45,0,0,0.186
TCKT_094272,low,standard,2024-01-10 07:17:29,1,0,0.224
TCKT_055128,low,standard,2024-03-17 04:34:12,0,0,0.261
TCKT_019772,medium,standard,2022-11-18 14:53:12,0,0,0.265
TCKT_022388,medium,standard,2024-10-31 10:08:52,0,0,0.207
TCKT_096182,medium,standard,2025-12-12 07:08:05,0,0,0.257
TCKT_035062,low,standard,2024-02-21 00:26:49,1,0,0.213
TCKT_000278,low,gold,2023-04-18 17:44:05,0,1,0.619
TCKT_078752,medium,standard,2023-09-05 06:17:23,0,0,0.239
TCKT_041849,low,gold,2023-06-24 10:06:41,0,1,0.617
TCKT_011345,low,gold,2024-02-02 18:08:05,0,1,0.613
TCKT_048963,high,gold,2022-11-16 09:24:40,1,1,0.736
TCKT_053216,high,standard,2023-04-19 01:23:14,0,0,0.21
TCKT_072538,medium,gold,2023-01-07 11:41:41,1,1,0.771
TCKT_090952,medium,standard,2023-02-21 10:27:46,0,0,0.272
TCKT_033550,low,standard,2022-04-17 11:54:43,0,0,0.218
TCKT_066342,low,platinum,2025-09-29 18:50:31,1,1,0.883
TCKT_036600,high,standard,2024-01-24 03:04:55,0,0,0.305
TCKT_005459,low,standard,2025-04-16 19:04:52,0,0,0.244
TCKT_042771,low,standard,2024-07-21 04:55:18,0,0,0.227
TCKT_036527,medium,gold,2022-01-08 17:32:59,0,1,0.744
TCKT_013678,high,standard,2022-05-30 04:04:04,0,0,0.295
TCKT_000530,medium,standard,2023-04-17 04:33:58,0,0,0.226
TCKT_025248,low,gold,2023-11-12 02:31:12,0,1,0.587
TCKT_028412,high,standard,2023-07-03 09:55:55,0,0,0.269
TCKT_022731,low,standard,2025-06-03 17:25:15,0,0,0.234
TCKT_053609,medium,gold,2023-04-16 17:52:27,1,1,0.758
TCKT_024292,medium,gold,2022-12-27 11:01:09,1,1,0.751
TCKT_060774,high,standard,2025-10-31 13:11:35,1,0,0.243
TCKT_038552,low,gold,2025-06-17 03:57:17,0,1,0.612
TCKT_044427,low,standard,2024-02-24 20:56:09,0,0,0.266
TCKT_012525,urgent,standard,2022-12-01 16:13:07,0,0,0.348
TCKT_030276,medium,gold,2024-05-31 14:34:41,0,1,0.743
TCKT_026953,urgent,standard,2023-06-25 01:05:43,0,0,0.247
TCKT_016469,low,gold,2022-10-15 06:31:05,0,1,0.61
TCKT_062547,low,standard,2024-07-04 15:03:20,0,0,0.29
TCKT_090430,low,gold,2024-06-23 16:12:44,1,1,0.626
TCKT_090000,low,standard,2025-11-23 09:06:59,0,0,0.229
TCKT_013124,medium,standard,2023-09-07 03:12:15,1,0,0.239
TCKT_026899,low,standard,2025-10-02 03:49:56,1,0,0.229
TCKT_063017,high,standard,2022-07-30 10:08:18,1,0,0.251
TCKT_038025,low,standard,2025-11-04 13:54:09,0,0,0.219
TCKT_022608,low,gold,2025-11-26 04:53:07,0,1,0.609
TCKT_000006,low,gold,2024-09-24 14:04:53,1,1,0.613
TCKT_004429,low,standard,2025-12-07 09:22:14,0,0,0.245
TCKT_033758,medium,standard,2025-03-20 00:10:26,1,0,0.222
TCKT_079899,medium,standard,2022-08-12 06:45:14,0,0,0.208
TCKT_054714,low,standard,2022-11-06 20:05:48,0,0,0.221
TCKT_038545,medium,standard,2025-07-17 01:55:53,0,0,0.273
TCKT_078368,medium,standard,2025-11-20 19:46:26,0,0,0.291
TCKT_000085,medium,standard,2022-04-20 09:22:17,1,0,0.223
TCKT_057374,low,standard,2022-01-27 05:40:56,1,0,0.198
TCKT_081211,medium,platinum,2025-01-20 09:57:56,1,1,0.859
TCKT_047959,medium,standard,2025-11-02 15:41:38,0,0,0.271
TCKT_057765,low,gold,2023-09-02 13:19:27,0,1,0.638
TCKT_046422,high,standard,2024-11-21 13:49:04,0,0,0.279
TCKT_050362,high,standard,2023-07-29 10:14:06,0,0,0.288
TCKT_035260,high,platinum,2023-09-13 14:01:48,1,1,0.865
TCKT_020566,low,standard,2023-01-07 02:35:56,0,0,0.224
TCKT_013766,medium,gold,2023-01-17 09:53:41,1,1,0.758
TCKT_082557,medium,gold,2025-07-31 18:10:30,0,1,0.763
TCKT_048424,low,standard,2025-11-13 13:55:01,0,0,0.239
TCKT_038441,low,gold,2023-09-02 04:23:44,1,1,0.582
TCKT_046287,low,gold,2022-02-06 05:17:11,1,1,0.628
TCKT_037692,low,standard,2024-02-26 01:56:43,0,0,0.201
TCKT_073936,low,gold,2024-10-06 07:55:47,1,1,0.612
TCKT_035617,high,gold,2024-12-03 15:36:36,1,1,0.731
TCKT_049606,medium,platinum,2023-03-21 00:46:38,1,1,0.859
TCKT_091853,low,platinum,2023-12-18 00:57:09,1,1,0.845
TCKT_090137,high,standard,2022-03-12 23:18:22,0,0,0.251
TCKT_063990,low,gold,2025-09-10 08:17:54,1,1,0.649
TCKT_099578,high,gold,2022-02-07 17:00:21,1,1,0.773
TCKT_013635,medium,standard,2025-09-05 09:36:37,0,0,0.249
TCKT_010881,medium,standard,2023-06-04 14:49:48,1,0,0.301
TCKT_062317,low,gold,2023-12-13 09:17:27,1,1,0.603
TCKT_051009,low,gold,2025-10-14 03:55:01,1,1,0.589
TCKT_040855,medium,gold,2025-08-24 18:11:49,0,1,0.755
TCKT_092253,medium,standard,2022-06-05 16:03:48,0,0,0.205
TCKT_015072,medium,standard,2022-09-20 02:09:03,0,0,0.254
TCKT_084677,low,standard,2023-02-26 17:20:39,0,0,0.253
TCKT_021157,low,standard,2024-10-10 00:44:54,0,0,0.261
TCKT_032346,medium,gold,2024-02-11 15:00:07,0,1,0.763
TCKT_015449,high,standard,2022-06-05 13:22:45,0,0,0.253
TCKT_041346,low,gold,2022-09-25 14:23:06,0,1,0.61
TCKT_016491,low,standard,2024-09-03 17:01:30,0,0,0.234
TCKT_091000,medium,standard,2023-05-22 18:48:45,0,0,0.232
TCKT_008078,low,standard,2023-05-25 11:01:34,0,0,0.207
TCKT_049394,low,gold,2024-12-06 23:43:24,0,1,0.579
TCKT_095855,high,standard,2025-07-24 14:52:39,1,0,0.29
TCKT_046898,low,standard,2023-12-15 04:04:09,0,0,0.197
TCKT_060145,high,standard,2025-06-23 19:11:59,0,0,0.284
TCKT_069251,high,gold,2023-02-14 21:34:23,1,1,0.688
TCKT_064275,low,standard,2022-07-22 07:14:46,0,0,0.227
TCKT_056554,urgent,platinum,2022-01-14 20:26:12,1,1,0.843
TCKT_004722,medium,standard,2025-12-08 05:02:31,1,0,0.242
TCKT_060228,urgent,platinum,2025-11-07 09:54:49,0,1,0.817
TCKT_021975,low,standard,2025-07-01 09:02:49,0,0,0.218
TCKT_034528,high,standard,2022-07-13 22:35:55,0,0,0.261
TCKT_038443,low,standard,2025-05-08 20:17:12,0,0,0.235
TCKT_072555,medium,gold,2024-01-16 17:36:50,1,1,0.753
TCKT_085407,low,standard,2022-07-20 14:44:59,0,0,0.225
TCKT_046690,low,standard,2022-11-12 21:52:50,0,0,0.228
TCKT_011627,high,standard,2025-12-13 18:03:40,0,0,0.262
TCKT_033977,medium,standard,2022-12-20 16:49:59,0,0,0.276
TCKT_034538,low,gold,2023-10-10 05:11:33,0,1,0.635
TCKT_072778,medium,standard,2022-06-28 18:01:38,0,0,0.221
TCKT_007992,low,standard,2024-09-27 12:11:10,1,0,0.271
TCKT_025824,low,platinum,2025-05-28 18:48:31,1,1,0.838
TCKT_095873,medium,standard,2022-10-11 10:52:51,1,0,0.256
TCKT_093741,low,standard,2024-02-17 12:36:39,0,0,0.247
TCKT_039664,medium,standard,2023-03-11 06:33:30,0,0,0.231
TCKT_035548,low,standard,2022-07-06 10:10:18,0,0,0.241
TCKT_030899,medium,standard,2025-01-28 15:42:58,0,0,0.27
TCKT_015346,low,standard,2023-03-31 22:59:46,0,0,0.198
TCKT_014858,low,platinum,2024-07-20 01:58:43,1,1,0.876
TCKT_092446,medium,standard,2023-01-28 00:35:38,1,0,0.244
TCKT_088681,low,standard,2025-10-09 01:07:47,0,0,0.209
TCKT_091909,medium,standard,2024-06-30 12:07:18,0,0,0.235
TCKT_003831,medium,standard,2023-11-03 10:49:16,0,0,0.256
TCKT_010262,medium,standard,2025-09-16 20:41:13,0,0,0.224
TCKT_069285,medium,standard,2023-10-11 22:07:11,0,0,0.281
TCKT_090468,low,standard,2022-12-05 04:21:43,0,0,0.234
TCKT_005254,high,standard,2024-04-26 13:58:26,0,0,0.294
TCKT_041297,high,gold,2022-09-08 07:23:31,1,1,0.739
TCKT_047108,medium,standard,2024-08-13 04:39:29,0,0,0.218
TCKT_015664,low,standard,2023-02-19 09:02:44,1,0,0.234
TCKT_058362,medium,gold,2023-12-09 10:14:07,1,1,0.772
TCKT_070949,high,standard,2024-10-13 00:00:43,0,0,0.299
TCKT_065164,urgent,standard,2025-06-08 12:46:38,1,0,0.193
TCKT_085756,low,standard,2025-05-04 15:41:08,0,0,0.205
TCKT_055646,medium,gold,2025-03-15 04:15:44,1,1,0.755
TCKT_027224,high,gold,2023-04-20 02:33:01,0,1,0.757
TCKT_070326,medium,platinum,2023-03-30 09:49:10,1,1,0.916
TCKT_089751,high,gold,2024-04-22 19:54:33,0,1,0.75
TCKT_021079,urgent,gold,2024-09-27 18:51:14,1,1,0.721
TCKT_052132,medium,gold,2025-09-26 18:04:52,0,1,0.781
TCKT_022300,urgent,standard,2023-01-16 09:36:04,0,0,0.389
TCKT_060682,medium,standard,2025-10-04 04:40:16,0,0,0.268
TCKT_064709,medium,gold,2025-01-02 10:56:57,1,1,0.777
TCKT_087812,medium,standard,2023-06-04 22:38:43,0,0,0.249
TCKT_035145,high,standard,2025-01-22 15:40:16,0,0,0.336
TCKT_010356,low,standard,2023-12-06 19:44:25,0,0,0.216
TCKT_082232,low,standard,2023-10-19 19:12:23,0,0,0.231
TCKT_080170,high,gold,2022-10-03 09:38:34,1,1,0.74
TCKT_040534,high,standard,2025-05-16 12:13:46,0,0,0.268
TCKT_013410,medium,gold,2024-05-29 07:48:10,1,1,0.804
TCKT_091241,medium,gold,2023-12-03 13:09:19,0,1,0.761
TCKT_089374,high,gold,2022-10-09 04:07:04,1,1,0.7
TCKT_014273,medium,standard,2023-10-15 06:21:19,0,0,0.192
TCKT_031216,low,standard,2025-04-12 11:24:05,0,0,0.242
TCKT_020710,medium,standard,2023-04-03 07:53:57,0,0,0.273
TCKT_078434,high,standard,2025-10-17 12:38:52,1,0,0.343
TCKT_043774,high,standard,2025-01-17 17:23:46,0,0,0.264
TCKT_029172,low,standard,2025-11-26 12:56:42,0,0,0.232
TCKT_093038,medium,standard,2024-04-20 15:13:04,0,0,0.235
TCKT_011067,medium,gold,2024-09-06 05:22:30,0,1,0.754
TCKT_011061,high,standard,2025-06-23 01:30:56,0,0,0.248
TCKT_089103,low,standard,2024-01-23 10:48:21,0,0,0.258
TCKT_016439,medium,standard,2022-11-20 16:04:43,0,0,0.227
TCKT_062219,urgent,standard,2022-09-14 19:58:07,0,0,0.249
TCKT_024650,medium,standard,2023-08-10 01:51:59,0,0,0.242
TCKT_034696,medium,gold,2022-10-21 17:48:44,0,1,0.781
TCKT_024195,medium,gold,2023-07-21 01:00:21,1,1,0.751
TCKT_006681,high,standard,2023-04-25 08:04:09,0,0,0.265
TCKT_065484,low,standard,2024-03-06 05:33:30,0,0,0.217
TCKT_045855,low,gold,2025-07-25 01:36:41,0,1,0.673
TCKT_048913,low,platinum,2024-10-05 20:40:17,1,1,0.879
TCKT_076386,low,standard,2025-04-25 09:09:18,0,0,0.255
TCKT_066899,medium,standard,2022-06-02 09:41:10,0,0,0.236
TCKT_086165,medium,gold,2023-09-10 16:02:27,1,1,0.779
TCKT_049945,medium,platinum,2023-02-26 20:41:57,1,1,0.898
TCKT_004588,medium,platinum,2022-10-13 00:43:05,1,1,0.892
TCKT_044548,low,standard,2024-08-15 17:33:23,0,0,0.238
TCKT_002287,low,standard,2022-11-28 08:24:25,0,0,0.218
TCKT_006219,medium,standard,2022-04-11 16:25:48,0,0,0.267
TCKT_060126,medium,standard,2022-10-11 04:11:53,0,0,0.247
TCKT_095693,high,gold,2025-04-15 15:48:02,0,1,0.724
TCKT_006726,medium,standard,2023-03-09 21:59:01,0,0,0.277
TCKT_007004,medium,standard,2025-10-12 11:28:36,0,0,0.239
TCKT_068796,medium,standard,2022-11-20 13:48:08,0,0,0.256
TCKT_023155,medium,gold,2023-07-31 15:51:15,1,1,0.744
TCKT_020427,medium,standard,2022-10-28 01:39:57,0,0,0.232
TCKT_064031,low,standard,2023-07-04 10:21:14,0,0,0.222
TCKT_040960,medium,standard,2024-06-11 22:44:59,0,0,0.219
TCKT_022520,low,standard,2022-11-28 05:04:33,0,0,0.218
TCKT_028305,medium,standard,2025-07-31 06:31:22,0,0,0.222
TCKT_026443,low,standard,2024-10-17 04:21:11,0,0,0.214
TCKT_037049,low,platinum,2025-02-27 12:24:14,1,1,0.856
TCKT_097630,low,standard,2022-04-06 03:31:30,0,0,0.255
TCKT_016504,low,standard,2024-12-15 00:11:39,0,0,0.236
TCKT_024717,medium,gold,2023-07-03 19:06:21,1,1,0.766
TCKT_014350,medium,gold,2023-10-12 09:31:49,0,1,0.76
TCKT_081514,medium,standard,2025-10-30 02:24:49,0,0,0.225
TCKT_037479,low,gold,2025-05-23 22:26:14,1,1,0.565
TCKT_090067,low,platinum,2022-01-07 20:59:20,1,1,0.878
TCKT_012921,low,standard,2024-05-11 05:36:07,0,0,0.24
TCKT_014843,medium,standard,2024-06-20 17:41:13,0,0,0.211
TCKT_021296,high,standard,2023-02-09 22:16:52,0,0,0.261
TCKT_072003,medium,gold,2023-03-09 00:13:10,1,1,0.687
TCKT_092395,high,gold,2024-08-17 22:55:33,1,1,0.717
TCKT_058665,low,gold,2024-09-15 16:01:51,0,1,0.57
TCKT_009215,high,gold,2025-11-10 21:15:51,0,1,0.767
TCKT_077070,low,standard,2024-12-04 15:13:04,0,0,0.225
TCKT_054898,low,standard,2025-01-04 03:15:48,0,0,0.244
TCKT_034434,low,gold,2023-05-13 18:06:44,0,1,0.588
TCKT_079289,low,standard,2023-02-14 02:41:49,1,0,0.208
TCKT_001989,high,standard,2023-07-23 02:14:11,0,0,0.23
TCKT_008913,low,standard,2024-08-23 17:17:39,0,0,0.263
TCKT_098801,low,standard,2022-03-30 12:52:46,0,0,0.246
TCKT_072662,low,gold,2022-06-13 13:44:28,1,1,0.59
TCKT_094490,urgent,gold,2023-08-11 17:41:27,1,1,0.761
TCKT_091382,medium,platinum,2024-09-16 01:36:12,1,1,0.889
TCKT_099096,medium,platinum,2023-05-12 19:18:10,1,1,0.915
TCKT_095234,low,standard,2023-10-19 13:42:05,0,0,0.235
TCKT_018859,medium,platinum,2024-12-22 15:41:09,1,1,0.906
TCKT_073385,low,standard,2024-06-07 21:40:47,1,0,0.2
TCKT_080621,medium,platinum,2022-07-23 17:23:26,1,1,0.875
TCKT_014235,medium,standard,2022-04-02 04:23:59,0,0,0.222
TCKT_080493,high,platinum,2025-04-18 23:15:18,1,1,0.839
TCKT_007371,high,platinum,2024-02-28 23:26:18,1,1,0.75
TCKT_024855,low,gold,2024-10-20 14:09:55,1,1,0.607
TCKT_040543,low,standard,2025-04-23 11:49:52,0,0,0.229
TCKT_060448,low,standard,2024-08-02 12:43:30,1,0,0.221
TCKT_083119,medium,platinum,2025-05-01 13:54:12,1,1,0.898
TCKT_096123,high,standard,2023-09-03 01:17:45,0,0,0.267
TCKT_070754,urgent,standard,2022-03-22 10:34:54,1,0,0.282
TCKT_099875,medium,gold,2024-11-22 17:05:00,0,1,0.781
TCKT_021510,medium,standard,2025-03-15 20:44:36,0,0,0.244
TCKT_005463,high,standard,2023-04-21 12:57:12,0,0,0.26
TCKT_069454,medium,gold,2022-03-26 16:16:48,1,1,0.759
TCKT_090363,urgent,gold,2022-06-13 13:20:15,1,1,0.687
TCKT_045960,medium,standard,2024-06-20 19:10:10,0,0,0.25
TCKT_053656,high,standard,2023-10-22 19:41:37,0,0,0.301
TCKT_077026,medium,standard,2025-07-06 14:36:52,0,0,0.221
TCKT_060265,low,standard,2022-10-02 13:17:02,0,0,0.237
TCKT_000051,medium,gold,2023-03-23 01:14:37,1,1,0.75
TCKT_080128,low,standard,2025-08-09 18:47:49,0,0,0.236
TCKT_021966,high,standard,2022-09-13 01:17:29,0,0,0.264
TCKT_009319,medium,gold,2024-04-10 08:41:39,0,1,0.765
TCKT_089009,high,standard,2024-08-18 22:47:53,0,0,0.297
TCKT_040458,low,standard,2022-01-07 01:19:25,0,0,0.244
TCKT_017841,high,standard,2023-06-27 20:16:49,0,0,0.259
TCKT_074735,low,standard,2023-03-22 07:34:44,0,0,0.22
TCKT_060949,medium,standard,2023-02-02 16:41:51,0,0,0.225
TCKT_003781,low,standard,2025-10-22 06:02:08,0,0,0.248
TCKT_076113,low,standard,2022-03-05 23:11:22,0,0,0.221
TCKT_017912,low,standard,2025-11-30 13:25:08,0,0,0.231
TCKT_057632,high,standard,2022-08-22 09:25:16,1,0,0.289
TCKT_050831,medium,gold,2024-12-04 01:19:03,1,1,0.769
TCKT_089044,medium,standard,2024-03-03 19:41:23,1,0,0.224
TCKT_045710,medium,gold,2023-12-06 12:54:21,1,1,0.778
TCKT_031552,low,standard,2024-06-18 23:57:46,0,0,0.235
TCKT_069080,low,standard,2025-01-21 06:17:39,0,0,0.214
TCKT_030091,low,standard,2024-07-07 01:53:00,0,0,0.213
TCKT_061648,medium,standard,2023-08-15 10:51:09,1,0,0.221
TCKT_018683,low,gold,2024-03-15 22:11:03,1,1,0.612
TCKT_069180,low,standard,2024-04-04 15:24:28,0,0,0.225
TCKT_065912,high,gold,2024-03-23 20:42:07,0,1,0.732
TCKT_009592,medium,standard,2025-01-11 23:17:13,1,0,0.202
TCKT_020031,urgent,platinum,2022-11-21 07:56:00,1,1,0.87
TCKT_003754,low,standard,2024-12-17 12:44:48,0,0,0.229
TCKT_099974,low,gold,2023-07-19 01:04:02,1,1,0.633
TCKT_053210,urgent,standard,2023-07-09 15:35:24,0,0,0.31
TCKT_032981,medium,standard,2023-10-08 03:41:38,0,0,0.248
TCKT_047126,high,standard,2024-04-10 19:18:40,0,0,0.245
TCKT_037388,medium,standard,2022-12-17 14:53:42,0,0,0.254
TCKT_075103,low,standard,2023-08-28 01:16:51,0,0,0.25
TCKT_088811,high,gold,2022-10-06 08:02:17,1,1,0.761
TCKT_077100,medium,gold,2023-04-24 06:16:54,1,1,0.784
TCKT_027663,high,gold,2023-12-20 13:52:29,1,1,0.74
TCKT_094179,medium,standard,2023-10-06 23:02:31,0,0,0.201
TCKT_020686,medium,platinum,2024-10-04 07:01:07,1,1,0.898
TCKT_060307,low,standard,2024-03-13 09:51:45,0,0,0.237
TCKT_049281,high,standard,2025-03-05 01:39:55,0,0,0.311
TCKT_007353,low,standard,2023-04-16 21:27:02,0,0,0.228
TCKT_094875,medium,standard,2025-09-05 07:35:03,0,0,0.276
TCKT_038430,high,gold,2024-09-14 12:43:03,1,1,0.738
TCKT_081787,medium,standard,2024-12-25 15:33:55,1,0,0.233
TCKT_016167,high,standard,2024-02-28 17:11:46,1,0,0.268
TCKT_049785,high,standard,2022-04-14 10:38:16,0,0,0.251
TCKT_019811,high,standard,2022-12-19 08:39:30,0,0,0.302
TCKT_088855,low,gold,2024-10-13 02:23:38,0,1,0.607
TCKT_042864,high,gold,2024-10-21 07:51:30,0,1,0.735
TCKT_035901,medium,standard,2025-02-18 07:57:54,0,0,0.267
TCKT_050123,low,standard,2022-11-10 02:31:28,0,0,0.223
TCKT_027857,medium,standard,2024-07-22 21:50:30,0,0,0.292
TCKT_079026,high,gold,2023-10-31 13:21:44,0,1,0.7
TCKT_043459,high,standard,2024-09-29 04:40:52,1,0,0.278
TCKT_020153,low,standard,2023-03-14 08:09:38,0,0,0.273
TCKT_019538,urgent,standard,2023-08-11 00:21:25,1,0,0.273
TCKT_086261,medium,platinum,2024-05-23 12:31:25,0,1,0.905
TCKT_097811,low,standard,2025-11-04 09:44:34,0,0,0.242
TCKT_044435,medium,standard,2022-12-22 05:51:40,0,0,0.25
TCKT_060353,low,standard,2025-10-29 19:28:17,0,0,0.222
TCKT_075438,high,standard,2025-08-29 19:54:56,0,0,0.272
TCKT_020266,medium,platinum,2022-04-29 12:50:01,0,1,0.9
TCKT_067494,high,standard,2023-04-26 09:27:52,0,0,0.256
TCKT_000486,low,standard,2022-10-01 15:11:40,0,0,0.221
TCKT_033616,low,standard,2023-03-22 01:01:42,0,0,0.218
TCKT_081429,high,standard,2023-05-29 21:39:45,0,0,0.251
TCKT_004860,low,gold,2022-01-28 15:12:26,1,1,0.626
TCKT_065272,medium,gold,2023-08-18 01:32:04,1,1,0.791
TCKT_019078,medium,standard,2024-10-21 22:13:43,0,0,0.285
TCKT_069458,medium,standard,2022-03-19 10:12:04,0,0,0.254
TCKT_035222,medium,gold,2025-12-06 00:50:43,1,1,0.787
TCKT_091714,low,standard,2025-01-10 17:03:34,0,0,0.265
TCKT_076861,low,gold,2024-12-13 06:06:28,0,1,0.641
TCKT_097995,high,standard,2022-12-06 07:21:24,0,0,0.254
TCKT_007054,low,gold,2023-04-04 03:44:18,0,1,0.579
TCKT_080555,low,standard,2023-04-09 18:36:21,0,0,0.255
TCKT_035907,medium,standard,2024-11-06 04:46:09,0,0,0.201
TCKT_040011,urgent,gold,2025-09-01 01:09:02,0,1,0.729
TCKT_025056,low,standard,2023-11-14 16:51:46,0,0,0.184
TCKT_034053,low,platinum,2025-01-20 06:15:50,1,1,0.805
TCKT_035276,high,standard,2022-04-09 18:29:59,0,0,0.29
TCKT_076266,high,standard,2024-02-10 21:41:16,0,0,0.243
TCKT_089772,medium,standard,2022-07-22 06:48:04,0,0,0.231
TCKT_045956,high,standard,2025-02-06 14:06:04,0,0,0.265
TCKT_008356,high,gold,2024-07-17 09:54:40,0,1,0.715
TCKT_090400,low,gold,2023-01-25 14:59:18,0,1,0.616
TCKT_070219,medium,platinum,2025-10-02 05:55:55,1,1,0.911
TCKT_061087,low,gold,2024-01-26 02:08:14,1,1,0.646
TCKT_009681,low,gold,2025-05-01 19:03:59,0,1,0.585
TCKT_065329,high,standard,2024-03-18 12:43:13,0,0,0.271
TCKT_077458,medium,standard,2024-01-20 22:59:31,0,0,0.256
TCKT_045197,medium,standard,2023-01-31 07:53:17,0,0,0.238
TCKT_046437,high,standard,2023-10-13 02:45:20,0,0,0.242
TCKT_041542,medium,platinum,2025-07-20 10:14:04,0,1,0.888
TCKT_003901,medium,standard,2022-02-02 19:27:25,0,0,0.207
TCKT_020157,medium,standard,2025-12-08 08:49:59,0,0,0.244
TCKT_098631,medium,standard,2022-08-10 11:57:47,0,0,0.261
TCKT_099587,medium,standard,2024-12-01 13:33:31,0,0,0.256
TCKT_068246,medium,platinum,2023-02-27 19:03:59,1,1,0.905
TCKT_081436,high,standard,2022-04-16 23:31:55,1,0,0.252
TCKT_046221,urgent,gold,2025-08-30 09:33:55,1,1,0.757
TCKT_013830,low,platinum,2022-08-24 04:09:20,1,1,0.823
TCKT_084140,medium,standard,2025-05-13 19:36:33,1,0,0.213
TCKT_076779,medium,standard,2024-01-12 11:20:54,1,0,0.262
TCKT_045084,urgent,standard,2024-11-02 15:00:48,0,0,0.222
TCKT_095326,high,standard,2022-03-14 02:17:03,0,0,0.246
TCKT_030664,low,standard,2023-07-25 03:19:59,0,0,0.245
TCKT_051147,medium,standard,2022-02-26 10:22:40,0,0,0.251
TCKT_098186,high,platinum,2023-12-25 06:47:55,1,1,0.866
TCKT_076429,low,standard,2025-10-02 18:44:19,0,0,0.249
TCKT_071585,low,standard,2024-09-04 02:20:29,0,0,0.238
TCKT_099839,high,gold,2023-07-16 08:16:39,1,1,0.709
TCKT_084117,low,standard,2024-02-24 09:37:20,1,0,0.254
TCKT_021003,low,gold,2022-06-12 05:20:14,1,1,0.594
TCKT_097381,medium,gold,2024-05-31 15:21:45,1,1,0.74
TCKT_092364,medium,standard,2025-10-07 17:47:55,0,0,0.214
TCKT_089260,high,standard,2023-06-05 15:09:23,0,0,0.293
TCKT_048092,low,standard,2024-06-02 18:06:49,1,0,0.251
TCKT_017670,high,standard,2023-03-21 00:54:54,0,0,0.283
TCKT_027841,low,platinum,2025-02-17 12:33:19,1,1,0.83
TCKT_031803,low,platinum,2025-03-29 12:14:28,1,1,0.873
TCKT_044025,high,standard,2025-11-21 08:26:54,0,0,0.317
TCKT_015980,medium,standard,2024-10-01 15:34:01,0,0,0.234
TCKT_079753,low,platinum,2024-04-12 18:15:02,1,1,0.849
TCKT_082628,low,standard,2022-10-17 00:40:16,0,0,0.252
TCKT_092029,low,platinum,2024-02-20 00:40:36,1,1,0.821
TCKT_027109,medium,standard,2023-05-16 01:41:04,0,0,0.239
TCKT_068171,low,gold,2023-12-08 22:20:54,1,1,0.54
TCKT_094234,low,gold,2023-12-07 02:25:15,0,1,0.57
TCKT_001901,urgent,standard,2023-10-14 03:29:28,0,0,0.276
TCKT_021555,medium,standard,2025-10-22 02:09:13,0,0,0.217
TCKT_040343,high,gold,2025-06-13 17:55:12,1,1,0.75
TCKT_092393,urgent,standard,2022-11-07 06:40:07,0,0,0.253
TCKT_041265,low,platinum,2025-04-04 17:10:24,0,1,0.878
TCKT_040199,low,platinum,2024-11-06 09:07:46,1,1,0.854
TCKT_066866,urgent,standard,2024-11-02 23:55:56,0,0,0.359
TCKT_044856,urgent,standard,2022-12-18 14:42:23,0,0,0.295
TCKT_046931,medium,gold,2023-11-19 16:59:02,0,1,0.772
TCKT_054037,high,gold,2024-01-04 21:13:37,0,1,0.714
TCKT_041412,low,standard,2023-09-15 07:24:14,0,0,0.216
TCKT_083596,urgent,standard,2025-02-12 08:36:40,0,0,0.296
TCKT_090327,low,platinum,2023-04-14 13:52:02,1,1,0.886
TCKT_095187,medium,standard,2023-07-12 23:19:00,0,0,0.238
TCKT_020885,high,platinum,2024-11-04 16:36:28,1,1,0.874
TCKT_094348,low,standard,2023-08-11 00:29:02,0,0,0.216
TCKT_034867,low,gold,2024-04-14 16:54:18,0,1,0.619
TCKT_096316,low,standard,2022-01-22 00:41:36,0,0,0.212
TCKT_010481,medium,standard,2023-09-25 16:32:21,0,0,0.288
TCKT_069035,high,gold,2024-07-14 17:54:20,0,1,0.699
TCKT_019274,low,gold,2024-12-06 10:02:47,0,1,0.658
TCKT_095028,medium,gold,2024-07-15 09:10:46,1,1,0.785
TCKT_020485,low,standard,2025-06-10 10:26:13,1,0,0.227
TCKT_093272,high,gold,2025-01-06 10:18:47,0,1,0.729
TCKT_049009,medium,standard,2025-05-19 04:36:50,0,0,0.234
TCKT_042578,low,platinum,2024-10-24 12:04:40,1,1,0.888
TCKT_026633,low,standard,2025-05-05 16:48:24,0,0,0.203
TCKT_021179,low,standard,2025-05-05 01:08:11,0,0,0.176
TCKT_000175,low,standard,2022-06-22 19:31:55,1,0,0.215
TCKT_072014,urgent,standard,2024-08-09 04:31:26,1,0,0.261
TCKT_099024,low,gold,2024-12-28 12:37:08,0,1,0.61
TCKT_069077,low,gold,2022-05-10 15:07:42,1,1,0.62
TCKT_007241,medium,standard,2023-01-24 23:00:48,0,0,0.231
TCKT_072192,low,standard,2024-03-06 23:14:28,0,0,0.219
TCKT_056288,low,standard,2025-01-09 09:54:06,0,0,0.233
TCKT_095920,medium,gold,2022-12-07 18:03:27,1,1,0.785
TCKT_062485,medium,standard,2022-06-16 05:03:27,1,0,0.221
TCKT_063895,medium,standard,2023-11-28 22:52:43,0,0,0.333
TCKT_044131,low,standard,2024-07-25 12:29:21,0,0,0.217
TCKT_063725,medium,standard,2023-04-05 18:17:54,1,0,0.198
TCKT_080822,medium,standard,2023-04-05 23:48:07,0,0,0.248
TCKT_024025,urgent,platinum,2023-05-26 07:47:16,0,1,0.859
TCKT_017301,high,standard,2023-12-14 11:05:47,0,0,0.209
TCKT_054157,high,standard,2023-01-27 10:42:46,0,0,0.253
TCKT_035055,low,platinum,2024-02-12 18:02:55,1,1,0.884
TCKT_051232,low,gold,2025-02-26 21:10:21,0,1,0.536
TCKT_014187,low,standard,2024-10-19 23:11:24,0,0,0.236
TCKT_089714,low,standard,2022-07-15 09:55:46,0,0,0.265
TCKT_028858,medium,standard,2022-12-08 02:11:19,0,0,0.216
TCKT_069445,low,standard,2025-09-12 12:49:31,0,0,0.203
TCKT_046015,medium,gold,2024-10-02 22:07:30,1,1,0.68
TCKT_049716,medium,standard,2022-12-06 12:50:53,0,0,0.246
TCKT_083643,high,standard,2023-01-23 22:07:32,0,0,0.292
TCKT_018754,medium,standard,2023-03-04 15:22:44,0,0,0.235
TCKT_089958,low,standard,2024-11-24 14:28:44,0,0,0.223
TCKT_080377,medium,standard,2024-02-06 13:53:08,0,0,0.255
TCKT_058217,high,standard,2024-12-25 05:25:18,0,0,0.264
TCKT_047836,low,standard,2024-06-25 02:13:09,0,0,0.198
TCKT_088336,medium,gold,2024-10-04 16:52:18,1,1,0.804
TCKT_061294,medium,standard,2022-08-14 08:01:04,0,0,0.257
TCKT_098850,medium,platinum,2023-08-22 20:37:12,1,1,0.9
TCKT_093293,low,standard,2023-07-26 00:51:07,1,0,0.206
TCKT_075503,medium,platinum,2025-10-17 23:35:36,1,1,0.779
TCKT_061962,medium,standard,2024-08-24 02:45:46,0,0,0.235
TCKT_084977,low,standard,2022-03-31 16:06:21,0,0,0.258
TCKT_098167,low,gold,2025-11-04 17:49:42,0,1,0.637
TCKT_067957,medium,standard,2025-07-16 05:16:33,0,0,0.273
TCKT_009620,medium,standard,2025-09-10 02:11:00,0,0,0.218
TCKT_019673,urgent,standard,2025-04-12 23:39:30,0,0,0.346
TCKT_071539,medium,standard,2025-05-17 08:11:14,0,0,0.279
TCKT_043108,low,gold,2023-02-24 13:10:20,1,1,0.645
TCKT_067350,low,gold,2022-09-03 19:53:54,0,1,0.602
TCKT_018031,low,gold,2022-04-24 17:16:51,1,1,0.666
TCKT_035798,low,gold,2022-09-22 05:07:33,0,1,0.631
TCKT_067371,medium,gold,2023-02-14 04:40:52,1,1,0.75
TCKT_028948,high,standard,2025-10-05 23:23:53,0,0,0.262
TCKT_095480,high,standard,2024-07-05 19:33:43,0,0,0.274
TCKT_020026,medium,standard,2025-01-30 04:51:35,0,0,0.223
TCKT_054704,medium,standard,2024-09-22 12:18:25,0,0,0.263
TCKT_023455,high,standard,2024-10-08 05:45:33,0,0,0.274
TCKT_012889,high,standard,2022-06-09 18:55:55,0,0,0.263
TCKT_080794,high,standard,2024-05-27 08:28:04,0,0,0.248
TCKT_054588,low,gold,2024-11-17 13:04:33,0,1,0.623
TCKT_030514,high,gold,2024-05-06 21:01:50,1,1,0.73
TCKT_095469,high,gold,2022-07-29 12:33:25,1,1,0.712
TCKT_072193,medium,standard,2022-07-26 03:49:00,0,0,0.222
TCKT_063952,high,standard,2023-10-02 09:34:11,1,0,0.292
TCKT_057650,high,gold,2024-05-01 00:36:21,1,1,0.682
TCKT_097618,low,standard,2023-12-04 18:03:13,1,0,0.24
TCKT_065353,low,gold,2025-05-11 02:54:44,0,1,0.601
TCKT_059623,high,gold,2023-03-15 20:34:59,0,1,0.731
TCKT_054345,medium,standard,2025-07-11 07:43:00,0,0,0.256
TCKT_080824,low,gold,2023-03-18 08:52:04,0,1,0.669
TCKT_084910,medium,standard,2024-06-27 23:37:17,0,0,0.234
TCKT_048415,medium,standard,2022-05-10 16:29:30,0,0,0.251
TCKT_034556,high,standard,2022-09-28 03:09:24,0,0,0.287
TCKT_034915,low,platinum,2022-09-19 18:14:00,1,1,0.851
TCKT_030290,low,standard,2025-02-06 20:20:44,0,0,0.261
TCKT_036835,high,gold,2022-07-21 19:02:17,0,1,0.668
TCKT_098823,low,gold,2023-04-09 12:53:15,0,1,0.64
TCKT_072517,medium,standard,2023-06-11 17:19:52,0,0,0.265
TCKT_094676,high,standard,2025-11-19 23:27:20,1,0,0.291
TCKT_074577,low,standard,2025-08-23 10:23:18,0,0,0.224
TCKT_030022,medium,standard,2022-09-23 19:05:22,0,0,0.251
TCKT_064182,low,standard,2025-09-26 23:12:27,0,0,0.217
TCKT_058462,low,platinum,2025-05-20 03:33:08,1,1,0.864
TCKT_051501,low,standard,2024-11-05 10:54:07,0,0,0.215
TCKT_091034,low,platinum,2023-08-11 21:51:11,1,1,0.847
TCKT_051979,urgent,standard,2022-03-09 08:12:35,0,0,0.321
TCKT_003910,medium,standard,2023-11-11 18:29:15,1,0,0.246
TCKT_040474,medium,standard,2024-09-29 03:20:57,1,0,0.213
TCKT_047021,medium,platinum,2024-06-25 06:05:15,1,1,0.911
TCKT_004018,urgent,standard,2023-01-22 18:16:22,0,0,0.363
TCKT_089633,urgent,gold,2023-12-07 14:31:54,1,1,0.732
TCKT_013747,high,gold,2025-06-30 01:21:19,1,1,0.766
TCKT_090699,low,standard,2022-02-08 02:56:17,0,0,0.252
TCKT_048046,urgent,standard,2022-07-21 05:32:49,0,0,0.348
TCKT_085107,medium,gold,2022-05-30 19:30:47,1,1,0.751
TCKT_086098,medium,gold,2022-09-05 10:25:48,1,1,0.75
TCKT_026905,low,standard,2025-10-25 08:28:14,0,0,0.216
TCKT_046262,medium,platinum,2023-10-10 11:07:40,1,1,0.895
TCKT_062407,medium,standard,2022-04-23 07:43:47,1,0,0.239
TCKT_013103,low,standard,2024-12-12 05:56:09,0,0,0.261
TCKT_098577,medium,gold,2023-11-03 05:40:51,1,1,0.76
TCKT_037828,medium,standard,2024-01-11 17:05:25,0,0,0.222
TCKT_041967,medium,standard,2025-03-30 21:19:04,0,0,0.245
TCKT_091216,medium,gold,2022-11-10 00:56:26,1,1,0.718
TCKT_097056,high,gold,2024-08-14 10:29:43,0,1,0.771
TCKT_084271,low,gold,2024-01-13 19:43:25,0,1,0.618
TCKT_007208,medium,standard,2024-07-20 00:02:32,1,0,0.235
TCKT_002617,low,standard,2023-10-30 08:57:13,0,0,0.235
TCKT_074018,low,standard,2025-02-04 20:18:16,0,0,0.226
TCKT_099124,low,gold,2025-01-31 20:13:19,1,1,0.564
TCKT_063974,high,standard,2023-04-08 08:25:12,0,0,0.286
TCKT_018939,medium,standard,2024-07-25 16:09:50,1,0,0.264
TCKT_066624,low,standard,2022-06-10 09:37:43,0,0,0.221
TCKT_007519,high,standard,2024-02-13 22:08:44,0,0,0.283
TCKT_009167,low,standard,2023-09-25 08:09:07,0,0,0.205
TCKT_068867,urgent,standard,2022-07-13 21:30:57,1,0,0.235
TCKT_037248,urgent,standard,2023-08-12 13:14:53,0,0,0.232
TCKT_020189,medium,standard,2024-03-18 12:35:33,0,0,0.258
TCKT_060942,low,standard,2025-06-07 22:05:42,0,0,0.239
TCKT_020751,high,standard,2022-12-18 11:51:32,0,0,0.27
TCKT_021319,low,platinum,2025-08-12 11:43:35,1,1,0.853
TCKT_082709,urgent,standard,2024-05-11 04:50:35,0,0,0.312
TCKT_065101,high,standard,2024-11-06 19:21:22,0,0,0.294
TCKT_079612,medium,standard,2023-09-09 14:02:33,0,0,0.231
TCKT_042041,medium,gold,2024-02-05 04:42:54,1,1,0.784
TCKT_026059,low,gold,2023-08-24 04:41:47,0,1,0.618
TCKT_048469,low,standard,2025-04-13 19:10:07,0,0,0.23
TCKT_037100,low,standard,2023-09-28 11:50:12,0,0,0.258
TCKT_036951,low,standard,2025-03-24 06:50:33,0,0,0.241
TCKT_071333,low,gold,2023-06-27 09:20:47,0,1,0.619
TCKT_013728,medium,gold,2024-07-05 03:25:28,0,1,0.794
TCKT_067591,low,standard,2025-12-26 23:16:59,0,0,0.226
TCKT_034239,low,standard,2024-08-02 19:49:36,0,0,0.182
TCKT_072329,low,gold,2023-07-06 17:43:25,1,1,0.643
TCKT_047631,high,gold,2024-04-07 18:24:13,1,1,0.713
TCKT_071729,medium,standard,2025-02-04 02:03:25,1,0,0.234
TCKT_085400,low,gold,2022-04-15 03:42:49,0,1,0.688
TCKT_003970,urgent,platinum,2023-09-03 12:13:59,1,1,0.826
TCKT_080686,low,gold,2022-12-10 06:18:09,1,1,0.638
TCKT_090812,medium,standard,2023-07-01 10:14:29,0,0,0.247
TCKT_061638,urgent,gold,2024-09-10 09:25:35,0,1,0.709
TCKT_052876,medium,gold,2024-12-22 15:13:27,1,1,0.76
TCKT_071885,medium,standard,2022-04-04 10:13:19,0,0,0.242
TCKT_072502,low,standard,2023-06-21 06:47:26,0,0,0.182
TCKT_043341,medium,standard,2024-02-09 14:35:31,0,0,0.234
TCKT_037484,high,standard,2025-10-10 13:29:43,0,0,0.267
TCKT_020118,low,standard,2022-05-30 22:02:14,0,0,0.207
TCKT_008779,low,standard,2023-10-15 12:27:11,0,0,0.246
TCKT_048238,medium,standard,2024-02-03 06:02:34,0,0,0.243
TCKT_037745,medium,standard,2023-06-21 02:15:28,0,0,0.187
TCKT_067581,medium,gold,2024-04-26 11:03:18,1,1,0.789
TCKT_050415,medium,standard,2023-02-16 16:01:34,0,0,0.216
TCKT_000234,medium,gold,2024-09-22 13:38:18,1,1,0.751
TCKT_061465,low,standard,2023-04-13 17:13:54,0,0,0.224
TCKT_069382,medium,standard,2024-05-18 08:10:54,0,0,0.22
TCKT_067319,medium,gold,2023-08-17 05:50:30,1,1,0.77
TCKT_094880,medium,gold,2022-09-23 12:23:09,0,1,0.723
TCKT_076440,high,standard,2025-10-19 16:13:50,0,0,0.296
TCKT_045479,high,standard,2023-08-20 04:25:28,0,0,0.275
TCKT_047909,low,gold,2023-03-02 20:24:42,0,1,0.579
TCKT_029455,low,gold,2023-11-08 13:14:44,0,1,0.607
TCKT_065562,low,standard,2022-04-21 02:45:52,1,0,0.198
TCKT_013970,high,standard,2025-08-03 18:06:41,0,0,0.264
TCKT_099944,low,gold,2025-05-04 01:11:18,1,1,0.631
TCKT_000160,low,standard,2022-02-03 10:01:36,0,0,0.24
TCKT_096153,low,standard,2024-12-21 21:02:58,0,0,0.259
TCKT_047189,medium,gold,2024-11-05 14:10:01,1,1,0.783
TCKT_084419,medium,standard,2022-03-03 19:18:25,1,0,0.239
TCKT_072790,high,standard,2023-11-28 03:12:09,0,0,0.245
TCKT_013663,high,gold,2025-12-24 18:35:08,0,1,0.738
TCKT_068312,high,standard,2024-07-27 21:41:07,0,0,0.254
TCKT_059749,urgent,gold,2022-08-16 20:59:34,1,1,0.727
TCKT_080035,medium,gold,2024-12-18 11:56:21,1,1,0.778
TCKT_045422,medium,standard,2025-04-05 19:55:55,0,0,0.219
TCKT_046751,urgent,standard,2022-11-18 17:14:28,1,0,0.261
TCKT_060920,low,standard,2023-10-16 00:46:14,0,0,0.227
TCKT_085940,medium,gold,2025-09-22 20:37:38,1,1,0.745
TCKT_039000,medium,gold,2023-06-25 04:51:50,1,1,0.746
TCKT_018155,medium,gold,2022-08-01 03:00:53,1,1,0.785
TCKT_035404,medium,standard,2022-11-27 22:37:58,0,0,0.198
TCKT_081912,medium,standard,2022-04-02 21:52:08,0,0,0.235
TCKT_064080,low,standard,2022-08-22 10:13:52,0,0,0.202
TCKT_093020,low,gold,2025-01-02 18:52:21,0,1,0.603
TCKT_010965,high,standard,2025-09-17 17:25:13,0,0,0.27
TCKT_087351,low,standard,2024-11-14 19:52:56,1,0,0.238
TCKT_006344,high,standard,2022-05-16 00:10:19,0,0,0.294
TCKT_025581,low,standard,2023-06-25 17:03:16,1,0,0.226
TCKT_033489,high,platinum,2023-09-28 20:32:16,1,1,0.884
TCKT_042116,medium,standard,2022-07-05 12:35:17,1,0,0.243
TCKT_024405,low,standard,2022-12-12 12:33:21,0,0,0.226
TCKT_042682,high,standard,2025-02-03 20:59:35,1,0,0.272
TCKT_058315,low,gold,2024-07-10 04:03:15,0,1,0.627
TCKT_083243,low,standard,2023-08-26 04:56:35,0,0,0.218
TCKT_058962,medium,standard,2023-09-19 05:41:40,0,0,0.187
TCKT_018779,low,platinum,2025-05-01 00:21:04,0,1,0.881
TCKT_007835,medium,gold,2022-02-14 18:01:28,1,1,0.758
TCKT_097651,high,standard,2022-07-07 01:56:27,0,0,0.26
TCKT_030541,medium,standard,2025-09-05 07:51:23,0,0,0.237
TCKT_019058,medium,standard,2024-08-25 18:50:19,0,0,0.208
TCKT_003793,medium,standard,2025-11-01 02:54:25,0,0,0.258
TCKT_065521,low,standard,2022-07-23 03:31:49,0,0,0.23
TCKT_048329,medium,standard,2025-02-14 10:55:17,0,0,0.284
TCKT_088044,low,standard,2025-03-24 01:29:56,0,0,0.215
TCKT_010449,low,standard,2025-12-09 02:46:52,0,0,0.21
TCKT_044059,low,platinum,2024-03-05 12:18:35,1,1,0.868
TCKT_023126,medium,standard,2024-04-27 04:48:47,0,0,0.278
TCKT_057951,high,gold,2022-12-03 00:20:55,0,1,0.743
TCKT_084430,medium,standard,2022-05-07 04:21:27,0,0,0.227
TCKT_091306,medium,standard,2025-10-19 08:12:43,1,0,0.219
TCKT_009642,medium,standard,2024-06-26 23:44:56,0,0,0.232
TCKT_059709,medium,gold,2025-08-14 00:33:57,0,1,0.739
TCKT_042456,low,standard,2025-04-23 12:16:12,0,0,0.214
TCKT_001205,medium,standard,2022-11-01 21:45:26,0,0,0.187
TCKT_011297,low,gold,2023-02-03 16:23:10,1,1,0.601
TCKT_047777,high,standard,2022-01-04 11:33:12,1,0,0.298
TCKT_098210,medium,standard,2025-08-01 02:54:51,0,0,0.228
TCKT_057261,urgent,standard,2023-05-27 19:22:30,0,0,0.292
TCKT_048144,low,standard,2024-06-27 07:51:02,0,0,0.227
TCKT_073027,low,standard,2023-08-21 22:52:01,0,0,0.21
TCKT_037839,low,standard,2023-01-18 16:09:46,0,0,0.232
TCKT_072069,medium,standard,2023-10-10 03:53:29,0,0,0.262
TCKT_050725,low,standard,2025-06-10 07:41:34,1,0,0.245
TCKT_075741,low,standard,2023-08-20 00:30:50,0,0,0.234
TCKT_001898,high,standard,2025-01-23 06:28:31,0,0,0.253
TCKT_066274,low,gold,2024-10-26 14:49:29,1,1,0.654
TCKT_037151,low,standard,2024-10-10 13:20:09,0,0,0.217
TCKT_036343,low,gold,2024-09-22 01:08:11,1,1,0.59
TCKT_035566,high,gold,2022-03-19 18:58:06,1,1,0.723
TCKT_093413,medium,gold,2024-03-10 00:40:34,0,1,0.738
TCKT_096225,urgent,gold,2025-01-14 18:25:26,1,1,0.704
TCKT_090857,low,platinum,2023-02-03 00:23:53,0,1,0.858
TCKT_072825,low,standard,2022-07-05 07:38:18,0,0,0.207
TCKT_058113,low,gold,2023-03-28 06:12:47,1,1,0.622
TCKT_051769,low,standard,2024-03-18 05:09:12,1,0,0.23
TCKT_053661,low,standard,2023-02-13 18:04:00,0,0,0.213
TCKT_072801,medium,standard,2024-05-24 13:38:27,1,0,0.221
TCKT_006387,medium,standard,2023-10-30 02:15:06,0,0,0.236
TCKT_039471,medium,gold,2023-02-02 12:20:52,1,1,0.774
TCKT_012860,medium,standard,2023-11-21 18:51:26,0,0,0.214
TCKT_026166,low,standard,2023-10-27 04:42:57,1,0,0.257
TCKT_048739,medium,gold,2023-05-12 03:10:41,1,1,0.808
TCKT_082219,urgent,standard,2024-07-17 10:51:18,0,0,0.256
TCKT_086755,low,platinum,2023-06-05 19:34:45,0,1,0.879
TCKT_030742,urgent,standard,2022-01-30 22:21:53,0,0,0.313
TCKT_012403,low,standard,2023-09-19 15:35:11,0,0,0.239
TCKT_069010,urgent,standard,2022-05-29 09:46:57,0,0,0.294
TCKT_029291,medium,standard,2023-09-12 00:52:14,0,0,0.246
TCKT_004931,urgent,standard,2024-01-08 21:55:30,0,0,0.338
TCKT_079081,low,gold,2022-04-03 16:01:30,0,1,0.614
TCKT_068451,low,standard,2025-08-27 13:40:27,0,0,0.259
TCKT_072759,low,gold,2022-03-24 03:00:24,1,1,0.626
TCKT_097942,medium,gold,2025-07-11 07:44:38,1,1,0.791
TCKT_001582,medium,standard,2025-02-22 06:58:50,0,0,0.235
TCKT_094892,medium,platinum,2024-03-25 11:29:02,1,1,0.902
TCKT_067587,medium,gold,2023-03-09 10:31:59,1,1,0.777
TCKT_096462,medium,gold,2023-02-02 01:19:18,0,1,0.765
TCKT_071664,high,gold,2022-11-09 21:13:57,1,1,0.665
TCKT_032178,low,standard,2025-09-24 16:12:30,0,0,0.264
TCKT_075053,medium,gold,2024-03-03 10:14:59,1,1,0.716
TCKT_098587,medium,gold,2022-12-20 01:44:53,1,1,0.757
TCKT_048725,low,gold,2024-08-16 17:23:33,1,1,0.623
TCKT_044221,low,gold,2024-10-29 21:17:59,1,1,0.678
TCKT_016848,medium,standard,2023-09-06 03:29:36,0,0,0.275
TCKT_044511,medium,standard,2022-04-14 19:33:23,0,0,0.263
TCKT_017838,high,standard,2022-08-06 17:04:21,0,0,0.275
TCKT_094257,low,standard,2023-10-21 06:32:55,0,0,0.199
TCKT_007235,low,standard,2023-12-14 14:59:45,0,0,0.218
TCKT_075961,medium,gold,2023-01-02 09:57:15,0,1,0.753
TCKT_030103,medium,standard,2025-10-23 09:49:03,0,0,0.252
TCKT_023162,low,standard,2023-11-29 02:17:09,0,0,0.222
TCKT_026856,medium,standard,2025-06-14 06:11:21,1,0,0.226
TCKT_084439,low,gold,2025-06-17 01:57:05,0,1,0.589
TCKT_022436,high,standard,2023-02-01 09:20:07,1,0,0.309
TCKT_013589,low,gold,2024-09-05 12:50:02,0,1,0.653
TCKT_086463,medium,standard,2024-09-30 12:51:21,0,0,0.228
TCKT_078283,high,gold,2023-12-17 07:56:05,0,1,0.701
TCKT_071225,low,gold,2025-06-03 07:21:23,1,1,0.62
TCKT_034201,low,gold,2022-09-02 23:34:07,0,1,0.589
TCKT_070814,medium,standard,2022-06-15 04:53:08,0,0,0.217
TCKT_017017,low,standard,2025-10-21 06:28:56,0,0,0.228
TCKT_093223,medium,standard,2023-03-02 21:01:14,1,0,0.24
TCKT_076268,low,standard,2025-12-23 01:33:42,0,0,0.241
TCKT_066716,urgent,platinum,2025-02-23 04:28:19,1,1,0.861
TCKT_098944,medium,standard,2024-01-26 18:12:39,0,0,0.228
TCKT_000988,low,standard,2025-10-13 22:27:46,0,0,0.185
TCKT_060525,low,gold,2022-05-10 22:59:41,0,1,0.581
TCKT_096583,medium,standard,2023-05-02 22:31:54,0,0,0.243
TCKT_084008,low,standard,2025-10-28 06:15:46,0,0,0.238
TCKT_016002,high,standard,2024-07-13 04:21:05,0,0,0.291
TCKT_002750,medium,standard,2023-06-13 22:09:00,0,0,0.251
TCKT_083037,medium,platinum,2024-06-17 16:32:05,1,1,0.918
TCKT_006685,low,gold,2023-02-07 06:55:05,0,1,0.591
TCKT_023415,high,gold,2025-08-07 00:03:27,1,1,0.681
TCKT_040931,high,standard,2025-02-15 12:18:58,1,0,0.235
TCKT_041653,medium,standard,2024-05-31 13:58:25,0,0,0.275
TCKT_015173,low,gold,2025-05-18 14:16:52,1,1,0.613
TCKT_015064,low,standard,2025-11-23 06:55:51,0,0,0.236
TCKT_069597,medium,standard,2022-06-07 17:49:33,0,0,0.26
TCKT_013955,medium,standard,2024-03-31 09:11:52,0,0,0.227
TCKT_026221,medium,standard,2023-06-04 16:14:41,0,0,0.238
TCKT_077853,medium,gold,2024-12-27 17:36:19,1,1,0.72
TCKT_043518,urgent,standard,2024-03-24 15:08:36,0,0,0.317
TCKT_096738,high,standard,2023-11-18 09:33:41,0,0,0.301
TCKT_084692,medium,gold,2025-01-02 00:31:21,1,1,0.763
TCKT_056911,low,standard,2023-12-24 06:02:39,0,0,0.23
TCKT_089978,low,gold,2025-09-25 20:41:49,0,1,0.595
TCKT_001257,low,standard,2022-04-24 22:28:10,0,0,0.231
TCKT_015770,medium,standard,2023-10-19 03:26:55,0,0,0.211
TCKT_053757,medium,platinum,2024-09-13 14:29:46,1,1,0.894
TCKT_068507,high,standard,2025-03-23 10:18:08,0,0,0.287
TCKT_099280,low,standard,2023-02-24 21:37:32,0,0,0.243
TCKT_021220,low,gold,2023-08-15 16:17:58,1,1,0.596
TCKT_063975,high,platinum,2024-08-14 20:15:08,0,1,0.868
TCKT_050694,low,platinum,2022-06-16 23:08:39,1,1,0.822
TCKT_024581,low,standard,2022-10-22 22:36:29,0,0,0.198
TCKT_036044,medium,standard,2023-07-18 00:41:25,0,0,0.262
TCKT_074630,high,standard,2022-04-03 15:50:27,1,0,0.248
TCKT_057112,high,platinum,2023-07-28 07:25:24,0,1,0.872
TCKT_028007,medium,standard,2024-04-01 23:27:25,0,0,0.298
TCKT_019612,low,standard,2024-10-30 02:53:55,0,0,0.2
TCKT_072185,medium,platinum,2022-08-16 18:18:19,1,1,0.876
TCKT_001170,high,gold,2022-07-09 13:10:53,1,1,0.725
TCKT_026165,low,standard,2023-12-10 14:28:19,0,0,0.208
TCKT_097785,high,standard,2022-03-12 00:57:00,0,0,0.302
TCKT_085385,high,standard,2022-06-30 06:46:24,0,0,0.282
TCKT_037596,low,standard,2022-07-02 18:20:59,0,0,0.231
TCKT_048833,urgent,standard,2025-08-19 19:58:17,0,0,0.317
TCKT_009956,high,standard,2023-02-13 19:27:40,0,0,0.277
TCKT_017622,medium,standard,2024-01-18 18:22:13,0,0,0.241
TCKT_030804,low,standard,2023-07-06 23:30:42,0,0,0.243
TCKT_004731,low,platinum,2022-07-13 13:44:00,1,1,0.872
TCKT_075027,low,standard,2023-05-10 18:58:03,0,0,0.195
TCKT_059122,medium,standard,2023-12-21 01:28:21,0,0,0.258
TCKT_033524,medium,gold,2022-01-27 07:10:44,1,1,0.741
TCKT_084375,medium,gold,2023-10-22 14:54:56,1,1,0.763
TCKT_079544,high,gold,2023-03-26 18:25:08,0,1,0.701
TCKT_030513,low,gold,2024-04-20 21:19:10,0,1,0.616
TCKT_081560,low,standard,2025-08-11 02:44:19,0,0,0.224
TCKT_069241,medium,standard,2022-03-29 12:11:39,0,0,0.261
TCKT_001098,medium,gold,2022-02-17 17:12:38,0,1,0.757
TCKT_080727,low,gold,2023-08-30 23:18:30,0,1,0.611
TCKT_047376,low,standard,2024-02-01 05:05:56,0,0,0.201
TCKT_070354,high,standard,2025-05-25 01:47:39,0,0,0.269
TCKT_079604,low,standard,2024-10-10 22:36:02,1,0,0.236
TCKT_004609,medium,standard,2025-02-24 22:55:51,0,0,0.241
TCKT_037977,medium,platinum,2025-05-24 06:34:46,1,1,0.89
TCKT_061482,low,gold,2025-03-26 22:29:28,1,1,0.581
TCKT_060532,low,gold,2023-03-23 19:29:14,1,1,0.6
TCKT_076227,low,standard,2024-03-14 13:57:12,0,0,0.231
TCKT_067845,medium,platinum,2025-07-27 05:54:06,1,1,0.901
TCKT_063081,medium,gold,2025-08-12 17:21:38,0,1,0.766
TCKT_093290,high,standard,2025-02-08 01:03:58,0,0,0.338
TCKT_004628,low,standard,2022-02-15 21:22:45,0,0,0.248
TCKT_012954,high,standard,2022-09-14 08:16:57,0,0,0.264
TCKT_013840,low,standard,2025-07-10 00:49:12,0,0,0.308
TCKT_095595,medium,standard,2023-02-26 14:42:05,0,0,0.253
TCKT_001999,low,gold,2022-10-14 16:58:26,1,1,0.625
TCKT_074989,medium,gold,2025-03-17 10:00:29,1,1,0.765
TCKT_031272,urgent,standard,2023-12-21 07:53:07,0,0,0.348
TCKT_020395,high,standard,2024-03-15 09:31:32,0,0,0.276
TCKT_050505,high,standard,2022-10-13 19:37:17,0,0,0.274
TCKT_000962,medium,standard,2022-04-24 02:01:28,0,0,0.219
TCKT_020177,urgent,standard,2025-08-15 21:45:53,1,0,0.411
TCKT_022065,high,standard,2025-03-17 02:43:11,1,0,0.25
TCKT_091245,medium,gold,2025-01-27 15:21:18,1,1,0.786
TCKT_064246,low,standard,2022-10-26 00:49:38,0,0,0.257
TCKT_030588,low,standard,2024-10-17 01:54:24,0,0,0.249
TCKT_026915,urgent,gold,2023-05-18 17:32:22,1,1,0.765
TCKT_060864,urgent,standard,2023-05-25 17:28:30,0,0,0.284
TCKT_081286,low,standard,2023-05-02 09:56:27,0,0,0.228
TCKT_012935,medium,standard,2025-12-16 07:24:45,0,0,0.23
TCKT_049354,low,standard,2022-09-07 00:40:40,0,0,0.237
TCKT_066111,medium,standard,2024-02-17 20:24:25,0,0,0.254
TCKT_027899,low,standard,2025-01-03 11:10:19,0,0,0.255
TCKT_081886,low,standard,2025-09-17 04:14:44,0,0,0.239
TCKT_053605,high,gold,2022-08-10 01:51:00,1,1,0.711
TCKT_013923,medium,standard,2023-06-18 09:08:24,1,0,0.263
TCKT_044814,high,standard,2023-08-12 18:30:54,0,0,0.254
TCKT_080667,low,standard,2023-12-06 04:19:47,0,0,0.184
TCKT_081948,low,standard,2022-04-17 04:35:52,0,0,0.286
TCKT_099195,low,standard,2022-08-20 03:28:58,0,0,0.242
TCKT_058123,low,gold,2025-03-17 23:17:23,0,1,0.638
TCKT_042973,low,gold,2023-05-15 14:22:24,0,1,0.604
TCKT_068476,high,gold,2022-06-19 21:07:00,1,1,0.738
TCKT_034398,high,platinum,2024-06-23 13:17:51,0,1,0.867
TCKT_073481,low,standard,2023-10-22 17:19:51,0,0,0.22
TCKT_053404,high,standard,2022-11-27 02:26:20,0,0,0.263
TCKT_073876,low,standard,2022-08-21 09:59:20,0,0,0.244
TCKT_050134,urgent,gold,2025-05-22 13:54:39,1,1,0.757
TCKT_036488,low,gold,2024-12-29 04:37:57,0,1,0.597
TCKT_012136,low,standard,2022-10-08 02:31:05,1,0,0.239
TCKT_076351,high,platinum,2025-02-04 09:33:51,1,1,0.853
TCKT_080053,medium,platinum,2025-10-13 13:40:06,1,1,0.898
TCKT_018709,low,standard,2025-07-01 04:18:20,0,0,0.239
TCKT_054346,medium,gold,2024-02-28 15:01:10,1,1,0.744
TCKT_057729,high,gold,2022-06-16 14:20:59,0,1,0.737
TCKT_038642,low,standard,2024-07-01 14:28:40,1,0,0.217
TCKT_072946,low,standard,2025-07-12 08:50:28,0,0,0.268
TCKT_004179,medium,gold,2023-08-07 20:10:51,0,1,0.762
TCKT_020862,medium,standard,2023-03-11 14:08:14,0,0,0.235
TCKT_056769,medium,platinum,2024-01-26 13:48:19,1,1,0.891
TCKT_029730,medium,gold,2023-06-04 13:48:54,1,1,0.764
TCKT_086628,low,standard,2022-06-12 07:00:52,0,0,0.211
TCKT_091822,low,standard,2025-09-27 06:11:57,0,0,0.223
TCKT_037893,medium,gold,2023-07-24 04:04:22,0,1,0.756
TCKT_069775,high,standard,2024-07-10 06:03:16,1,0,0.255
TCKT_052193,low,gold,2023-03-10 06:48:20,1,1,0.652
TCKT_006125,medium,standard,2025-05-10 16:35:24,0,0,0.267
TCKT_025543,medium,standard,2025-02-06 20:31:42,0,0,0.258
TCKT_095101,medium,gold,2025-03-19 23:08:23,0,1,0.744
TCKT_099045,medium,gold,2024-11-29 16:38:51,0,1,0.718
TCKT_030639,medium,gold,2025-05-08 07:50:15,1,1,0.753
TCKT_086897,medium,gold,2023-05-04 05:05:00,0,1,0.751
TCKT_072579,low,gold,2022-08-12 11:12:42,0,1,0.637
TCKT_094754,low,standard,2022-04-15 05:53:58,0,0,0.206
TCKT_043868,high,standard,2023-06-16 10:12:01,0,0,0.247
TCKT_099088,low,standard,2025-08-21 04:11:22,0,0,0.224
TCKT_096593,high,gold,2025-12-22 09:50:48,0,1,0.756
TCKT_054582,medium,standard,2022-07-19 22:56:02,0,0,0.244
TCKT_004635,medium,gold,2023-02-25 10:19:59,1,1,0.782
TCKT_035124,medium,standard,2025-06-08 03:24:19,0,0,0.183
TCKT_030569,medium,standard,2025-09-07 18:49:19,1,0,0.233
TCKT_067089,medium,gold,2023-04-03 20:19:05,1,1,0.763
TCKT_002445,low,gold,2024-02-03 18:14:00,1,1,0.672
TCKT_072430,low,standard,2022-10-14 03:56:02,0,0,0.204
TCKT_035573,medium,gold,2022-08-04 17:56:48,1,1,0.75
TCKT_025194,urgent,standard,2025-08-15 10:37:16,0,0,0.307
TCKT_000481,medium,standard,2022-12-28 13:37:22,0,0,0.25
TCKT_056126,medium,standard,2023-12-13 00:53:37,0,0,0.24
TCKT_012774,urgent,standard,2024-05-05 20:06:30,0,0,0.33
TCKT_091301,low,standard,2022-02-22 00:43:02,1,0,0.212
TCKT_038157,medium,standard,2022-10-29 18:15:38,0,0,0.261
TCKT_079870,medium,standard,2023-04-28 01:41:32,0,0,0.248
TCKT_019292,urgent,platinum,2023-05-17 17:19:33,0,1,0.833
TCKT_098059,high,standard,2025-09-20 10:03:51,0,0,0.236
TCKT_047590,medium,standard,2024-06-22 17:43:20,0,0,0.228
TCKT_031007,medium,gold,2023-05-17 17:51:39,0,1,0.758
TCKT_009405,high,standard,2022-07-04 00:21:09,0,0,0.28
TCKT_056655,medium,gold,2022-04-09 12:34:47,1,1,0.745
TCKT_014107,medium,gold,2025-11-04 05:22:26,1,1,0.772
TCKT_016321,high,gold,2023-12-24 00:50:39,1,1,0.751
TCKT_003890,low,gold,2022-04-02 14:55:10,1,1,0.623
TCKT_087534,medium,standard,2024-07-23 19:15:57,1,0,0.229
TCKT_046046,low,standard,2023-10-27 17:45:44,0,0,0.216
TCKT_003825,medium,standard,2025-08-30 12:36:57,0,0,0.218
TCKT_062189,high,gold,2024-09-01 02:35:55,0,1,0.704
TCKT_003179,medium,standard,2023-10-28 08:54:50,0,0,0.263
TCKT_038839,medium,standard,2023-03-18 19:16:35,0,0,0.249
TCKT_064471,low,standard,2025-04-29 11:53:49,0,0,0.228
TCKT_043253,urgent,gold,2023-05-13 06:50:29,0,1,0.756
TCKT_014088,low,standard,2023-09-05 15:25:47,0,0,0.229
TCKT_028395,low,standard,2025-03-29 00:16:32,1,0,0.198
TCKT_099981,low,platinum,2024-12-09 02:28:08,0,1,0.884
TCKT_006276,medium,standard,2025-07-13 21:46:43,0,0,0.281
TCKT_001265,medium,standard,2025-11-26 12:34:27,0,0,0.203
TCKT_000771,high,gold,2024-01-07 12:33:55,0,1,0.757
TCKT_011461,medium,platinum,2025-03-12 08:18:19,1,1,0.905
TCKT_037288,low,standard,2024-08-06 11:24:51,1,0,0.286
TCKT_073014,medium,gold,2023-07-22 00:46:17,1,1,0.774
TCKT_075163,urgent,standard,2024-07-28 11:05:40,1,0,0.301
TCKT_010166,medium,standard,2022-11-02 11:14:04,0,0,0.25
TCKT_021525,high,standard,2023-09-20 17:41:39,0,0,0.266
TCKT_093924,medium,standard,2025-05-25 10:33:24,1,0,0.254
TCKT_054962,medium,platinum,2025-04-29 10:34:32,1,1,0.88
TCKT_020287,high,standard,2022-06-23 14:34:00,1,0,0.262
TCKT_017897,high,gold,2024-09-16 13:08:39,0,1,0.762
TCKT_044471,medium,gold,2023-10-20 18:55:22,1,1,0.752
TCKT_036592,high,gold,2024-02-04 05:02:52,1,1,0.726
TCKT_000963,medium,standard,2023-07-19 07:07:42,0,0,0.17
TCKT_012419,low,gold,2024-09-21 05:06:25,1,1,0.63
TCKT_031155,urgent,platinum,2025-07-30 07:58:50,1,1,0.753
TCKT_042811,medium,gold,2024-05-06 03:54:03,0,1,0.769
TCKT_070348,medium,gold,2023-01-16 06:49:59,1,1,0.786
TCKT_071199,high,platinum,2023-02-11 13:01:51,1,1,0.907
TCKT_090824,high,standard,2023-03-21 08:06:28,0,0,0.235
TCKT_052214,medium,gold,2025-08-05 14:13:51,1,1,0.768
TCKT_075352,high,gold,2022-07-15 09:32:42,1,1,0.752
TCKT_070552,medium,standard,2024-04-20 18:56:42,0,0,0.291
TCKT_052627,high,standard,2022-09-02 19:23:14,0,0,0.237
TCKT_013714,medium,gold,2024-04-18 13:54:11,1,1,0.753
TCKT_050293,medium,standard,2023-03-07 17:47:56,0,0,0.237
TCKT_026297,urgent,standard,2023-12-20 22:05:12,0,0,0.287
TCKT_039401,high,gold,2023-03-12 13:40:44,0,1,0.751
TCKT_059681,high,standard,2023-04-20 16:59:34,1,0,0.265
TCKT_008153,medium,standard,2025-09-23 13:33:25,0,0,0.25
TCKT_031670,low,gold,2022-11-19 08:07:08,0,1,0.639
TCKT_049824,high,gold,2024-01-18 11:08:43,1,1,0.726
TCKT_066482,low,gold,2023-11-10 03:40:17,0,1,0.616
TCKT_038510,high,standard,2023-07-06 07:52:51,0,0,0.241
TCKT_004660,low,standard,2023-10-18 22:52:51,0,0,0.2
TCKT_041965,medium,standard,2023-12-23 18:27:38,0,0,0.207
TCKT_059526,medium,gold,2025-11-23 22:44:52,1,1,0.762
TCKT_009637,medium,standard,2025-06-06 03:24:02,0,0,0.26
TCKT_030469,medium,standard,2023-03-01 04:39:04,1,0,0.245
TCKT_054162,medium,standard,2022-05-08 19:24:40,0,0,0.245
TCKT_073251,low,gold,2024-02-26 04:25:56,1,1,0.611
TCKT_014915,low,standard,2024-07-18 17:39:56,0,0,0.206
TCKT_076809,medium,standard,2024-10-10 10:08:20,0,0,0.226
TCKT_078033,medium,gold,2024-04-28 03:55:19,1,1,0.733
TCKT_064539,low,standard,2025-02-15 02:39:33,0,0,0.241
TCKT_072727,low,standard,2022-07-26 02:58:51,0,0,0.262
TCKT_008238,low,standard,2025-09-29 23:23:56,0,0,0.219
TCKT_069002,medium,gold,2023-11-03 16:11:22,0,1,0.751
TCKT_030573,high,gold,2025-09-05 23:09:54,0,1,0.66
TCKT_043804,medium,standard,2025-10-13 13:29:37,0,0,0.267
TCKT_066852,low,standard,2022-09-07 23:02:22,0,0,0.208
TCKT_087670,high,standard,2023-01-16 16:50:22,0,0,0.266
TCKT_069937,low,platinum,2023-12-10 22:38:52,1,1,0.832
TCKT_057705,urgent,standard,2022-09-27 16:19:30,1,0,0.306
TCKT_012272,low,standard,2022-01-16 04:17:59,0,0,0.231
TCKT_093478,low,standard,2024-05-01 03:47:08,0,0,0.205
TCKT_095447,medium,gold,2023-12-11 16:13:03,0,1,0.762
TCKT_095942,medium,standard,2023-01-05 18:41:02,1,0,0.245
TCKT_060049,medium,standard,2025-01-27 08:02:13,0,0,0.226
TCKT_024280,medium,standard,2022-10-26 20:55:19,0,0,0.205
TCKT_091919,medium,gold,2025-03-09 09:55:42,0,1,0.774
TCKT_075848,low,standard,2023-05-09 04:44:27,0,0,0.228
TCKT_054034,medium,gold,2022-09-26 03:14:14,1,1,0.789
TCKT_086683,low,platinum,2024-08-08 00:38:38,1,1,0.853
TCKT_051320,urgent,standard,2023-10-16 03:52:34,0,0,0.254
TCKT_053936,medium,platinum,2024-06-16 05:37:04,1,1,0.893
TCKT_023248,medium,gold,2024-05-08 04:21:58,1,1,0.76
TCKT_019662,high,standard,2025-11-04 00:04:46,1,0,0.211
TCKT_019070,low,standard,2025-05-20 07:28:04,0,0,0.235
TCKT_041525,high,standard,2025-01-20 15:25:17,0,0,0.289
TCKT_003036,low,standard,2024-04-12 11:18:35,0,0,0.239
TCKT_012890,medium,platinum,2022-03-28 11:12:11,1,1,0.906
TCKT_070174,low,gold,2022-10-22 18:22:47,1,1,0.614
TCKT_075610,low,platinum,2022-03-19 21:53:05,0,1,0.863
TCKT_074029,medium,standard,2023-09-10 12:06:46,0,0,0.227
TCKT_090780,low,gold,2023-05-17 06:45:09,1,1,0.622
TCKT_015445,low,standard,2023-06-13 22:29:56,0,0,0.227
TCKT_060975,low,standard,2025-12-26 09:42:51,0,0,0.214
TCKT_003769,medium,standard,2022-09-08 00:07:06,0,0,0.231
TCKT_025993,medium,platinum,2022-11-10 11:28:25,1,1,0.874
TCKT_078894,medium,standard,2022-11-24 09:56:39,0,0,0.26
TCKT_008573,high,platinum,2024-02-09 23:01:43,1,1,0.757
TCKT_064384,low,gold,2022-11-18 07:57:20,1,1,0.665
TCKT_015714,high,standard,2025-06-30 11:26:42,0,0,0.263
TCKT_033580,medium,gold,2024-10-31 22:14:09,0,1,0.766
TCKT_093544,medium,gold,2022-06-17 20:50:45,1,1,0.781
TCKT_011849,low,standard,2024-10-08 20:35:40,0,0,0.277
TCKT_075353,low,gold,2023-12-31 07:50:27,0,1,0.619
TCKT_041069,low,gold,2024-12-09 21:19:10,0,1,0.632
TCKT_055774,medium,standard,2023-12-18 12:53:48,1,0,0.285
TCKT_099539,low,standard,2023-10-16 11:22:15,0,0,0.228
TCKT_020379,medium,standard,2025-02-27 06:07:59,0,0,0.237
TCKT_063871,low,gold,2023-02-28 18:13:33,0,1,0.624
TCKT_024319,high,standard,2022-02-18 18:56:31,0,0,0.233
TCKT_060399,medium,standard,2023-04-04 23:55:09,1,0,0.25
TCKT_068252,medium,gold,2022-08-29 00:34:49,1,1,0.784
TCKT_039485,low,standard,2023-01-13 19:47:26,0,0,0.17
TCKT_002778,medium,standard,2025-08-18 01:23:41,0,0,0.301
TCKT_015629,high,standard,2022-01-06 06:32:45,0,0,0.277
TCKT_000930,high,standard,2024-05-10 20:33:06,0,0,0.246
TCKT_062074,medium,gold,2022-01-30 21:26:41,1,1,0.78
TCKT_072608,high,gold,2022-02-20 06:30:19,1,1,0.762
TCKT_005245,low,standard,2023-11-08 19:45:33,0,0,0.215
TCKT_044972,medium,standard,2023-01-01 16:39:51,0,0,0.259
TCKT_004456,low,standard,2024-07-09 09:49:36,1,0,0.264
TCKT_057744,medium,gold,2022-07-25 17:17:40,1,1,0.749
TCKT_081719,medium,gold,2025-08-18 10:29:02,0,1,0.77
TCKT_075153,medium,standard,2025-09-07 06:38:19,0,0,0.223
TCKT_009729,low,platinum,2022-04-17 20:09:14,1,1,0.843
TCKT_066331,medium,standard,2025-11-23 21:05:16,0,0,0.282
TCKT_002003,medium,standard,2025-10-18 15:18:51,0,0,0.242
TCKT_046941,low,standard,2023-01-11 04:29:19,0,0,0.221
TCKT_060810,low,gold,2024-05-29 13:00:08,1,1,0.584
TCKT_031718,low,platinum,2024-03-29 00:44:08,1,1,0.854
TCKT_082512,medium,gold,2025-11-02 13:29:40,1,1,0.751
TCKT_093409,high,standard,2022-09-10 04:13:32,0,0,0.263
TCKT_016561,medium,standard,2022-05-12 22:38:33,0,0,0.251
TCKT_001294,low,standard,2022-11-29 13:58:28,1,0,0.248
TCKT_054179,high,gold,2022-08-23 00:04:05,1,1,0.709
TCKT_014219,high,standard,2024-01-16 00:51:31,0,0,0.363
TCKT_060285,high,standard,2024-10-30 04:41:27,0,0,0.276
TCKT_050966,medium,standard,2024-12-07 22:13:47,0,0,0.264
TCKT_080746,low,standard,2024-11-30 15:27:50,1,0,0.203
TCKT_031896,low,standard,2025-03-29 16:16:44,0,0,0.205
TCKT_087770,high,platinum,2025-01-31 12:35:25,1,1,0.816
TCKT_091541,low,standard,2022-02-11 05:26:21,0,0,0.201
TCKT_033478,high,standard,2025-01-05 21:39:06,0,0,0.284
TCKT_058972,medium,standard,2024-11-28 16:41:44,1,0,0.242
TCKT_012134,low,platinum,2023-10-28 08:34:01,0,1,0.873
TCKT_090985,low,standard,2022-03-06 13:58:18,0,0,0.293
TCKT_013587,low,gold,2023-11-08 05:33:25,0,1,0.636
TCKT_089485,medium,standard,2024-04-10 07:47:18,0,0,0.252
TCKT_046718,high,gold,2022-01-25 23:21:29,1,1,0.677
TCKT_093379,medium,gold,2024-03-28 07:35:53,0,1,0.767
TCKT_077775,medium,standard,2022-04-14 17:30:45,0,0,0.252
TCKT_012493,medium,standard,2023-09-17 20:51:26,1,0,0.225
TCKT_049952,low,standard,2025-08-09 05:07:51,0,0,0.234
TCKT_097392,low,standard,2022-04-01 10:43:54,0,0,0.18
TCKT_045530,low,standard,2024-03-22 04:45:08,0,0,0.242
TCKT_049414,high,standard,2025-06-26 12:25:21,0,0,0.257
TCKT_098489,medium,standard,2023-11-09 13:46:56,0,0,0.254
TCKT_056714,high,standard,2023-07-01 17:09:04,0,0,0.313
TCKT_017318,low,standard,2022-10-26 16:45:07,0,0,0.288
TCKT_042454,high,standard,2024-12-13 04:29:54,0,0,0.289
TCKT_023533,medium,standard,2023-01-25 16:05:50,0,0,0.245
TCKT_059098,urgent,standard,2024-08-27 08:41:38,0,0,0.309
TCKT_009389,low,standard,2023-05-08 00:25:09,0,0,0.205
TCKT_035408,medium,gold,2025-07-19 19:28:53,0,1,0.757
TCKT_019354,high,standard,2025-07-09 09:06:46,0,0,0.348
TCKT_004723,medium,gold,2024-08-09 05:48:19,1,1,0.785
TCKT_004851,low,gold,2024-02-23 20:39:31,1,1,0.629
TCKT_079348,low,gold,2022-02-04 02:53:47,0,1,0.621
TCKT_064277,low,gold,2024-09-30 20:22:05,1,1,0.616
TCKT_079204,high,standard,2025-11-26 03:20:55,0,0,0.263
TCKT_033120,low,standard,2024-04-28 07:35:49,0,0,0.245
TCKT_020606,medium,standard,2025-07-19 05:11:46,0,0,0.222
TCKT_098302,low,standard,2023-09-13 16:16:11,0,0,0.255
TCKT_028147,low,standard,2025-11-14 13:02:18,0,0,0.216
TCKT_058599,medium,platinum,2025-11-28 05:26:50,1,1,0.885
TCKT_074633,low,gold,2025-07-22 19:13:39,0,1,0.573
TCKT_067337,medium,standard,2022-05-18 22:33:04,0,0,0.249
TCKT_073580,medium,standard,2023-04-03 19:30:40,0,0,0.273
TCKT_042928,low,standard,2023-08-13 12:11:40,0,0,0.297
TCKT_001063,high,gold,2023-08-30 18:37:15,1,1,0.726
TCKT_068443,urgent,standard,2024-01-14 12:00:27,0,0,0.244
TCKT_058570,low,standard,2023-08-18 10:55:34,0,0,0.183
TCKT_070544,low,gold,2022-04-24 08:05:04,1,1,0.667
TCKT_039223,medium,standard,2025-04-24 18:46:45,0,0,0.224
TCKT_034554,low,standard,2023-05-10 11:36:08,0,0,0.225
TCKT_042604,low,standard,2024-10-29 10:44:12,0,0,0.238
TCKT_052360,low,gold,2025-09-21 07:28:20,0,1,0.592
TCKT_051195,medium,gold,2024-08-27 02:09:52,1,1,0.773
TCKT_010147,medium,standard,2025-10-19 19:28:18,0,0,0.244
TCKT_097235,medium,gold,2025-12-12 03:19:02,0,1,0.798
TCKT_094316,medium,platinum,2024-09-04 23:50:19,1,1,0.847
TCKT_088246,low,platinum,2025-04-25 21:03:56,1,1,0.874
TCKT_015962,medium,standard,2022-07-15 23:53:34,0,0,0.228
TCKT_023667,medium,standard,2023-11-23 11:47:19,0,0,0.248
TCKT_052647,low,standard,2022-02-04 13:06:23,0,0,0.203
TCKT_055954,high,platinum,2023-12-06 08:18:04,1,1,0.891
TCKT_089491,low,standard,2022-09-30 20:08:40,0,0,0.19
TCKT_017614,low,standard,2025-07-15 12:37:12,0,0,0.227
TCKT_024991,high,platinum,2025-09-13 00:50:51,1,1,0.88
TCKT_029059,high,gold,2024-11-25 11:38:55,1,1,0.748
TCKT_053149,low,gold,2025-06-06 14:19:17,1,1,0.615
TCKT_023949,high,platinum,2024-03-22 19:28:04,1,1,0.878
TCKT_006275,medium,standard,2024-07-10 14:24:52,1,0,0.226
TCKT_049805,low,platinum,2024-07-11 21:35:57,0,1,0.859
TCKT_088120,high,standard,2025-07-27 16:52:28,0,0,0.298
TCKT_076961,high,gold,2024-04-17 03:17:59,1,1,0.709
TCKT_008858,medium,standard,2022-06-03 09:48:27,0,0,0.256
TCKT_027323,low,gold,2023-08-05 21:06:29,0,1,0.658
TCKT_056414,urgent,platinum,2023-11-13 03:56:33,1,1,0.867
TCKT_081078,low,gold,2023-07-15 09:08:27,0,1,0.631
TCKT_063583,medium,standard,2022-06-16 18:53:56,0,0,0.207
TCKT_052561,low,standard,2023-09-15 09:36:22,1,0,0.218
TCKT_014358,low,platinum,2025-09-06 02:25:51,0,1,0.867
TCKT_038601,low,standard,2022-01-29 16:34:34,1,0,0.232
TCKT_092328,high,gold,2022-04-13 13:25:58,1,1,0.743
TCKT_056747,low,standard,2022-06-17 08:24:05,0,0,0.208
TCKT_019683,low,standard,2025-03-11 13:33:27,0,0,0.24
TCKT_060557,high,standard,2025-09-26 11:25:47,1,0,0.229
TCKT_027249,medium,gold,2022-04-20 23:15:45,1,1,0.717
TCKT_068035,medium,standard,2024-05-08 15:40:56,1,0,0.245
TCKT_097040,medium,gold,2023-09-24 01:41:10,1,1,0.727
TCKT_092528,high,gold,2022-08-26 05:53:33,1,1,0.745
TCKT_002708,low,standard,2022-05-01 21:05:28,0,0,0.242
TCKT_095635,urgent,standard,2024-06-26 16:07:15,0,0,0.245
TCKT_047307,medium,standard,2025-12-20 03:20:03,1,0,0.276
TCKT_034484,medium,standard,2023-02-09 15:58:14,0,0,0.26
TCKT_073296,urgent,standard,2024-05-04 01:38:23,0,0,0.22
TCKT_042901,low,standard,2025-08-25 23:54:18,1,0,0.23
TCKT_095600,medium,standard,2024-09-02 07:18:30,0,0,0.273
TCKT_091637,medium,gold,2023-10-06 14:50:51,0,1,0.766
TCKT_086533,medium,gold,2023-03-16 08:30:00,0,1,0.766
TCKT_040691,high,standard,2023-04-13 07:21:41,0,0,0.281
TCKT_054872,low,standard,2022-10-28 07:36:57,1,0,0.222
TCKT_034466,low,gold,2024-02-14 02:54:58,0,1,0.612
TCKT_048961,low,gold,2023-04-14 12:47:56,0,1,0.637
TCKT_018414,medium,standard,2022-06-02 23:30:35,0,0,0.255
TCKT_075600,high,gold,2022-07-05 03:53:36,1,1,0.724
TCKT_042250,medium,gold,2022-08-15 14:51:50,1,1,0.748
TCKT_050382,medium,platinum,2023-04-12 20:42:46,1,1,0.875
TCKT_042821,low,platinum,2023-02-25 17:58:56,0,1,0.885
TCKT_047986,medium,platinum,2025-07-23 07:42:52,1,1,0.884
TCKT_000491,low,standard,2022-04-12 03:08:43,0,0,0.241
TCKT_098959,low,gold,2023-10-27 13:17:29,0,1,0.636
TCKT_077807,medium,standard,2024-03-13 15:03:15,0,0,0.24
TCKT_027128,medium,standard,2025-09-09 23:58:19,0,0,0.24
TCKT_016137,high,gold,2024-12-22 05:48:52,1,1,0.732
TCKT_073512,low,standard,2024-02-28 17:16:20,0,0,0.209
TCKT_095459,medium,standard,2022-04-28 21:54:36,0,0,0.269
TCKT_084256,low,standard,2024-03-26 00:45:07,0,0,0.21
TCKT_073004,urgent,standard,2024-10-02 01:51:44,0,0,0.23
TCKT_044697,medium,standard,2023-01-27 13:25:20,0,0,0.22
TCKT_018420,high,standard,2025-03-15 19:15:43,0,0,0.291
TCKT_036899,high,standard,2022-12-02 08:45:24,0,0,0.247
TCKT_049314,high,standard,2025-08-20 06:19:20,0,0,0.302
TCKT_032974,medium,gold,2025-04-29 10:00:52,1,1,0.782
TCKT_049513,low,standard,2023-01-30 09:07:35,0,0,0.225
TCKT_088150,high,gold,2023-06-05 03:38:11,1,1,0.755
TCKT_030146,medium,gold,2023-11-08 18:04:05,0,1,0.771
TCKT_099713,high,standard,2023-02-15 21:16:42,0,0,0.29
TCKT_052305,low,gold,2023-03-20 17:24:48,1,1,0.596
TCKT_098091,medium,gold,2024-02-15 13:22:50,0,1,0.765
TCKT_002873,low,standard,2023-11-22 04:00:48,0,0,0.2
TCKT_062276,medium,standard,2025-01-25 17:05:01,0,0,0.215
TCKT_025783,high,standard,2023-11-20 19:39:24,1,0,0.254
TCKT_009400,medium,gold,2024-12-08 11:09:23,1,1,0.755
TCKT_036658,low,gold,2023-02-15 01:37:39,0,1,0.552
TCKT_080466,medium,gold,2023-10-19 21:23:47,1,1,0.767
TCKT_028243,medium,standard,2025-09-08 20:56:30,0,0,0.261
TCKT_015277,low,platinum,2022-01-07 04:09:03,1,1,0.905
TCKT_097936,low,standard,2024-04-24 12:57:55,0,0,0.202
TCKT_080241,low,standard,2025-07-25 12:38:25,0,0,0.223
TCKT_066363,low,gold,2025-05-27 06:19:12,1,1,0.635
TCKT_021636,medium,platinum,2024-10-15 15:18:50,1,1,0.914
TCKT_084130,medium,standard,2025-01-04 23:40:52,0,0,0.208
TCKT_092268,medium,platinum,2025-09-24 16:00:42,1,1,0.894
TCKT_063973,low,standard,2025-06-26 09:29:26,0,0,0.239
TCKT_052027,high,standard,2022-05-09 11:51:36,0,0,0.252
TCKT_083518,urgent,gold,2024-03-13 12:39:46,1,1,0.786
TCKT_026616,urgent,standard,2024-10-31 05:13:01,0,0,0.246
TCKT_031171,low,standard,2024-01-14 13:10:54,0,0,0.249
TCKT_046777,medium,platinum,2025-04-14 20:09:03,1,1,0.848
TCKT_059047,high,gold,2024-04-11 17:00:29,1,1,0.739
TCKT_082147,high,standard,2023-12-16 09:18:14,0,0,0.296
TCKT_038918,low,standard,2022-05-15 14:07:50,0,0,0.227
TCKT_034663,high,standard,2025-01-31 10:18:08,0,0,0.275
TCKT_010821,medium,gold,2025-09-01 08:12:06,0,1,0.745
TCKT_030461,low,standard,2025-02-11 20:27:45,0,0,0.232
TCKT_089913,medium,standard,2025-10-18 12:51:26,1,0,0.232
TCKT_052325,high,standard,2023-12-28 00:37:51,0,0,0.291
TCKT_006582,urgent,gold,2022-03-01 00:29:12,1,1,0.679
TCKT_029080,medium,gold,2025-01-31 11:24:00,0,1,0.781
TCKT_006522,medium,gold,2025-05-08 07:17:13,1,1,0.744
TCKT_083417,low,standard,2024-01-06 03:48:31,0,0,0.228
TCKT_068665,high,standard,2024-08-05 06:11:24,0,0,0.264
TCKT_046754,medium,standard,2025-05-24 19:54:59,1,0,0.259
TCKT_063139,high,standard,2024-01-25 01:39:49,0,0,0.259
TCKT_029282,low,standard,2023-05-23 04:43:15,0,0,0.23
TCKT_069700,medium,gold,2024-10-14 06:20:00,1,1,0.768
TCKT_069604,low,gold,2024-03-05 17:30:17,0,1,0.603
TCKT_017187,low,standard,2022-10-24 15:04:55,0,0,0.214
TCKT_026228,medium,standard,2024-12-06 12:28:03,1,0,0.239
TCKT_000903,medium,standard,2023-12-19 04:35:56,0,0,0.218
TCKT_022571,low,gold,2022-06-20 14:35:55,0,1,0.642
TCKT_081726,low,standard,2022-07-27 06:21:40,0,0,0.196
TCKT_065570,medium,standard,2025-12-13 09:31:52,0,0,0.26
TCKT_047341,low,standard,2022-10-13 02:02:58,0,0,0.248
TCKT_043642,low,standard,2024-08-03 06:04:34,1,0,0.219
TCKT_067396,medium,standard,2025-07-27 20:07:57,0,0,0.258
TCKT_025859,medium,gold,2022-11-05 20:34:49,0,1,0.75
TCKT_091465,low,gold,2024-10-25 12:27:21,1,1,0.602
TCKT_065743,low,gold,2023-04-12 04:26:43,1,1,0.621
TCKT_044579,medium,gold,2024-12-06 20:01:27,1,1,0.725
TCKT_067967,high,standard,2022-07-01 00:54:32,1,0,0.25
TCKT_095198,low,gold,2025-11-29 07:55:06,0,1,0.637
TCKT_031162,low,standard,2023-11-19 19:07:46,0,0,0.243
TCKT_008688,low,platinum,2023-09-19 01:32:48,1,1,0.852
TCKT_019646,medium,gold,2023-08-26 11:12:30,1,1,0.755
TCKT_096353,high,standard,2024-12-12 03:38:45,1,0,0.271
TCKT_090358,high,standard,2022-05-05 10:29:26,0,0,0.273
TCKT_086695,low,standard,2022-07-21 09:04:02,0,0,0.234
TCKT_019655,low,gold,2025-07-12 02:11:28,1,1,0.652
TCKT_090682,medium,standard,2024-01-02 00:31:53,0,0,0.271
TCKT_055683,low,standard,2024-07-31 22:52:12,0,0,0.239
TCKT_013669,low,standard,2024-12-04 21:21:30,0,0,0.247
TCKT_083130,low,standard,2025-06-23 13:54:45,0,0,0.226
TCKT_064871,medium,standard,2024-05-08 14:21:47,0,0,0.231
TCKT_037757,low,standard,2024-07-25 17:04:51,0,0,0.239
TCKT_023865,medium,gold,2025-08-31 14:40:08,1,1,0.792
TCKT_012381,medium,gold,2024-07-20 08:05:36,0,1,0.749
TCKT_021908,medium,gold,2022-10-28 21:24:40,0,1,0.792
TCKT_052247,medium,standard,2025-12-30 03:18:16,0,0,0.24
TCKT_040998,medium,gold,2025-06-17 04:37:27,1,1,0.759
TCKT_046586,high,standard,2022-08-19 21:13:32,0,0,0.268
TCKT_063211,urgent,gold,2023-11-22 18:21:23,0,1,0.745
TCKT_080337,low,standard,2025-09-20 19:32:10,0,0,0.289
TCKT_027038,low,gold,2025-11-17 20:55:10,1,1,0.653
TCKT_097642,medium,standard,2022-06-01 02:00:47,0,0,0.279
TCKT_056251,medium,standard,2023-10-24 02:18:25,0,0,0.22
TCKT_063442,high,gold,2024-11-12 15:50:27,1,1,0.728
TCKT_039064,low,gold,2023-02-12 11:21:33,1,1,0.638
TCKT_064159,urgent,standard,2024-06-12 11:21:58,0,0,0.266
TCKT_093802,medium,gold,2025-03-03 14:14:50,1,1,0.784
TCKT_028814,medium,standard,2022-04-14 06:52:56,0,0,0.221
TCKT_056915,low,standard,2024-04-14 05:48:58,1,0,0.231
TCKT_077894,medium,standard,2025-09-01 10:21:44,0,0,0.259
TCKT_072957,low,standard,2023-12-15 12:44:12,0,0,0.199
TCKT_057620,low,standard,2025-02-02 11:40:07,0,0,0.233
TCKT_056584,low,gold,2024-01-01 21:33:36,1,1,0.593
TCKT_061175,urgent,standard,2025-07-06 08:05:09,1,0,0.242
TCKT_028752,high,platinum,2024-12-14 04:33:36,1,1,0.887
TCKT_006012,medium,standard,2022-06-19 09:41:16,0,0,0.256
TCKT_029517,low,gold,2023-08-07 00:48:25,0,1,0.585
TCKT_039935,medium,gold,2023-10-10 00:22:56,0,1,0.768
TCKT_047019,low,standard,2025-08-04 13:44:20,0,0,0.272
TCKT_086009,low,standard,2024-09-08 22:46:25,0,0,0.225
TCKT_038053,low,gold,2025-02-09 20:30:10,0,1,0.612
TCKT_085082,medium,standard,2024-02-29 21:04:20,0,0,0.278
TCKT_034177,high,platinum,2023-05-18 10:00:11,1,1,0.888
TCKT_011320,low,standard,2025-03-07 19:15:18,1,0,0.203
TCKT_033278,low,standard,2022-10-30 20:56:57,0,0,0.225
TCKT_053682,low,standard,2024-11-24 10:02:20,0,0,0.257
TCKT_082108,medium,gold,2025-11-27 18:48:47,1,1,0.751
TCKT_030625,high,standard,2024-02-11 20:05:35,0,0,0.256
TCKT_038687,high,standard,2024-11-10 16:54:54,1,0,0.29
TCKT_088670,low,standard,2025-10-28 05:18:12,0,0,0.212
TCKT_034904,low,platinum,2023-09-12 22:01:10,1,1,0.783
TCKT_097566,urgent,standard,2023-08-01 04:58:28,0,0,0.235
TCKT_014318,low,gold,2023-08-05 17:17:34,0,1,0.617
TCKT_040369,low,gold,2022-07-21 14:54:27,0,1,0.588
TCKT_047430,low,standard,2025-08-13 08:01:20,0,0,0.236
TCKT_075720,low,standard,2025-09-29 23:54:50,0,0,0.216
TCKT_092767,high,standard,2023-11-05 18:58:07,0,0,0.273
TCKT_064297,low,gold,2025-09-06 15:27:06,1,1,0.613
TCKT_079251,low,standard,2025-04-05 00:41:02,0,0,0.241
TCKT_074176,medium,standard,2023-04-18 03:29:31,0,0,0.244
TCKT_058176,medium,standard,2022-03-17 23:13:24,0,0,0.242
TCKT_046063,medium,standard,2024-06-07 13:35:29,0,0,0.227
TCKT_096323,medium,standard,2024-04-25 09:54:25,0,0,0.242
TCKT_065730,high,standard,2022-03-22 22:00:47,0,0,0.279
TCKT_082444,low,gold,2022-10-02 16:42:16,0,1,0.602
TCKT_017725,medium,standard,2023-06-29 23:18:11,0,0,0.266
TCKT_030840,low,standard,2022-10-10 19:29:20,0,0,0.208
TCKT_031209,low,gold,2025-02-24 21:08:36,1,1,0.676
TCKT_035457,medium,standard,2025-08-26 12:02:14,1,0,0.25
TCKT_019291,low,gold,2025-06-04 22:28:35,1,1,0.598
TCKT_066938,high,standard,2023-07-18 00:17:24,1,0,0.296
TCKT_067625,low,standard,2024-04-13 13:38:26,0,0,0.286
TCKT_049247,low,gold,2023-10-21 16:13:31,0,1,0.638
TCKT_082157,low,gold,2023-12-23 01:01:36,1,1,0.62
TCKT_042274,low,standard,2025-05-26 19:10:37,1,0,0.254
TCKT_037056,medium,standard,2025-07-14 09:06:37,1,0,0.272
TCKT_031002,medium,standard,2024-02-18 14:57:49,0,0,0.232
TCKT_041288,high,platinum,2023-05-19 02:01:30,1,1,0.868
TCKT_069547,urgent,standard,2022-08-12 23:52:51,0,0,0.349
TCKT_021617,low,standard,2024-10-17 07:30:58,0,0,0.24
TCKT_090231,medium,standard,2023-09-07 15:18:52,0,0,0.251
TCKT_026822,urgent,standard,2022-12-13 02:40:22,0,0,0.176
TCKT_012101,low,standard,2022-11-30 00:55:17,0,0,0.219
TCKT_042247,high,standard,2024-04-21 10:10:52,1,0,0.243
TCKT_080641,high,standard,2023-05-26 22:40:33,1,0,0.246
TCKT_014171,medium,gold,2022-08-31 18:08:57,0,1,0.785
TCKT_098061,high,standard,2025-10-11 13:14:40,0,0,0.276
TCKT_008419,low,platinum,2025-06-15 06:47:36,0,1,0.85
TCKT_028376,high,standard,2022-08-29 04:03:01,0,0,0.282
TCKT_038417,high,gold,2025-04-08 15:12:37,0,1,0.764
TCKT_082966,urgent,gold,2024-07-26 04:18:45,0,1,0.752
TCKT_016031,urgent,standard,2023-01-22 13:31:53,0,0,0.259
TCKT_044414,high,standard,2023-03-23 12:43:50,0,0,0.258
TCKT_013875,low,standard,2023-04-27 20:09:01,0,0,0.268
TCKT_081791,low,standard,2025-11-10 09:11:46,0,0,0.217
TCKT_067896,low,standard,2024-04-16 13:33:25,0,0,0.209
TCKT_091364,low,standard,2022-10-04 02:16:27,0,0,0.259
TCKT_031513,medium,standard,2023-07-31 02:32:34,0,0,0.236
TCKT_078592,urgent,standard,2022-05-31 07:31:06,0,0,0.187
TCKT_071215,low,standard,2022-05-09 01:40:31,0,0,0.184
TCKT_084897,urgent,gold,2023-07-25 22:42:42,0,1,0.666
TCKT_049284,low,standard,2024-08-10 20:41:59,0,0,0.217
TCKT_006807,high,standard,2023-02-23 01:36:32,0,0,0.281
TCKT_093865,low,standard,2025-02-04 01:20:01,1,0,0.227
TCKT_016756,medium,standard,2023-11-01 19:07:09,0,0,0.237
TCKT_063264,medium,standard,2022-08-19 20:30:50,1,0,0.224
TCKT_056292,medium,standard,2023-03-30 20:23:20,0,0,0.245
TCKT_099808,medium,standard,2024-08-11 19:28:52,0,0,0.243
TCKT_002946,low,gold,2023-01-26 15:47:14,0,1,0.631
TCKT_022813,high,standard,2023-03-29 07:54:39,1,0,0.328
TCKT_034392,high,gold,2022-05-13 15:35:08,1,1,0.757
TCKT_039694,medium,standard,2024-04-22 12:40:33,0,0,0.272
TCKT_024534,medium,standard,2025-07-21 21:40:32,0,0,0.239
TCKT_071412,medium,standard,2022-06-10 18:58:16,0,0,0.246
TCKT_051812,urgent,standard,2022-09-06 23:07:24,0,0,0.279
TCKT_009396,medium,platinum,2024-12-19 15:25:21,1,1,0.922
TCKT_088730,low,standard,2022-02-10 00:12:19,0,0,0.19
TCKT_073968,high,standard,2025-03-08 02:37:46,1,0,0.261
TCKT_085355,low,standard,2025-09-18 03:25:42,0,0,0.199
TCKT_093301,high,gold,2024-11-11 13:34:32,1,1,0.698
TCKT_052550,medium,gold,2023-02-10 19:19:03,0,1,0.765
TCKT_076965,high,standard,2022-03-27 07:11:45,0,0,0.243
TCKT_034381,low,standard,2022-08-05 21:57:01,0,0,0.19
TCKT_027509,high,gold,2025-12-11 11:45:51,1,1,0.727
TCKT_059413,high,standard,2022-06-10 08:41:06,0,0,0.281
TCKT_096658,medium,gold,2024-02-19 03:15:49,0,1,0.74
TCKT_030475,medium,platinum,2022-03-23 06:39:03,1,1,0.887
TCKT_060796,medium,standard,2024-02-05 11:08:13,0,0,0.227
TCKT_042077,medium,standard,2025-12-17 17:26:30,0,0,0.237
TCKT_052719,urgent,standard,2022-01-28 11:35:04,0,0,0.319
TCKT_058542,medium,platinum,2024-01-14 19:11:42,1,1,0.891
TCKT_039106,medium,gold,2025-11-04 18:17:35,1,1,0.797
TCKT_039660,medium,gold,2025-02-24 05:56:58,0,1,0.741
TCKT_050175,low,platinum,2025-05-20 05:47:40,1,1,0.881
TCKT_008410,high,gold,2024-03-31 20:47:04,1,1,0.74
TCKT_086367,low,standard,2024-01-11 04:01:45,0,0,0.212
TCKT_057223,low,gold,2025-10-15 23:40:46,1,1,0.595
TCKT_089738,urgent,standard,2023-03-31 16:45:21,0,0,0.325
TCKT_039922,low,standard,2023-09-30 23:14:03,0,0,0.228
TCKT_060036,medium,standard,2023-12-24 11:51:11,0,0,0.242
TCKT_033195,high,standard,2024-11-30 14:43:42,0,0,0.268
TCKT_088666,medium,platinum,2024-06-04 22:06:33,1,1,0.857
TCKT_058905,high,standard,2023-03-29 10:21:38,1,0,0.282
TCKT_017220,medium,platinum,2025-02-10 18:18:23,0,1,0.899
TCKT_091839,medium,platinum,2022-05-10 19:40:50,1,1,0.922
TCKT_023697,medium,gold,2025-05-17 16:48:48,1,1,0.767
TCKT_040183,medium,standard,2025-06-21 10:46:07,1,0,0.237
TCKT_090472,high,standard,2025-11-19 21:51:24,0,0,0.234
TCKT_080246,high,standard,2024-11-02 13:33:36,0,0,0.246
TCKT_071052,medium,standard,2025-12-18 05:08:52,0,0,0.237
TCKT_068046,medium,platinum,2023-07-20 15:48:14,1,1,0.883
TCKT_085222,medium,standard,2024-10-18 18:49:33,0,0,0.244
TCKT_037955,medium,standard,2024-03-17 17:20:14,0,0,0.261
TCKT_049455,low,standard,2022-06-19 05:04:44,0,0,0.211
TCKT_097657,low,standard,2023-03-14 15:29:33,0,0,0.236
TCKT_066760,medium,gold,2024-07-23 03:12:49,0,1,0.773
TCKT_032909,low,platinum,2022-10-01 19:30:05,1,1,0.872
TCKT_022638,high,standard,2022-10-23 02:58:04,0,0,0.259
TCKT_090284,low,standard,2023-02-18 07:20:32,0,0,0.227
TCKT_071123,urgent,standard,2022-04-23 16:59:12,0,0,0.26
TCKT_030975,medium,standard,2022-04-13 10:57:05,0,0,0.249
TCKT_031568,high,standard,2022-08-25 05:17:08,0,0,0.252
TCKT_095099,medium,gold,2025-08-31 04:05:43,0,1,0.757
TCKT_081915,high,gold,2022-02-14 04:39:45,1,1,0.758
TCKT_010790,low,platinum,2022-12-09 07:00:13,1,1,0.889
TCKT_004897,medium,gold,2024-08-23 03:25:24,0,1,0.771
TCKT_051509,high,platinum,2024-12-09 04:13:52,0,1,0.856
TCKT_050209,medium,standard,2024-07-10 06:33:43,0,0,0.243
TCKT_097753,low,standard,2022-10-25 22:03:58,0,0,0.233
TCKT_028574,medium,standard,2022-02-25 03:08:05,0,0,0.258
TCKT_057886,high,standard,2023-01-16 15:34:31,0,0,0.276
TCKT_054112,low,gold,2023-12-17 00:24:41,0,1,0.597
TCKT_043898,low,platinum,2024-03-18 12:54:07,1,1,0.871
TCKT_000892,medium,standard,2025-03-11 18:08:47,0,0,0.22
TCKT_091993,medium,standard,2024-09-09 14:25:57,1,0,0.259
TCKT_085142,high,standard,2023-02-01 07:32:52,0,0,0.285
TCKT_063516,urgent,standard,2025-04-13 02:25:59,0,0,0.285
TCKT_017083,low,platinum,2022-01-11 12:29:55,1,1,0.87
TCKT_034423,low,standard,2024-01-15 16:48:59,0,0,0.242
TCKT_033130,medium,gold,2024-05-23 12:36:50,0,1,0.773
TCKT_087915,medium,standard,2024-02-29 12:03:09,0,0,0.234
TCKT_033843,medium,gold,2024-02-28 00:59:12,1,1,0.765
TCKT_061322,medium,platinum,2024-08-05 12:11:22,1,1,0.921
TCKT_056877,high,standard,2022-09-16 09:51:33,0,0,0.245
TCKT_082338,medium,standard,2023-09-16 20:32:08,1,0,0.244
TCKT_067769,low,gold,2024-08-02 19:01:51,1,1,0.61
TCKT_022005,high,standard,2023-01-28 23:33:32,0,0,0.244
TCKT_019526,medium,platinum,2023-07-04 17:23:08,1,1,0.894
TCKT_059639,high,platinum,2024-07-28 21:09:36,0,1,0.857
TCKT_099027,low,standard,2025-11-06 14:41:08,0,0,0.286
TCKT_050528,high,standard,2022-11-04 23:29:23,1,0,0.24
TCKT_011206,high,gold,2024-01-18 19:57:00,0,1,0.737
TCKT_018081,low,gold,2024-07-20 08:30:40,0,1,0.623
TCKT_090013,low,gold,2022-08-26 06:57:19,1,1,0.665
TCKT_029258,low,standard,2024-11-01 11:28:22,0,0,0.214
TCKT_072452,high,standard,2024-06-24 14:38:49,0,0,0.254
TCKT_040049,urgent,standard,2022-03-19 12:24:40,1,0,0.284
TCKT_046440,high,standard,2024-12-28 09:58:16,0,0,0.285
TCKT_028725,medium,gold,2025-03-31 15:23:51,1,1,0.755
TCKT_077162,urgent,platinum,2024-01-21 09:35:08,0,1,0.788
TCKT_086316,low,gold,2023-08-27 22:13:03,1,1,0.588
TCKT_067823,low,standard,2025-10-10 14:46:52,0,0,0.202
TCKT_052355,low,standard,2025-06-24 11:16:32,0,0,0.223
TCKT_065587,low,gold,2022-07-10 17:06:37,1,1,0.62
TCKT_070707,low,standard,2023-11-18 11:43:02,0,0,0.237
TCKT_000446,high,gold,2025-06-29 19:51:24,1,1,0.727
TCKT_044354,low,gold,2022-04-01 01:31:49,1,1,0.636
TCKT_097141,low,platinum,2024-06-18 15:53:02,0,1,0.881
TCKT_034999,low,standard,2023-01-06 12:39:18,0,0,0.243
TCKT_052906,medium,platinum,2025-07-14 18:51:02,1,1,0.909
TCKT_076596,medium,standard,2024-08-22 01:55:42,0,0,0.22
TCKT_086845,medium,gold,2024-04-10 01:09:48,0,1,0.749
TCKT_029041,medium,gold,2025-05-07 17:58:07,1,1,0.773
TCKT_052094,medium,standard,2025-08-16 02:43:01,0,0,0.236
TCKT_086364,high,gold,2024-10-01 09:13:11,0,1,0.719
TCKT_033978,medium,standard,2025-11-28 04:46:50,0,0,0.246
TCKT_019881,medium,standard,2023-04-05 08:36:15,0,0,0.257
TCKT_022815,urgent,standard,2023-12-23 06:30:35,0,0,0.362
TCKT_056455,low,standard,2022-02-11 18:52:02,0,0,0.201
TCKT_057873,low,gold,2022-01-26 09:06:51,0,1,0.607
TCKT_016136,medium,standard,2023-05-21 21:03:15,0,0,0.259
TCKT_081730,medium,gold,2025-10-21 00:38:49,0,1,0.762
TCKT_067580,medium,standard,2025-06-28 15:00:39,1,0,0.257
TCKT_000412,low,standard,2025-03-18 11:46:08,0,0,0.233
TCKT_097655,low,gold,2023-04-30 23:51:50,0,1,0.613
TCKT_061125,high,platinum,2024-04-27 23:34:42,1,1,0.813
TCKT_009057,medium,platinum,2023-04-29 22:27:48,1,1,0.883
TCKT_072352,low,standard,2025-05-25 01:52:37,0,0,0.225
TCKT_024707,medium,standard,2024-06-03 08:52:42,0,0,0.272
TCKT_064477,low,standard,2025-04-03 01:19:25,0,0,0.204
TCKT_027098,low,standard,2022-08-15 05:13:39,0,0,0.216
TCKT_052635,high,gold,2023-03-03 21:44:21,0,1,0.749
TCKT_088301,high,standard,2025-12-20 16:37:19,0,0,0.292
TCKT_056007,low,platinum,2025-11-26 01:02:16,1,1,0.873
TCKT_000328,medium,gold,2022-12-12 09:58:27,0,1,0.774
TCKT_073101,medium,standard,2025-02-23 11:34:47,0,0,0.239
TCKT_001128,medium,platinum,2024-07-02 17:34:54,1,1,0.916
TCKT_029444,low,standard,2025-07-26 16:26:57,0,0,0.203
TCKT_098072,urgent,standard,2022-03-21 18:19:50,0,0,0.284
TCKT_025595,high,standard,2024-02-06 00:08:57,0,0,0.239
TCKT_063654,low,standard,2023-04-03 08:05:15,0,0,0.22
TCKT_080653,medium,platinum,2025-04-23 09:24:25,1,1,0.893
TCKT_043346,high,gold,2023-05-19 20:41:15,1,1,0.747
TCKT_007188,low,platinum,2022-10-06 10:45:52,1,1,0.862
TCKT_057762,medium,standard,2022-07-04 10:24:49,0,0,0.239
TCKT_097429,low,standard,2023-12-07 19:46:10,0,0,0.238
TCKT_016246,medium,standard,2023-05-17 07:22:13,1,0,0.247
TCKT_096607,low,gold,2022-01-08 02:59:57,0,1,0.636
TCKT_033508,medium,standard,2023-03-01 23:19:34,0,0,0.248
TCKT_049412,low,standard,2022-09-12 10:13:56,0,0,0.22
TCKT_022754,high,standard,2024-09-20 05:02:57,1,0,0.247
TCKT_078879,low,gold,2023-11-12 12:21:55,1,1,0.64
TCKT_099299,low,standard,2023-11-09 19:57:14,0,0,0.212
TCKT_016161,medium,platinum,2025-01-20 04:57:00,1,1,0.869
TCKT_099316,low,standard,2024-07-18 18:10:20,0,0,0.254
TCKT_019742,medium,gold,2024-01-29 22:22:28,0,1,0.754
TCKT_021369,medium,standard,2022-02-19 16:02:03,0,0,0.236
TCKT_038196,medium,standard,2025-03-13 23:53:26,0,0,0.236
TCKT_061423,low,standard,2024-12-28 21:39:34,0,0,0.244
TCKT_079255,low,gold,2024-05-03 20:26:53,0,1,0.581
TCKT_081191,medium,gold,2023-04-21 18:28:02,1,1,0.76
TCKT_067866,low,standard,2023-06-04 06:15:27,0,0,0.214
TCKT_077557,medium,platinum,2023-07-13 15:43:13,1,1,0.907
TCKT_069360,low,gold,2025-01-05 21:24:47,1,1,0.607
TCKT_024889,low,standard,2022-02-01 07:19:37,0,0,0.278
TCKT_025795,medium,standard,2022-12-19 01:07:05,0,0,0.219
TCKT_027423,urgent,standard,2024-06-22 12:52:41,1,0,0.31
TCKT_012986,medium,standard,2023-08-22 23:29:01,0,0,0.265
TCKT_056025,low,platinum,2022-12-03 07:04:23,1,1,0.881
TCKT_079089,high,standard,2024-06-23 15:48:46,1,0,0.306
TCKT_072496,medium,gold,2023-08-31 07:59:01,0,1,0.757
TCKT_075150,high,standard,2025-07-05 00:00:15,0,0,0.267
TCKT_021556,medium,standard,2024-06-24 13:49:46,0,0,0.252
TCKT_030489,low,standard,2023-04-04 17:48:47,0,0,0.252
TCKT_008141,low,standard,2024-09-01 14:54:28,0,0,0.216
TCKT_084422,medium,standard,2025-10-01 05:48:02,0,0,0.245
TCKT_073240,low,standard,2025-01-24 16:48:03,0,0,0.188
TCKT_026665,low,standard,2022-03-17 05:07:28,0,0,0.215
TCKT_030694,medium,standard,2025-04-01 22:28:29,0,0,0.204
TCKT_069550,low,standard,2022-01-22 02:24:45,0,0,0.201
TCKT_029183,low,gold,2022-06-18 22:06:17,1,1,0.623
TCKT_065081,low,gold,2022-08-30 09:28:50,1,1,0.626
TCKT_047955,low,standard,2022-08-17 06:57:55,1,0,0.209
TCKT_009872,medium,standard,2023-10-23 01:51:01,0,0,0.217
TCKT_045491,urgent,standard,2024-01-10 08:35:27,0,0,0.285
TCKT_012834,low,gold,2023-06-29 05:06:09,0,1,0.65
TCKT_062482,low,platinum,2022-01-13 07:17:58,0,1,0.885
TCKT_091809,high,standard,2025-01-28 20:44:39,0,0,0.292
TCKT_060097,high,gold,2024-08-08 19:22:51,1,1,0.74
TCKT_016456,low,gold,2022-05-11 11:26:20,1,1,0.623
TCKT_063643,low,platinum,2024-05-07 11:01:14,0,1,0.865
TCKT_071786,low,gold,2025-05-25 03:26:12,0,1,0.597
TCKT_084132,medium,gold,2022-03-15 21:20:40,1,1,0.758
TCKT_026768,low,standard,2023-03-06 22:07:36,0,0,0.215
TCKT_027681,low,gold,2023-03-30 11:42:42,1,1,0.658
TCKT_016818,medium,standard,2024-12-19 14:34:39,0,0,0.262
TCKT_049541,high,standard,2023-10-14 15:57:56,0,0,0.28
TCKT_085638,low,standard,2022-12-09 17:14:30,0,0,0.211
TCKT_006356,medium,standard,2022-12-15 21:42:45,0,0,0.227
TCKT_005873,high,standard,2025-07-24 23:13:42,0,0,0.252
TCKT_086066,urgent,platinum,2023-10-17 02:53:07,1,1,0.79
TCKT_078713,high,gold,2022-06-14 11:16:00,0,1,0.741
TCKT_076394,medium,standard,2025-02-26 10:31:04,0,0,0.26
TCKT_010156,low,standard,2024-12-11 04:34:52,0,0,0.192
TCKT_000123,high,gold,2022-06-10 15:52:58,1,1,0.735
TCKT_028209,low,standard,2025-11-14 15:50:41,0,0,0.178
TCKT_021553,high,standard,2025-01-29 02:53:00,1,0,0.29
TCKT_085235,medium,platinum,2025-10-05 08:50:40,0,1,0.896
TCKT_080027,high,standard,2024-11-10 05:19:38,0,0,0.255
TCKT_009694,low,platinum,2024-07-25 18:03:00,1,1,0.861
TCKT_034276,high,gold,2023-05-10 12:54:29,0,1,0.736
TCKT_007280,medium,standard,2025-09-09 10:27:12,0,0,0.213
TCKT_099301,high,standard,2023-12-25 03:57:26,0,0,0.27
TCKT_026441,low,platinum,2022-09-05 02:04:20,0,1,0.854
TCKT_039517,low,gold,2023-01-28 06:41:23,1,1,0.593
TCKT_011463,low,standard,2022-02-18 17:54:02,0,0,0.211
TCKT_000347,high,standard,2025-06-17 01:22:24,0,0,0.265
TCKT_058327,medium,standard,2023-07-20 00:36:23,0,0,0.265
TCKT_062113,high,standard,2022-07-06 10:11:58,0,0,0.281
TCKT_024156,medium,gold,2022-09-19 12:28:13,1,1,0.78
TCKT_032242,low,standard,2025-09-21 15:49:13,0,0,0.202
TCKT_036275,low,gold,2023-11-05 10:56:44,1,1,0.59
TCKT_023873,high,gold,2025-09-27 19:00:36,0,1,0.739
TCKT_022611,urgent,standard,2022-04-05 00:18:03,0,0,0.194
TCKT_063206,high,standard,2022-06-10 16:55:53,0,0,0.28
TCKT_098286,low,platinum,2024-09-09 15:07:36,1,1,0.856
TCKT_081208,medium,gold,2023-01-22 19:51:44,1,1,0.74
TCKT_088913,low,standard,2022-08-14 12:28:08,0,0,0.238
TCKT_005110,medium,standard,2024-09-05 14:40:00,0,0,0.259
TCKT_066763,low,standard,2024-12-13 12:10:27,0,0,0.235
TCKT_016119,high,gold,2024-02-06 16:32:54,1,1,0.718
TCKT_036177,low,gold,2025-05-01 21:07:27,0,1,0.63
TCKT_045809,high,gold,2023-10-07 22:47:16,0,1,0.745
TCKT_036727,medium,platinum,2023-12-12 08:41:52,1,1,0.906
TCKT_097715,high,standard,2023-01-04 12:53:08,1,0,0.3
TCKT_011313,low,gold,2025-05-06 21:21:11,0,1,0.633
TCKT_055093,low,standard,2024-12-22 03:31:55,0,0,0.215
TCKT_013233,low,standard,2024-12-28 02:23:53,0,0,0.237
TCKT_026635,medium,standard,2022-05-15 12:53:26,0,0,0.235
TCKT_088067,high,standard,2022-05-10 23:11:37,0,0,0.249
TCKT_079788,low,gold,2022-08-08 18:45:50,0,1,0.637
TCKT_056576,urgent,standard,2023-11-27 08:29:20,0,0,0.314
TCKT_086480,medium,standard,2024-02-16 01:54:08,0,0,0.244
TCKT_067813,medium,gold,2023-01-31 03:02:16,1,1,0.756
TCKT_028506,low,gold,2023-06-28 12:58:22,0,1,0.666
TCKT_001228,low,standard,2022-02-23 12:08:20,0,0,0.26
TCKT_014991,medium,platinum,2025-08-02 05:45:24,1,1,0.908
TCKT_035087,medium,gold,2025-08-23 18:28:33,0,1,0.775
TCKT_070497,medium,standard,2025-07-19 14:53:35,0,0,0.274
TCKT_039692,high,gold,2022-12-20 13:31:02,1,1,0.72
TCKT_074615,high,gold,2024-04-08 11:10:30,0,1,0.755
TCKT_069007,medium,standard,2025-04-04 14:20:35,0,0,0.253
TCKT_035652,low,standard,2024-03-12 11:15:45,0,0,0.216
TCKT_003411,low,standard,2025-09-09 11:12:40,0,0,0.233
TCKT_056718,urgent,standard,2023-02-14 13:45:52,0,0,0.342
TCKT_055407,medium,platinum,2025-11-30 21:36:07,1,1,0.906
TCKT_013877,low,gold,2022-05-06 22:38:13,0,1,0.599
TCKT_064804,low,standard,2025-07-30 02:04:46,0,0,0.153
TCKT_007955,medium,standard,2025-09-19 06:39:44,0,0,0.263
TCKT_080580,high,standard,2024-07-01 01:06:50,0,0,0.237
TCKT_059975,medium,standard,2024-07-20 08:22:13,0,0,0.255
TCKT_091631,low,gold,2025-03-10 14:32:08,1,1,0.636
TCKT_023017,high,standard,2023-08-12 17:14:21,0,0,0.22
TCKT_012091,low,standard,2025-04-02 18:26:33,0,0,0.214
TCKT_030487,low,standard,2023-04-08 02:16:06,0,0,0.213
TCKT_020925,high,standard,2023-09-24 19:00:55,0,0,0.251
TCKT_007033,low,standard,2024-07-03 16:42:26,0,0,0.216
TCKT_036380,medium,standard,2022-09-13 04:44:06,0,0,0.249
TCKT_032939,high,platinum,2023-07-04 13:24:20,1,1,0.903
TCKT_063550,low,gold,2022-03-21 07:26:57,0,1,0.604
TCKT_017169,medium,gold,2023-01-08 22:48:38,0,1,0.762
TCKT_010891,low,standard,2025-02-01 06:05:01,1,0,0.247
TCKT_098050,low,standard,2025-11-20 19:47:08,0,0,0.269
TCKT_026692,low,standard,2022-04-01 21:40:25,0,0,0.176
TCKT_021544,high,gold,2025-08-17 15:24:53,0,1,0.756
TCKT_052509,high,gold,2025-03-10 23:48:12,1,1,0.702
TCKT_088589,medium,standard,2025-05-14 12:40:10,1,0,0.253
TCKT_056925,low,standard,2022-01-11 06:23:02,0,0,0.23
TCKT_039897,medium,platinum,2023-08-15 13:56:54,1,1,0.873
TCKT_093304,low,standard,2024-03-23 15:51:59,0,0,0.259
TCKT_005837,high,standard,2025-07-04 03:23:04,0,0,0.293
TCKT_050447,low,standard,2024-10-01 06:09:24,0,0,0.245
TCKT_018863,low,gold,2022-02-24 20:12:30,0,1,0.633
TCKT_010600,medium,standard,2023-12-01 07:35:31,0,0,0.295
TCKT_068722,low,standard,2023-09-06 14:22:44,0,0,0.228
TCKT_068607,low,gold,2025-02-01 17:36:50,0,1,0.591
TCKT_073080,medium,standard,2022-03-19 20:20:05,0,0,0.263
TCKT_054626,medium,gold,2023-06-24 14:56:57,1,1,0.761
TCKT_013624,low,standard,2024-12-14 10:51:46,0,0,0.236
TCKT_098243,medium,gold,2025-09-11 20:37:39,0,1,0.745
TCKT_047366,low,standard,2025-12-03 06:50:56,0,0,0.19
TCKT_074521,low,standard,2024-01-15 09:16:01,0,0,0.214
TCKT_055276,medium,gold,2022-05-11 15:24:06,0,1,0.742
TCKT_005477,low,platinum,2024-03-12 12:49:31,1,1,0.887
TCKT_034712,medium,standard,2023-05-30 10:06:35,0,0,0.29
TCKT_003269,medium,gold,2025-01-04 23:28:51,1,1,0.691
TCKT_050494,high,standard,2022-09-13 11:51:24,1,0,0.281
TCKT_011293,medium,standard,2025-09-20 06:46:45,0,0,0.24
TCKT_022610,low,gold,2025-10-10 10:22:16,0,1,0.663
TCKT_018339,low,standard,2024-07-26 15:40:43,0,0,0.21
TCKT_042848,low,platinum,2023-10-12 04:10:09,1,1,0.838
TCKT_040604,low,standard,2025-05-08 15:33:13,0,0,0.27
TCKT_066259,medium,standard,2024-11-25 17:40:00,0,0,0.257
TCKT_019449,urgent,standard,2024-10-24 14:19:42,1,0,0.285
TCKT_061121,high,standard,2022-02-23 11:22:43,1,0,0.291
TCKT_053260,medium,gold,2025-08-09 08:56:48,1,1,0.754
TCKT_044254,medium,standard,2025-07-13 16:06:12,0,0,0.242
TCKT_074837,low,standard,2024-05-25 13:22:42,0,0,0.205
TCKT_083540,high,standard,2024-07-19 12:46:42,0,0,0.281
TCKT_087718,low,gold,2025-08-02 04:56:26,0,1,0.577
TCKT_042004,urgent,standard,2023-02-14 11:29:05,0,0,0.315
TCKT_082123,urgent,standard,2022-06-12 17:18:07,1,0,0.261
TCKT_071636,urgent,platinum,2022-06-21 15:54:39,1,1,0.793
TCKT_073925,high,standard,2023-11-22 18:06:53,0,0,0.279
TCKT_015970,low,standard,2022-11-21 18:22:02,1,0,0.2
TCKT_054496,medium,standard,2023-06-06 02:56:04,1,0,0.28
TCKT_031515,low,platinum,2024-01-19 20:05:20,1,1,0.876
TCKT_063033,low,standard,2025-01-11 05:02:22,0,0,0.237
TCKT_083156,medium,standard,2025-06-10 15:38:02,0,0,0.226
TCKT_084506,medium,standard,2023-07-20 17:47:40,1,0,0.265
TCKT_059821,medium,standard,2024-06-03 13:52:26,0,0,0.267
TCKT_004757,low,standard,2025-04-19 20:21:18,0,0,0.278
TCKT_039316,low,standard,2023-08-11 06:49:02,0,0,0.21
TCKT_006680,low,platinum,2024-10-07 08:21:28,0,1,0.88
TCKT_093647,medium,standard,2022-06-23 21:40:47,0,0,0.232
TCKT_045952,low,gold,2023-04-30 15:37:57,0,1,0.625
TCKT_088796,low,standard,2022-08-16 14:17:03,0,0,0.233
TCKT_014478,medium,standard,2024-01-15 17:19:52,0,0,0.229
TCKT_066878,medium,gold,2022-11-25 07:49:13,1,1,0.763
TCKT_010808,low,standard,2024-09-22 04:48:49,0,0,0.255
TCKT_012011,medium,gold,2022-03-12 00:07:51,1,1,0.796
TCKT_010938,high,standard,2024-02-18 12:02:06,1,0,0.284
TCKT_025613,high,gold,2023-10-09 18:41:26,0,1,0.709
TCKT_087211,medium,gold,2022-10-20 13:25:37,1,1,0.763
TCKT_008167,low,standard,2022-04-13 14:05:28,1,0,0.298
TCKT_043678,low,platinum,2024-05-23 16:22:15,0,1,0.875
TCKT_052018,low,gold,2022-09-10 07:45:29,1,1,0.598
TCKT_099441,high,gold,2024-05-09 14:07:17,1,1,0.767
TCKT_085667,low,platinum,2025-07-17 15:25:27,1,1,0.882
TCKT_052375,high,standard,2024-08-23 18:04:51,0,0,0.246
TCKT_013748,low,gold,2024-01-31 20:11:22,0,1,0.647
TCKT_067905,medium,standard,2022-06-14 03:50:00,0,0,0.219
TCKT_048900,medium,gold,2022-04-20 14:54:38,1,1,0.762
TCKT_054967,medium,standard,2023-12-06 18:17:32,0,0,0.209
TCKT_063396,medium,standard,2022-11-26 06:35:07,0,0,0.25
TCKT_024287,low,standard,2022-11-10 12:16:54,0,0,0.233
TCKT_079236,medium,platinum,2023-09-11 07:20:37,1,1,0.885
TCKT_058325,medium,standard,2022-11-22 04:05:13,0,0,0.27
TCKT_013201,medium,platinum,2022-12-23 15:49:52,1,1,0.897
TCKT_089741,urgent,gold,2024-02-23 16:48:17,1,1,0.788
TCKT_086661,high,gold,2022-05-23 20:50:59,0,1,0.72
TCKT_066759,high,standard,2023-07-06 04:10:26,0,0,0.247
TCKT_068985,urgent,standard,2023-12-09 09:44:02,0,0,0.3
TCKT_020992,medium,platinum,2023-09-03 02:06:10,0,1,0.906
TCKT_069649,high,standard,2023-07-21 01:23:12,0,0,0.253
TCKT_072194,high,standard,2022-11-06 10:39:25,0,0,0.293
TCKT_086201,low,gold,2023-09-14 00:50:23,1,1,0.607
TCKT_072730,medium,gold,2025-05-17 22:00:29,1,1,0.745
TCKT_004950,medium,standard,2025-05-28 00:20:06,0,0,0.274
TCKT_094264,low,standard,2022-09-06 17:47:41,0,0,0.264
TCKT_085040,low,platinum,2022-07-05 05:11:44,1,1,0.868
TCKT_007352,high,standard,2023-03-17 23:47:12,0,0,0.255
TCKT_019324,low,standard,2023-06-01 09:56:13,0,0,0.267
TCKT_031697,low,standard,2025-11-08 09:44:38,0,0,0.215
TCKT_013379,low,gold,2024-10-23 17:23:40,0,1,0.609
TCKT_011962,high,standard,2023-05-29 04:37:40,0,0,0.269
TCKT_091342,low,gold,2024-07-27 17:23:39,0,1,0.615
TCKT_008919,low,standard,2025-08-09 13:17:00,0,0,0.281
TCKT_092234,medium,standard,2025-12-16 15:41:38,0,0,0.281
TCKT_036388,high,standard,2022-04-01 03:52:44,1,0,0.238
TCKT_097802,medium,gold,2023-06-04 17:12:13,0,1,0.734
TCKT_092510,urgent,gold,2025-09-05 11:51:08,1,1,0.767
TCKT_094467,low,standard,2025-02-13 12:04:01,0,0,0.224
TCKT_037921,low,gold,2025-11-19 01:59:54,0,1,0.645
TCKT_022987,medium,standard,2025-11-26 08:04:05,0,0,0.245
TCKT_084885,low,standard,2023-10-12 22:08:34,0,0,0.272
TCKT_059164,high,standard,2023-10-06 01:32:52,0,0,0.233
TCKT_009933,high,gold,2025-12-22 23:54:02,1,1,0.592
TCKT_005344,low,standard,2024-09-29 13:07:08,0,0,0.235
TCKT_028328,medium,standard,2024-01-24 05:35:22,0,0,0.24
TCKT_033117,low,gold,2023-03-19 06:11:12,1,1,0.644
TCKT_041548,low,standard,2023-12-07 07:46:16,0,0,0.216
TCKT_024511,low,gold,2022-01-13 08:19:20,1,1,0.621
TCKT_029236,low,gold,2024-08-13 13:56:28,0,1,0.606
TCKT_097385,urgent,standard,2025-01-03 19:45:02,0,0,0.322
TCKT_070875,medium,standard,2025-06-12 19:26:45,0,0,0.232
TCKT_064216,low,standard,2024-05-01 07:32:14,0,0,0.211
TCKT_083122,low,standard,2025-07-06 11:57:58,0,0,0.223
TCKT_017156,low,gold,2025-06-15 00:27:07,0,1,0.623
TCKT_053719,medium,standard,2022-04-27 23:20:45,0,0,0.237
TCKT_098771,low,standard,2024-03-27 19:25:29,1,0,0.262
TCKT_055285,medium,gold,2024-12-25 01:52:08,0,1,0.791
TCKT_079707,medium,gold,2025-11-05 01:57:10,0,1,0.776
TCKT_000158,medium,standard,2025-07-28 01:09:24,1,0,0.209
TCKT_066527,low,standard,2022-12-14 04:52:48,0,0,0.233
TCKT_072056,low,platinum,2024-09-06 12:22:23,1,1,0.866
TCKT_024274,medium,standard,2025-04-08 21:06:23,0,0,0.263
TCKT_042569,high,gold,2024-08-26 20:39:40,1,1,0.768
TCKT_070523,medium,gold,2022-03-16 10:08:16,1,1,0.768
TCKT_015471,medium,gold,2022-10-26 08:24:33,0,1,0.777
TCKT_064236,low,gold,2024-01-22 22:51:51,0,1,0.594
TCKT_018098,medium,standard,2024-11-16 23:04:24,0,0,0.281
TCKT_023377,urgent,standard,2025-08-07 19:25:01,0,0,0.316
TCKT_016838,low,standard,2025-03-27 07:06:52,0,0,0.221
TCKT_016956,medium,standard,2024-05-24 19:01:43,0,0,0.279
TCKT_047298,low,standard,2022-04-17 03:27:07,0,0,0.217
TCKT_011515,low,standard,2025-07-31 07:27:24,0,0,0.278
TCKT_024920,medium,standard,2025-07-29 02:22:34,0,0,0.248
TCKT_029338,medium,standard,2023-05-19 13:53:33,0,0,0.236
TCKT_024943,low,gold,2025-01-25 05:09:17,1,1,0.634
TCKT_066731,medium,gold,2022-06-15 15:56:57,1,1,0.774
TCKT_037204,low,standard,2025-08-10 11:46:57,0,0,0.226
TCKT_056869,medium,standard,2023-09-09 23:35:11,0,0,0.25
TCKT_077191,high,standard,2025-05-09 17:23:22,0,0,0.266
TCKT_094523,low,platinum,2022-02-27 11:29:57,1,1,0.873
TCKT_045943,low,standard,2024-01-28 14:34:39,0,0,0.222
TCKT_020243,medium,gold,2024-10-31 06:37:10,1,1,0.748
TCKT_060844,medium,standard,2023-08-01 08:06:20,0,0,0.272
TCKT_016622,low,standard,2025-08-01 08:45:55,0,0,0.226
TCKT_067420,medium,platinum,2022-07-10 04:36:39,1,1,0.884
TCKT_017762,low,standard,2023-07-03 23:55:42,0,0,0.23
TCKT_037945,medium,gold,2024-01-12 22:29:54,1,1,0.765
TCKT_060526,low,standard,2022-03-29 15:29:07,0,0,0.225
TCKT_006448,high,standard,2024-04-22 12:52:40,0,0,0.264
TCKT_073355,low,standard,2024-02-19 12:49:40,0,0,0.192
TCKT_040478,high,gold,2022-08-25 08:01:57,0,1,0.727
TCKT_056330,low,standard,2022-07-21 10:06:31,0,0,0.233
TCKT_070576,low,gold,2023-10-21 17:36:59,0,1,0.626
TCKT_018593,low,standard,2023-06-22 16:49:17,0,0,0.238
TCKT_068970,low,gold,2023-12-15 03:11:46,0,1,0.648
TCKT_038499,high,standard,2025-05-30 01:59:04,0,0,0.274
TCKT_083483,high,platinum,2023-12-23 07:28:35,1,1,0.85
TCKT_011585,low,standard,2024-07-19 17:38:47,0,0,0.246
TCKT_024640,high,standard,2024-05-25 16:41:15,0,0,0.27
TCKT_096056,low,gold,2025-08-13 22:41:24,1,1,0.581
TCKT_081907,medium,gold,2025-03-05 13:34:12,1,1,0.781
TCKT_092220,low,standard,2024-10-17 15:10:35,0,0,0.197
TCKT_073410,low,standard,2024-01-07 18:28:16,0,0,0.227
TCKT_086550,low,standard,2022-06-16 16:37:31,0,0,0.3
TCKT_025341,low,standard,2022-05-14 18:53:53,1,0,0.192
TCKT_075256,low,platinum,2024-05-06 17:47:18,1,1,0.854
TCKT_058293,medium,standard,2024-06-24 23:42:53,0,0,0.269
TCKT_068688,low,standard,2024-08-20 00:07:27,0,0,0.255
TCKT_047543,low,gold,2023-01-24 12:15:43,0,1,0.611
TCKT_045647,low,gold,2025-07-14 21:03:47,1,1,0.626
TCKT_034919,medium,platinum,2025-07-19 09:55:21,0,1,0.905
TCKT_007584,medium,standard,2023-04-10 12:55:35,0,0,0.252
TCKT_024769,low,gold,2023-11-11 13:49:59,0,1,0.677
TCKT_061033,urgent,platinum,2022-01-22 18:45:54,1,1,0.816
TCKT_029721,low,standard,2025-07-08 21:01:46,0,0,0.268
TCKT_041029,medium,gold,2023-04-26 09:54:35,0,1,0.766
TCKT_089336,low,standard,2024-10-13 05:47:47,0,0,0.22
TCKT_084318,high,gold,2024-02-23 15:43:17,0,1,0.75
TCKT_009346,urgent,standard,2022-12-08 14:47:51,0,0,0.305
TCKT_063968,high,standard,2022-05-07 08:21:24,0,0,0.243
TCKT_025968,medium,platinum,2025-12-24 15:43:38,1,1,0.879
TCKT_091644,low,platinum,2023-09-03 16:15:58,1,1,0.882
TCKT_084537,high,gold,2023-09-22 20:36:03,0,1,0.726
TCKT_017937,high,standard,2022-05-21 02:33:10,0,0,0.297
TCKT_018188,urgent,standard,2025-10-07 00:44:13,1,0,0.237
TCKT_084340,medium,standard,2024-11-15 16:48:05,0,0,0.316
TCKT_086965,low,standard,2025-05-22 03:54:12,0,0,0.173
TCKT_095474,high,gold,2022-08-08 08:11:49,1,1,0.735
TCKT_078666,medium,gold,2023-09-22 04:26:08,0,1,0.768
TCKT_077289,low,platinum,2024-08-31 22:13:37,1,1,0.827
TCKT_027943,high,standard,2023-12-29 12:49:44,0,0,0.273
TCKT_073028,low,platinum,2023-07-02 11:34:55,1,1,0.851
TCKT_034745,medium,standard,2025-05-26 10:30:32,0,0,0.243
TCKT_037653,high,standard,2023-10-25 19:30:01,0,0,0.3
TCKT_049653,low,standard,2024-02-03 06:32:09,0,0,0.229
TCKT_059169,low,gold,2024-02-22 01:50:30,0,1,0.656
TCKT_047549,low,platinum,2023-03-22 03:17:02,1,1,0.85
TCKT_019840,low,gold,2023-02-18 08:56:04,0,1,0.625
TCKT_084155,high,standard,2023-02-10 02:10:17,0,0,0.265
TCKT_030070,medium,standard,2024-07-06 04:47:44,0,0,0.24
TCKT_074958,low,standard,2022-03-25 06:02:41,0,0,0.223
TCKT_098443,high,gold,2022-12-07 13:13:26,1,1,0.75
TCKT_048201,urgent,platinum,2025-12-02 11:02:25,1,1,0.789
TCKT_054691,medium,platinum,2024-06-09 08:49:46,1,1,0.841
TCKT_081828,high,standard,2023-04-08 11:53:40,0,0,0.269
TCKT_006936,low,standard,2024-09-25 15:26:36,0,0,0.215
TCKT_093732,low,platinum,2024-02-16 12:18:39,1,1,0.899
TCKT_016501,medium,platinum,2023-10-13 22:58:43,1,1,0.869
TCKT_092490,urgent,standard,2023-11-09 16:40:53,0,0,0.266
TCKT_079721,medium,platinum,2024-04-05 10:58:12,1,1,0.839
TCKT_002572,medium,standard,2023-03-06 21:50:49,0,0,0.201
TCKT_093321,medium,standard,2025-08-08 08:14:06,0,0,0.243
TCKT_046047,low,standard,2024-08-04 14:58:11,0,0,0.221
TCKT_004924,low,standard,2025-03-26 08:47:25,1,0,0.291
TCKT_098539,low,standard,2022-07-12 13:26:44,0,0,0.223
TCKT_079231,medium,standard,2024-11-11 20:53:41,0,0,0.26
TCKT_083527,medium,standard,2023-09-19 11:43:14,0,0,0.258
TCKT_043835,urgent,standard,2023-12-11 18:56:39,1,0,0.267
TCKT_088489,high,standard,2023-08-27 03:59:29,0,0,0.299
TCKT_006964,high,gold,2022-09-30 17:28:20,1,1,0.739
TCKT_054314,medium,standard,2022-04-02 23:45:09,0,0,0.293
TCKT_062651,medium,standard,2024-09-23 17:40:09,0,0,0.258
TCKT_030034,low,platinum,2024-03-16 14:38:38,1,1,0.857
TCKT_057191,low,gold,2025-06-14 20:25:43,0,1,0.576
TCKT_020020,low,standard,2023-01-05 18:03:41,0,0,0.235
TCKT_090321,medium,standard,2025-01-22 23:17:42,0,0,0.244
TCKT_039880,medium,platinum,2024-07-15 17:20:37,0,1,0.898
TCKT_073146,high,gold,2025-02-28 23:23:09,1,1,0.617
TCKT_055427,high,platinum,2024-11-10 20:57:38,1,1,0.892
TCKT_049738,low,standard,2022-07-17 11:37:00,0,0,0.258
TCKT_001340,medium,standard,2023-04-13 08:47:29,0,0,0.241
TCKT_020987,medium,gold,2024-12-04 14:32:31,0,1,0.784
TCKT_006185,low,standard,2023-06-13 03:01:43,0,0,0.234
TCKT_019493,medium,gold,2024-04-06 12:10:21,1,1,0.761
TCKT_096491,low,standard,2022-07-30 16:49:24,0,0,0.222
TCKT_079307,high,gold,2024-12-02 00:09:30,1,1,0.782
TCKT_075294,high,standard,2025-12-19 22:35:13,0,0,0.239
TCKT_046014,high,standard,2022-06-24 11:50:57,0,0,0.262
TCKT_059163,medium,standard,2025-01-01 17:52:35,0,0,0.244
TCKT_004945,medium,standard,2025-03-05 17:04:07,0,0,0.237
TCKT_035046,low,gold,2023-09-18 11:33:50,0,1,0.636
TCKT_089301,urgent,standard,2023-10-27 01:13:30,1,0,0.204
TCKT_056511,low,gold,2025-11-04 00:51:24,1,1,0.56
TCKT_025210,medium,standard,2022-10-14 22:06:49,0,0,0.211
TCKT_092882,low,gold,2023-04-23 16:42:53,1,1,0.603
TCKT_012384,urgent,gold,2024-10-06 21:45:04,0,1,0.731
TCKT_006056,low,gold,2022-08-28 11:57:36,1,1,0.629
TCKT_086096,high,standard,2024-06-10 10:41:16,0,0,0.263
TCKT_016313,medium,standard,2024-06-22 22:48:52,1,0,0.227
TCKT_042694,medium,platinum,2025-12-24 09:04:19,1,1,0.877
TCKT_025748,medium,gold,2025-12-22 22:07:34,0,1,0.771
TCKT_078558,low,standard,2024-03-18 08:46:38,0,0,0.198
TCKT_046621,medium,platinum,2022-04-08 02:10:02,1,1,0.873
TCKT_015307,high,standard,2022-07-17 10:58:23,0,0,0.28
TCKT_016250,medium,standard,2022-05-20 05:10:26,0,0,0.239
TCKT_047375,high,standard,2025-01-19 14:02:28,1,0,0.271
TCKT_098237,low,platinum,2023-11-12 14:39:29,1,1,0.886
TCKT_077850,low,standard,2025-01-29 13:43:04,0,0,0.23
TCKT_021957,medium,gold,2025-06-24 23:22:55,1,1,0.725
TCKT_095583,medium,standard,2023-09-24 13:37:15,0,0,0.264
TCKT_045214,low,standard,2024-12-04 13:01:53,0,0,0.216
TCKT_053679,high,standard,2022-10-25 20:15:34,1,0,0.277
TCKT_041127,high,standard,2022-11-09 07:48:10,0,0,0.268
TCKT_058158,medium,standard,2025-09-13 03:44:06,0,0,0.222
TCKT_096388,medium,standard,2025-08-20 10:01:18,0,0,0.252
TCKT_021082,high,platinum,2022-03-12 15:07:34,1,1,0.887
TCKT_045603,high,platinum,2023-02-03 10:45:22,1,1,0.822
TCKT_013063,low,platinum,2024-08-20 16:30:00,1,1,0.887
TCKT_035539,low,standard,2025-02-01 10:41:53,1,0,0.222
TCKT_007115,medium,gold,2024-01-09 17:05:00,0,1,0.748
TCKT_029032,low,standard,2024-07-05 11:36:32,0,0,0.213
TCKT_003952,low,gold,2024-03-27 05:27:48,0,1,0.616
TCKT_012152,low,standard,2022-02-12 10:27:46,0,0,0.238
TCKT_056749,high,standard,2025-06-23 12:40:16,0,0,0.296
TCKT_064686,low,standard,2024-06-04 05:28:49,0,0,0.197
TCKT_058671,high,gold,2024-10-24 22:24:31,0,1,0.709
TCKT_042745,low,gold,2025-07-02 16:46:26,0,1,0.652
TCKT_066334,low,gold,2025-12-05 19:21:48,1,1,0.623
TCKT_005128,medium,standard,2022-12-09 13:33:52,0,0,0.249
TCKT_039080,low,gold,2023-09-06 10:14:59,0,1,0.622
TCKT_062989,low,gold,2023-10-23 00:17:31,0,1,0.586
TCKT_091663,low,standard,2023-03-12 09:18:27,0,0,0.215
TCKT_010092,low,standard,2025-10-27 21:27:53,0,0,0.206
TCKT_070819,high,standard,2025-10-11 10:10:59,1,0,0.272
TCKT_064806,medium,standard,2024-07-21 18:00:06,0,0,0.226
TCKT_023180,low,gold,2023-03-27 10:02:36,1,1,0.638
TCKT_010932,medium,standard,2025-05-23 21:37:53,0,0,0.246
TCKT_007925,low,standard,2024-07-04 00:19:14,0,0,0.276
TCKT_084417,low,platinum,2023-04-11 09:56:15,1,1,0.853
TCKT_063426,low,gold,2025-08-19 04:05:01,1,1,0.544
TCKT_058107,medium,standard,2025-05-20 19:16:04,0,0,0.235
TCKT_052701,high,standard,2024-03-23 22:35:36,0,0,0.272
TCKT_085618,low,gold,2022-05-23 08:35:32,0,1,0.602
TCKT_079605,low,standard,2025-11-14 23:35:06,0,0,0.225
TCKT_068209,high,standard,2025-07-27 11:55:51,0,0,0.275
TCKT_006034,medium,standard,2025-01-27 18:36:43,0,0,0.22
TCKT_009300,low,standard,2022-02-04 20:06:57,0,0,0.231
TCKT_078425,high,gold,2022-07-28 06:06:22,1,1,0.728
TCKT_001630,low,standard,2025-07-25 04:22:52,0,0,0.198
TCKT_087359,medium,standard,2024-04-04 03:42:01,0,0,0.221
TCKT_013883,medium,standard,2022-09-30 16:39:14,0,0,0.27
TCKT_034438,low,standard,2022-04-18 10:15:20,1,0,0.209
TCKT_031075,low,standard,2024-06-08 17:02:56,0,0,0.22
TCKT_084797,medium,standard,2022-02-17 17:50:44,0,0,0.206
TCKT_021363,medium,standard,2023-06-30 10:34:41,0,0,0.287
TCKT_059430,medium,standard,2024-07-05 21:21:20,0,0,0.225
TCKT_031590,low,standard,2024-04-24 07:46:28,0,0,0.247
TCKT_051507,low,standard,2025-01-28 10:25:01,0,0,0.272
TCKT_015843,high,platinum,2023-03-31 04:43:44,1,1,0.854
TCKT_089987,medium,gold,2023-06-24 17:46:01,1,1,0.739
TCKT_022832,medium,standard,2025-04-09 04:46:15,0,0,0.257
TCKT_031099,medium,platinum,2023-09-05 15:23:37,1,1,0.902
TCKT_036615,medium,standard,2022-01-06 07:39:03,1,0,0.272
TCKT_051986,low,gold,2022-11-09 15:47:55,0,1,0.587
TCKT_087942,low,standard,2022-09-16 21:18:43,0,0,0.217
TCKT_091195,medium,gold,2023-11-11 04:52:46,1,1,0.76
TCKT_065824,low,gold,2023-02-23 06:54:32,1,1,0.623
TCKT_039018,medium,gold,2022-06-18 02:27:32,1,1,0.783
TCKT_050129,low,gold,2023-06-03 15:16:33,0,1,0.645
TCKT_083152,medium,platinum,2025-09-12 03:04:36,1,1,0.923
TCKT_027368,high,standard,2024-01-26 12:42:03,0,0,0.25
TCKT_092813,high,platinum,2025-10-28 16:13:19,1,1,0.858
TCKT_085263,medium,standard,2024-10-30 07:56:01,0,0,0.244
TCKT_065944,urgent,gold,2024-04-19 09:53:53,0,1,0.685
TCKT_016995,low,platinum,2024-11-06 02:53:52,1,1,0.866
TCKT_025959,low,standard,2024-10-22 09:01:20,0,0,0.232
TCKT_058207,medium,gold,2024-08-20 21:20:39,0,1,0.742
TCKT_095991,low,platinum,2023-11-02 23:21:14,0,1,0.809
TCKT_093512,high,standard,2022-12-28 06:45:23,0,0,0.255
TCKT_088601,medium,standard,2025-01-07 23:40:32,1,0,0.216
TCKT_092641,low,standard,2023-06-03 13:33:04,0,0,0.226
TCKT_077430,medium,gold,2022-03-21 17:46:32,0,1,0.771
TCKT_061552,urgent,standard,2022-12-11 04:02:15,0,0,0.265
TCKT_042164,low,standard,2025-05-08 15:59:44,0,0,0.221
TCKT_065198,medium,standard,2023-11-16 03:05:13,1,0,0.26
TCKT_094550,medium,gold,2023-04-25 02:48:15,1,1,0.714
TCKT_036943,high,platinum,2023-04-26 11:54:58,1,1,0.871
TCKT_063051,high,standard,2025-12-26 15:17:54,0,0,0.264
TCKT_065635,medium,standard,2025-01-27 16:02:42,0,0,0.261
TCKT_083761,low,gold,2024-12-23 21:23:46,1,1,0.64
TCKT_009722,low,standard,2024-08-10 03:21:54,0,0,0.209
TCKT_091653,low,gold,2023-03-24 13:42:40,0,1,0.639
TCKT_035030,low,gold,2023-01-24 22:49:23,0,1,0.613
TCKT_040814,low,standard,2022-12-04 00:54:52,0,0,0.23
TCKT_045576,urgent,gold,2022-05-23 14:09:23,0,1,0.778
TCKT_053731,low,standard,2023-02-15 04:08:56,0,0,0.206
TCKT_077454,medium,standard,2024-12-11 07:59:39,0,0,0.22
TCKT_006366,medium,standard,2024-04-01 18:11:34,0,0,0.254
TCKT_095794,medium,standard,2024-02-04 18:36:42,0,0,0.27
TCKT_098319,low,gold,2022-07-17 14:14:59,1,1,0.588
TCKT_002288,high,standard,2024-10-28 20:58:26,1,0,0.251
TCKT_027226,medium,standard,2023-04-17 02:50:45,0,0,0.203
TCKT_010137,high,standard,2025-02-25 07:21:07,0,0,0.299
TCKT_048881,low,platinum,2023-04-16 18:26:18,1,1,0.873
TCKT_065462,high,standard,2024-07-17 18:19:10,0,0,0.239
TCKT_067483,low,standard,2025-03-14 10:07:02,0,0,0.213
TCKT_036321,high,standard,2023-09-21 03:13:10,0,0,0.284
TCKT_041984,low,gold,2023-06-23 17:09:27,1,1,0.596
TCKT_050274,low,gold,2022-12-27 02:57:49,1,1,0.572
TCKT_086304,high,standard,2025-05-31 16:24:07,0,0,0.249
TCKT_011221,low,gold,2023-10-08 00:39:03,1,1,0.606
TCKT_049579,low,standard,2023-01-25 01:27:33,1,0,0.218
TCKT_069994,medium,platinum,2025-08-06 19:38:31,1,1,0.872
TCKT_085031,high,gold,2025-07-26 20:44:51,1,1,0.724
TCKT_022144,low,platinum,2025-08-07 08:33:22,1,1,0.85
TCKT_088966,medium,standard,2025-04-26 15:56:47,1,0,0.256
TCKT_070046,medium,standard,2025-09-16 22:04:24,0,0,0.24
TCKT_080094,medium,standard,2022-09-18 08:22:47,0,0,0.268
TCKT_051419,medium,gold,2022-06-22 07:10:46,1,1,0.765
TCKT_088175,low,standard,2025-06-19 15:38:15,0,0,0.223
TCKT_028281,urgent,standard,2022-09-25 07:17:55,0,0,0.309
TCKT_006919,low,gold,2023-07-21 12:20:27,0,1,0.635
TCKT_045543,high,standard,2025-10-30 15:21:48,0,0,0.286
TCKT_013241,medium,standard,2024-12-03 09:36:08,0,0,0.277
TCKT_052767,medium,gold,2025-01-23 12:53:50,0,1,0.772
TCKT_005426,low,standard,2025-06-07 02:14:49,0,0,0.252
TCKT_000540,high,standard,2025-06-28 07:04:10,0,0,0.225
TCKT_065463,low,platinum,2024-05-20 16:17:38,1,1,0.855
TCKT_020516,low,standard,2025-02-11 16:49:43,1,0,0.275
TCKT_003171,low,standard,2025-03-23 18:01:26,0,0,0.214
TCKT_041408,high,standard,2025-12-04 00:38:58,0,0,0.266
TCKT_051491,urgent,standard,2024-03-01 22:04:33,0,0,0.253
TCKT_000817,low,gold,2022-03-05 20:22:32,0,1,0.629
TCKT_031364,medium,standard,2024-05-19 23:31:46,1,0,0.251
TCKT_078701,low,standard,2024-08-10 02:06:01,0,0,0.206
TCKT_058458,low,platinum,2023-10-18 16:45:40,1,1,0.875
TCKT_073070,low,standard,2025-10-09 21:45:15,0,0,0.231
TCKT_023728,high,standard,2022-03-30 00:45:36,0,0,0.243
TCKT_064267,low,standard,2023-06-28 16:14:59,0,0,0.225
TCKT_010019,medium,standard,2024-04-21 18:58:59,0,0,0.27
TCKT_069388,medium,standard,2025-05-22 08:36:36,0,0,0.289
TCKT_031374,high,standard,2025-08-11 22:56:01,0,0,0.264
TCKT_065291,high,standard,2022-11-20 10:53:44,1,0,0.252
TCKT_051145,low,standard,2023-10-04 09:07:21,0,0,0.249
TCKT_040096,low,standard,2023-03-21 13:45:29,0,0,0.224
TCKT_081310,low,platinum,2022-01-30 14:29:34,1,1,0.879
TCKT_083845,high,standard,2024-11-26 00:24:39,0,0,0.296
TCKT_034179,low,standard,2023-06-04 19:59:26,0,0,0.238
TCKT_065571,high,gold,2023-08-20 12:31:12,0,1,0.768
TCKT_002120,medium,standard,2025-04-16 01:21:22,0,0,0.254
TCKT_072251,low,standard,2024-05-19 01:03:57,0,0,0.22
TCKT_053293,medium,standard,2022-07-08 20:13:25,0,0,0.233
TCKT_095400,low,standard,2023-04-22 22:37:38,1,0,0.229
TCKT_087001,high,standard,2022-08-11 21:17:58,0,0,0.259
TCKT_039819,medium,standard,2022-03-24 09:31:47,0,0,0.269
TCKT_003051,medium,standard,2022-02-28 13:08:45,0,0,0.272
TCKT_039274,medium,standard,2024-12-25 04:11:33,0,0,0.19
TCKT_051872,low,gold,2025-04-10 16:27:50,0,1,0.599
TCKT_034458,urgent,platinum,2023-05-11 21:22:08,1,1,0.725
TCKT_058340,low,standard,2024-11-06 05:35:01,0,0,0.213
TCKT_077055,low,gold,2025-03-06 21:51:14,0,1,0.634
TCKT_037597,low,gold,2024-09-22 09:35:21,1,1,0.613
TCKT_029156,medium,standard,2023-08-26 14:22:51,0,0,0.228
TCKT_059297,low,gold,2023-06-29 23:43:05,1,1,0.568
TCKT_045071,low,platinum,2025-04-30 14:19:51,1,1,0.848
TCKT_032873,high,standard,2025-01-20 18:01:36,0,0,0.271
TCKT_028896,low,standard,2022-03-09 11:56:30,0,0,0.238
TCKT_040848,high,standard,2022-03-17 11:57:11,1,0,0.251
TCKT_041887,medium,platinum,2025-10-16 17:25:06,1,1,0.907
TCKT_019588,low,standard,2023-07-05 18:44:16,0,0,0.228
TCKT_026932,high,platinum,2022-05-05 15:08:30,1,1,0.838
TCKT_016940,low,gold,2022-09-27 00:02:48,1,1,0.547
TCKT_079773,low,gold,2023-08-10 04:56:02,1,1,0.57
TCKT_054363,urgent,standard,2022-05-15 16:57:21,0,0,0.35
TCKT_037148,high,standard,2023-12-20 10:10:36,0,0,0.28
TCKT_097034,medium,gold,2023-11-05 18:44:10,1,1,0.748
TCKT_021222,low,standard,2022-05-08 07:15:21,0,0,0.245
TCKT_022646,low,platinum,2024-12-21 09:55:11,1,1,0.886
TCKT_033590,medium,standard,2024-09-02 22:48:11,0,0,0.257
TCKT_093230,low,standard,2023-01-04 16:41:53,0,0,0.217
TCKT_000758,medium,standard,2024-01-16 18:06:42,0,0,0.297
TCKT_041827,low,standard,2025-08-19 17:04:01,1,0,0.257
TCKT_091679,high,platinum,2024-01-09 22:07:34,1,1,0.87
TCKT_021092,low,standard,2024-05-21 11:07:50,1,0,0.228
TCKT_070772,low,gold,2023-02-08 03:20:45,0,1,0.615
TCKT_082358,low,standard,2025-01-21 04:14:45,0,0,0.206
TCKT_050359,high,gold,2024-05-21 22:48:33,0,1,0.712
TCKT_017417,low,standard,2022-03-24 13:14:39,1,0,0.268
TCKT_001501,medium,standard,2025-05-20 03:34:28,0,0,0.214
TCKT_023139,low,platinum,2024-07-24 10:18:58,1,1,0.849
TCKT_065381,low,platinum,2024-06-28 07:58:26,0,1,0.865
TCKT_087243,medium,gold,2024-07-11 04:21:50,0,1,0.76
TCKT_005045,low,standard,2025-10-21 04:19:41,0,0,0.213
TCKT_069754,high,standard,2023-11-26 04:44:56,0,0,0.249
TCKT_083066,high,standard,2025-08-09 22:41:42,0,0,0.282
TCKT_069821,medium,gold,2023-04-20 02:11:13,0,1,0.771
TCKT_095735,medium,standard,2022-10-31 19:08:49,0,0,0.247
TCKT_039832,low,gold,2022-10-31 10:14:30,1,1,0.62
TCKT_007189,medium,standard,2023-04-27 21:47:54,0,0,0.268
TCKT_009385,urgent,platinum,2022-09-06 19:04:30,1,1,0.806
TCKT_041341,low,platinum,2022-12-02 03:15:00,1,1,0.865
TCKT_098916,low,gold,2023-10-11 10:15:58,0,1,0.63
TCKT_070204,low,standard,2023-10-09 01:10:04,0,0,0.179
TCKT_083411,medium,gold,2024-07-08 11:07:57,0,1,0.754
TCKT_075357,medium,standard,2025-10-19 20:15:03,0,0,0.238
TCKT_062793,medium,platinum,2022-11-24 07:30:08,0,1,0.906
TCKT_023956,high,standard,2023-11-07 23:07:01,0,0,0.257
TCKT_011385,low,standard,2023-05-05 00:54:31,0,0,0.234
TCKT_050297,medium,standard,2022-05-09 03:19:09,0,0,0.233
TCKT_069964,medium,standard,2024-03-28 00:09:46,0,0,0.255
TCKT_086264,medium,gold,2025-10-07 09:28:56,0,1,0.727
TCKT_086131,medium,gold,2023-03-21 02:03:25,1,1,0.797
TCKT_028530,low,standard,2023-10-29 19:11:04,0,0,0.228
TCKT_099415,medium,standard,2025-11-10 23:34:09,0,0,0.253
TCKT_093112,high,gold,2022-11-01 21:44:02,0,1,0.695
TCKT_063437,medium,standard,2024-10-23 06:58:12,1,0,0.259
TCKT_040201,high,standard,2025-09-30 10:26:27,1,0,0.307
TCKT_064070,medium,standard,2024-05-28 11:56:42,0,0,0.258
TCKT_029908,medium,standard,2022-12-15 02:58:38,0,0,0.201
TCKT_034379,low,standard,2022-07-12 20:24:41,0,0,0.217
TCKT_092048,medium,gold,2023-05-07 14:42:03,1,1,0.771
TCKT_063581,high,gold,2022-05-11 12:37:34,0,1,0.706
TCKT_058451,low,standard,2024-06-23 08:10:45,0,0,0.237
TCKT_028500,medium,gold,2025-09-17 03:17:09,0,1,0.77
TCKT_068339,urgent,standard,2022-04-26 23:13:19,0,0,0.342
TCKT_096116,low,gold,2025-06-24 15:49:14,0,1,0.641
TCKT_087585,low,gold,2024-02-24 00:57:05,0,1,0.59
TCKT_097652,high,platinum,2023-10-20 07:26:00,1,1,0.895
TCKT_071995,high,standard,2023-07-30 00:25:17,0,0,0.29
TCKT_034899,high,gold,2023-03-02 20:58:16,0,1,0.743
TCKT_064860,urgent,standard,2024-11-23 20:10:46,0,0,0.271
TCKT_077234,medium,standard,2025-05-25 16:13:14,0,0,0.229
TCKT_042589,low,standard,2023-12-18 20:09:07,0,0,0.212
TCKT_004210,medium,standard,2024-01-11 01:29:08,0,0,0.208
TCKT_010811,high,standard,2022-05-08 04:58:59,0,0,0.311
TCKT_028297,high,standard,2022-07-12 00:55:20,0,0,0.187
TCKT_088834,low,standard,2025-08-28 19:37:32,0,0,0.198
TCKT_062877,medium,standard,2022-11-03 00:51:06,0,0,0.241
TCKT_070872,high,gold,2024-09-27 08:45:40,0,1,0.744
TCKT_015634,low,gold,2025-07-25 18:25:58,0,1,0.618
TCKT_079110,high,standard,2022-05-06 14:51:49,0,0,0.333
TCKT_052536,medium,standard,2024-08-23 19:57:35,0,0,0.247
TCKT_099976,medium,gold,2023-01-07 05:42:35,0,1,0.771
TCKT_004068,medium,standard,2023-02-22 19:47:34,0,0,0.244
TCKT_031802,low,gold,2022-11-17 09:19:19,0,1,0.615
TCKT_075962,low,standard,2023-08-05 22:28:26,0,0,0.223
TCKT_035184,low,standard,2025-09-18 04:20:42,1,0,0.205
TCKT_041280,low,gold,2024-01-18 14:59:49,0,1,0.591
TCKT_097520,medium,standard,2025-09-02 14:07:57,0,0,0.203
TCKT_007885,medium,standard,2024-05-16 08:05:53,0,0,0.266
TCKT_013586,low,standard,2022-11-18 10:24:02,0,0,0.232
TCKT_081081,high,standard,2022-03-15 19:59:28,0,0,0.279
TCKT_074986,low,standard,2024-12-04 08:22:20,0,0,0.23
TCKT_017059,low,standard,2025-11-11 03:02:46,0,0,0.238
TCKT_054599,medium,standard,2024-03-22 09:00:21,1,0,0.231
TCKT_042138,medium,standard,2024-01-11 00:54:12,0,0,0.287
TCKT_032865,high,gold,2024-03-09 21:52:50,0,1,0.74
TCKT_057816,low,standard,2024-04-08 02:56:23,0,0,0.267
TCKT_039682,low,standard,2022-04-02 10:34:54,0,0,0.201
TCKT_059866,low,gold,2024-02-07 15:43:28,1,1,0.616
TCKT_038993,low,standard,2025-07-12 20:09:36,1,0,0.258
TCKT_093933,medium,standard,2022-12-10 09:24:56,0,0,0.219
TCKT_065539,high,platinum,2022-09-02 00:13:00,0,1,0.851
TCKT_051871,medium,standard,2024-12-19 07:08:47,0,0,0.209
TCKT_027655,medium,standard,2023-04-14 02:27:38,0,0,0.224
TCKT_042737,low,gold,2025-07-31 05:26:24,1,1,0.631
TCKT_017396,high,standard,2022-09-16 23:21:20,0,0,0.25
TCKT_055074,high,standard,2024-07-04 19:21:08,0,0,0.325
TCKT_001546,medium,platinum,2025-01-05 06:01:17,1,1,0.9
TCKT_027005,medium,standard,2022-07-19 08:55:32,0,0,0.27
TCKT_006967,urgent,standard,2025-01-06 01:36:31,1,0,0.263
TCKT_054298,low,gold,2023-07-03 12:23:01,1,1,0.621
TCKT_078400,high,standard,2024-08-02 08:29:06,0,0,0.272
TCKT_088318,low,standard,2023-12-07 00:24:26,0,0,0.255
TCKT_075949,low,standard,2022-07-24 14:50:49,0,0,0.222
TCKT_065199,medium,standard,2024-09-28 09:42:00,0,0,0.237
TCKT_028884,medium,standard,2025-06-04 14:35:47,0,0,0.271
TCKT_093462,urgent,standard,2024-09-11 08:40:18,0,0,0.372
TCKT_027815,medium,standard,2023-09-04 04:32:23,0,0,0.25
TCKT_070767,high,standard,2024-05-02 14:41:12,0,0,0.26
TCKT_081307,medium,standard,2023-10-13 00:33:49,0,0,0.228
TCKT_083174,high,gold,2022-11-12 12:20:10,0,1,0.716
TCKT_022587,low,standard,2025-01-14 21:41:26,0,0,0.232
TCKT_037488,low,gold,2024-05-20 01:50:07,1,1,0.637
TCKT_081656,low,gold,2023-12-15 15:51:47,0,1,0.625
TCKT_068006,low,gold,2023-03-26 11:50:34,0,1,0.669
TCKT_004324,urgent,standard,2024-01-27 13:15:28,1,0,0.245
TCKT_001325,medium,gold,2022-06-01 17:28:38,1,1,0.769
TCKT_044731,low,platinum,2022-09-01 19:57:57,1,1,0.873
TCKT_093476,low,standard,2024-07-28 06:15:09,0,0,0.241
TCKT_096764,medium,gold,2024-05-01 03:29:33,1,1,0.797
TCKT_051587,low,standard,2024-12-10 13:03:31,0,0,0.213
TCKT_025193,high,standard,2023-08-13 16:55:26,0,0,0.25
TCKT_048808,low,standard,2025-09-26 10:05:25,0,0,0.223
TCKT_001821,medium,platinum,2022-04-27 23:16:11,1,1,0.851
TCKT_042458,medium,standard,2022-03-20 17:55:29,1,0,0.267
TCKT_045575,low,platinum,2024-04-04 22:29:10,1,1,0.892
TCKT_023390,low,platinum,2025-11-18 11:33:58,1,1,0.828
TCKT_038971,low,gold,2023-04-25 00:29:53,0,1,0.614
TCKT_052825,low,standard,2024-03-12 09:24:28,0,0,0.227
TCKT_081391,low,standard,2022-10-29 04:47:48,0,0,0.209
TCKT_034486,low,standard,2025-03-16 19:28:54,0,0,0.284
TCKT_049274,high,gold,2023-05-19 05:14:14,0,1,0.751
TCKT_067256,high,standard,2025-05-24 03:37:28,0,0,0.287
TCKT_097215,medium,standard,2022-03-26 04:31:21,0,0,0.231
TCKT_033657,urgent,standard,2022-02-10 20:58:28,0,0,0.287
TCKT_012474,low,standard,2022-08-13 07:35:45,0,0,0.271
TCKT_055029,low,gold,2024-08-17 00:48:10,0,1,0.561
TCKT_077480,high,gold,2022-05-06 11:42:05,0,1,0.744
TCKT_003361,low,gold,2022-10-25 08:26:26,1,1,0.627
TCKT_049331,medium,gold,2022-07-05 02:18:48,0,1,0.75
TCKT_033995,high,standard,2024-06-10 17:13:38,0,0,0.236
TCKT_025005,low,standard,2024-04-20 10:34:56,0,0,0.233
TCKT_090636,low,gold,2023-02-18 09:14:06,0,1,0.659
TCKT_073386,high,standard,2025-08-25 18:08:08,0,0,0.291
TCKT_065033,medium,standard,2025-02-06 08:09:51,0,0,0.248
TCKT_013350,low,standard,2023-11-14 12:51:12,0,0,0.252
TCKT_076470,medium,gold,2024-08-01 08:16:52,0,1,0.765
TCKT_049819,low,standard,2025-04-14 20:26:16,0,0,0.239
TCKT_073689,high,gold,2024-06-23 05:04:36,1,1,0.758
TCKT_010179,low,gold,2023-03-16 06:38:54,0,1,0.605
TCKT_001627,low,standard,2025-08-13 16:57:53,0,0,0.272
TCKT_087091,low,standard,2024-01-20 17:04:00,1,0,0.203
TCKT_033220,low,standard,2024-06-16 10:50:19,0,0,0.272
TCKT_086040,low,standard,2022-05-31 01:46:05,1,0,0.222
TCKT_047626,high,standard,2023-03-12 03:49:27,0,0,0.219
TCKT_044866,medium,standard,2024-07-23 19:42:54,1,0,0.239
TCKT_038567,high,standard,2023-10-24 12:20:06,0,0,0.273
TCKT_015407,medium,gold,2022-05-23 16:17:19,1,1,0.764
TCKT_016124,high,gold,2024-04-19 17:10:05,1,1,0.701
TCKT_058629,medium,standard,2025-11-22 16:38:53,0,0,0.219
TCKT_063542,low,standard,2025-11-24 21:45:53,0,0,0.253
TCKT_025752,low,gold,2024-09-01 06:51:13,0,1,0.603
TCKT_005411,urgent,platinum,2025-08-15 11:11:37,1,1,0.815
TCKT_041215,low,gold,2025-10-28 17:19:20,1,1,0.585
TCKT_013554,low,standard,2023-04-03 21:55:41,0,0,0.216
TCKT_081914,high,standard,2022-10-06 21:10:18,0,0,0.283
TCKT_043679,urgent,gold,2022-09-12 14:32:29,1,1,0.755
TCKT_035257,medium,gold,2025-06-08 08:03:06,0,1,0.763
TCKT_076492,medium,standard,2024-08-06 18:22:51,0,0,0.219
TCKT_011894,medium,gold,2023-09-15 20:19:29,1,1,0.744
TCKT_033636,urgent,standard,2024-05-01 06:56:54,0,0,0.298
TCKT_084826,high,standard,2024-10-06 10:09:12,0,0,0.249
TCKT_034293,medium,platinum,2023-10-07 19:32:05,1,1,0.887
TCKT_027658,medium,standard,2024-11-25 05:09:26,0,0,0.226
TCKT_036950,low,gold,2025-06-26 08:30:22,1,1,0.662
TCKT_077525,medium,standard,2024-07-20 18:07:02,0,0,0.245
TCKT_026051,low,standard,2024-11-25 03:14:53,0,0,0.238
TCKT_035563,low,gold,2025-07-08 13:27:00,1,1,0.63
TCKT_003604,medium,standard,2022-10-09 22:53:40,0,0,0.212
TCKT_097601,medium,platinum,2024-06-15 19:45:46,1,1,0.918
TCKT_088303,medium,gold,2025-05-07 08:29:48,0,1,0.798
TCKT_072271,medium,standard,2025-08-17 01:06:32,0,0,0.256
TCKT_086392,medium,gold,2024-03-19 03:15:25,1,1,0.766
TCKT_089561,medium,standard,2025-01-17 11:48:34,0,0,0.254
TCKT_090096,low,standard,2023-12-05 01:00:20,0,0,0.225
TCKT_015235,medium,gold,2022-01-15 21:28:46,1,1,0.752
TCKT_070947,low,gold,2024-10-06 20:30:05,0,1,0.571
TCKT_005808,low,platinum,2022-08-25 18:10:55,0,1,0.857
TCKT_007900,high,standard,2025-05-16 21:55:58,0,0,0.264
TCKT_004333,low,standard,2025-07-05 23:27:28,0,0,0.241
TCKT_026497,low,standard,2023-11-24 07:02:35,0,0,0.219
TCKT_007421,medium,standard,2025-02-06 06:44:17,0,0,0.284
TCKT_002848,medium,standard,2025-07-14 14:09:08,0,0,0.241
TCKT_047715,medium,standard,2024-01-29 08:10:01,0,0,0.246
TCKT_023275,low,platinum,2023-08-25 21:25:20,1,1,0.862
TCKT_040749,medium,gold,2022-01-11 21:57:29,1,1,0.781
TCKT_010416,low,standard,2024-01-02 01:58:06,0,0,0.244
TCKT_066785,medium,standard,2023-10-24 13:55:08,0,0,0.249
TCKT_065823,medium,standard,2022-07-26 05:58:30,0,0,0.234
TCKT_016199,low,gold,2023-08-20 19:30:33,1,1,0.624
TCKT_080748,high,standard,2024-01-14 17:49:10,0,0,0.264
TCKT_054634,low,standard,2025-07-05 22:51:03,0,0,0.258
TCKT_082719,low,standard,2022-08-10 07:48:46,0,0,0.195
TCKT_063864,high,gold,2024-10-16 17:18:38,0,1,0.674
TCKT_063089,high,standard,2022-11-20 14:09:48,0,0,0.299
TCKT_008276,medium,gold,2023-11-12 17:50:44,0,1,0.736
TCKT_079006,low,gold,2024-10-17 23:36:46,1,1,0.615
TCKT_060718,medium,standard,2022-06-13 21:53:17,1,0,0.306
TCKT_079552,medium,platinum,2022-04-23 19:18:31,1,1,0.913
TCKT_085028,low,standard,2025-06-16 04:35:00,0,0,0.227
TCKT_011266,medium,standard,2023-11-02 21:49:31,0,0,0.176
TCKT_084398,low,standard,2023-07-22 15:54:52,0,0,0.228
TCKT_044277,high,gold,2024-06-04 10:54:29,0,1,0.717
TCKT_018029,high,standard,2023-02-13 09:20:32,0,0,0.28
TCKT_022774,high,gold,2022-04-24 22:02:18,0,1,0.71
TCKT_053154,high,standard,2024-02-13 19:37:45,0,0,0.238
TCKT_047214,high,standard,2023-11-08 00:28:45,0,0,0.213
TCKT_016275,low,standard,2023-08-12 14:08:35,0,0,0.232
TCKT_065597,high,gold,2024-09-22 16:11:31,0,1,0.727
TCKT_038340,medium,gold,2023-12-27 23:44:12,0,1,0.735
TCKT_006204,urgent,standard,2023-10-14 04:57:57,0,0,0.272
TCKT_031537,high,standard,2022-01-03 23:14:51,0,0,0.222
TCKT_035809,medium,gold,2025-03-16 20:05:49,1,1,0.744
TCKT_061029,urgent,platinum,2025-04-17 21:56:23,0,1,0.777
TCKT_079730,medium,gold,2025-01-06 07:40:37,1,1,0.756
TCKT_046821,high,standard,2022-04-05 08:43:59,0,0,0.25
TCKT_025087,low,standard,2023-05-02 19:02:39,0,0,0.247
TCKT_051001,low,standard,2024-03-22 10:42:53,0,0,0.216
TCKT_057900,medium,standard,2023-10-15 04:33:27,0,0,0.265
TCKT_029997,low,standard,2022-07-06 23:29:09,0,0,0.235
TCKT_052229,medium,standard,2023-04-04 18:46:52,0,0,0.247
TCKT_098137,medium,standard,2022-06-15 21:06:23,0,0,0.253
TCKT_037026,low,standard,2025-08-12 23:23:31,0,0,0.207
TCKT_079723,low,standard,2022-04-15 06:37:50,0,0,0.239
TCKT_027184,low,standard,2024-12-24 02:51:38,0,0,0.255
TCKT_059827,medium,gold,2023-06-03 07:20:40,0,1,0.735
TCKT_098860,low,gold,2022-08-30 09:41:22,1,1,0.64
TCKT_035359,medium,standard,2022-07-31 18:56:01,0,0,0.235
TCKT_038265,low,standard,2025-10-12 17:40:22,0,0,0.246
TCKT_063933,medium,standard,2023-06-01 12:11:50,0,0,0.231
TCKT_094346,low,platinum,2024-11-12 09:53:05,0,1,0.839
TCKT_080530,high,standard,2023-05-20 20:16:32,1,0,0.267
TCKT_066869,medium,standard,2024-08-05 14:28:42,0,0,0.282
TCKT_048730,high,standard,2024-02-09 13:10:45,0,0,0.301
TCKT_076555,medium,gold,2025-02-11 16:58:25,0,1,0.736
TCKT_084076,urgent,standard,2022-11-22 18:47:02,0,0,0.225
TCKT_053147,medium,gold,2022-10-05 19:07:58,0,1,0.762
TCKT_031241,high,standard,2022-07-16 13:08:12,0,0,0.288
TCKT_088460,high,standard,2024-04-14 21:56:03,0,0,0.215
TCKT_099007,high,gold,2022-05-12 22:31:28,1,1,0.731
TCKT_064554,low,platinum,2023-04-12 08:56:27,0,1,0.863
TCKT_010637,low,gold,2025-03-08 03:26:51,0,1,0.58
TCKT_007738,low,gold,2023-04-30 05:56:38,0,1,0.61
TCKT_041332,medium,standard,2024-01-14 06:22:47,0,0,0.235
TCKT_051782,high,standard,2023-04-21 07:57:41,0,0,0.26
TCKT_065567,medium,standard,2022-05-11 08:30:35,1,0,0.253
TCKT_059089,urgent,gold,2023-10-27 00:12:44,0,1,0.749
TCKT_019368,urgent,standard,2025-06-01 05:49:44,1,0,0.338
TCKT_001575,medium,gold,2022-07-13 15:05:28,1,1,0.757
TCKT_004299,medium,standard,2023-08-21 18:48:58,0,0,0.251
TCKT_015685,medium,standard,2025-06-16 06:50:00,0,0,0.24
TCKT_073136,low,standard,2023-12-19 08:19:17,0,0,0.232
TCKT_074009,medium,gold,2024-07-23 22:24:05,1,1,0.75
TCKT_013922,high,standard,2023-08-09 18:57:41,0,0,0.293
TCKT_027567,medium,standard,2022-08-28 10:48:50,0,0,0.218
TCKT_069871,medium,standard,2024-02-21 01:39:55,0,0,0.277
TCKT_059575,medium,standard,2025-04-06 15:09:01,0,0,0.268
TCKT_035719,medium,standard,2023-06-18 02:05:39,1,0,0.264
TCKT_056178,low,platinum,2023-07-28 21:41:46,1,1,0.878
TCKT_092597,low,gold,2024-05-18 13:08:30,1,1,0.595
TCKT_088655,low,platinum,2024-05-06 02:59:04,1,1,0.863
TCKT_000842,medium,standard,2024-11-05 10:01:06,0,0,0.257
TCKT_017240,low,gold,2022-07-04 18:55:21,0,1,0.629
TCKT_096933,medium,standard,2025-12-16 11:01:05,1,0,0.222
TCKT_015919,medium,gold,2024-08-01 15:00:01,1,1,0.784
TCKT_012510,urgent,gold,2023-08-02 13:44:27,1,1,0.68
TCKT_074708,low,standard,2022-10-21 00:11:24,0,0,0.202
TCKT_003172,low,gold,2023-12-13 04:32:53,0,1,0.623
TCKT_058437,low,standard,2025-07-21 00:09:13,1,0,0.221
TCKT_069364,high,gold,2023-11-23 21:41:47,0,1,0.713
TCKT_071434,medium,standard,2024-10-24 16:20:28,0,0,0.275
TCKT_025918,urgent,gold,2022-09-21 14:01:23,1,1,0.75
TCKT_011742,low,standard,2025-05-01 10:29:12,0,0,0.227
TCKT_027852,medium,standard,2022-02-19 04:05:10,0,0,0.231
TCKT_009743,low,platinum,2024-05-07 08:34:44,0,1,0.838
TCKT_085309,urgent,standard,2024-01-16 14:38:47,1,0,0.321
TCKT_077531,high,standard,2024-01-31 04:45:08,1,0,0.28
TCKT_064190,low,gold,2025-11-23 06:08:31,0,1,0.612
TCKT_042019,low,standard,2025-11-14 05:14:38,0,0,0.228
TCKT_088217,low,gold,2023-11-02 00:20:03,0,1,0.59
TCKT_053610,medium,gold,2022-05-11 11:48:04,1,1,0.763
TCKT_031706,low,standard,2024-11-23 09:39:54,0,0,0.263
TCKT_038724,medium,gold,2023-01-30 16:32:31,0,1,0.759
TCKT_055667,low,gold,2022-11-14 13:42:02,0,1,0.608
TCKT_015397,low,standard,2024-10-17 22:18:19,0,0,0.224
TCKT_071979,low,standard,2025-10-18 19:53:42,1,0,0.232
TCKT_087967,low,gold,2024-06-09 05:00:29,0,1,0.62
TCKT_043665,high,gold,2025-07-24 17:39:24,1,1,0.75
TCKT_084020,low,standard,2022-06-22 00:54:32,0,0,0.261
TCKT_013645,medium,standard,2025-08-27 12:13:33,0,0,0.208
TCKT_078530,medium,standard,2024-12-30 07:29:12,0,0,0.246
TCKT_007501,medium,gold,2024-11-03 16:25:40,0,1,0.76
TCKT_095661,medium,gold,2022-12-23 22:45:42,1,1,0.752
TCKT_027948,low,gold,2025-03-29 07:52:48,0,1,0.658
TCKT_049375,medium,standard,2024-09-06 20:13:47,0,0,0.231
TCKT_073578,urgent,standard,2023-07-02 09:59:18,0,0,0.278
TCKT_073844,low,gold,2022-04-30 02:45:59,0,1,0.642
TCKT_056604,medium,standard,2023-01-27 04:40:48,0,0,0.237
TCKT_052682,medium,standard,2023-06-04 23:11:32,0,0,0.236
TCKT_022864,medium,standard,2024-09-12 13:14:59,0,0,0.241
TCKT_033915,high,standard,2023-08-17 15:36:32,1,0,0.247
TCKT_041495,low,standard,2024-09-24 14:41:24,0,0,0.276
TCKT_044062,medium,gold,2023-09-27 05:20:51,1,1,0.771
TCKT_026787,urgent,gold,2022-01-18 17:16:58,1,1,0.741
TCKT_030713,high,standard,2022-06-14 19:10:40,0,0,0.279
TCKT_052004,low,gold,2022-04-03 20:27:02,0,1,0.674
TCKT_025278,medium,standard,2023-09-14 01:11:38,0,0,0.212
TCKT_067450,high,standard,2022-11-19 10:30:33,0,0,0.279
TCKT_093940,medium,gold,2025-01-13 03:18:43,1,1,0.802
TCKT_058058,low,gold,2024-02-04 08:38:47,1,1,0.639
TCKT_042413,low,standard,2025-01-19 23:13:08,0,0,0.273
TCKT_065658,low,standard,2022-09-11 13:09:40,0,0,0.228
TCKT_092061,urgent,gold,2025-04-03 23:31:27,1,1,0.668
TCKT_087974,low,gold,2025-04-18 03:19:27,1,1,0.621
TCKT_064287,urgent,gold,2023-06-16 08:48:42,1,1,0.754
TCKT_004008,medium,standard,2023-02-04 09:31:21,0,0,0.251
TCKT_065650,low,standard,2025-02-02 17:17:35,0,0,0.247
TCKT_095239,low,standard,2023-03-31 00:11:05,0,0,0.195
TCKT_053058,low,gold,2025-12-13 04:58:33,0,1,0.605
TCKT_066232,medium,standard,2024-02-14 01:20:21,0,0,0.205
TCKT_023862,low,standard,2025-06-02 06:53:13,0,0,0.226
TCKT_099370,medium,standard,2025-12-10 15:32:08,0,0,0.239
TCKT_048949,low,gold,2025-05-30 22:59:25,0,1,0.637
TCKT_044061,low,standard,2024-08-03 20:13:35,0,0,0.235
TCKT_088344,low,platinum,2022-06-11 20:46:43,1,1,0.869
TCKT_096418,low,standard,2024-02-01 18:41:50,0,0,0.191
TCKT_013527,low,standard,2023-06-22 15:06:57,0,0,0.265
TCKT_011629,medium,gold,2022-09-15 19:21:14,0,1,0.77
TCKT_068741,medium,standard,2025-02-19 20:17:34,0,0,0.214
TCKT_032926,low,platinum,2025-12-30 19:23:52,1,1,0.874
TCKT_090079,high,standard,2023-03-20 16:32:49,0,0,0.3
TCKT_006140,low,standard,2023-01-04 20:51:33,0,0,0.217
TCKT_007544,low,gold,2023-07-23 08:26:32,1,1,0.618
TCKT_070418,medium,gold,2025-07-28 06:35:53,1,1,0.777
TCKT_071555,low,gold,2023-08-09 10:55:21,0,1,0.659
TCKT_014650,low,standard,2022-11-16 17:07:17,1,0,0.261
TCKT_035578,urgent,standard,2025-05-22 01:57:23,1,0,0.229
TCKT_027091,high,gold,2023-01-15 21:46:03,1,1,0.693
TCKT_053053,high,platinum,2024-11-05 17:18:30,1,1,0.865
TCKT_027326,urgent,platinum,2022-07-12 00:35:55,1,1,0.818
TCKT_060048,low,standard,2025-01-18 11:26:31,0,0,0.232
TCKT_049661,urgent,platinum,2025-06-25 15:22:41,0,1,0.813
TCKT_014075,low,gold,2025-02-21 05:49:40,1,1,0.627
TCKT_028293,low,platinum,2023-01-11 08:05:56,0,1,0.812
TCKT_058692,medium,standard,2025-11-04 20:05:16,0,0,0.242
TCKT_087487,high,platinum,2025-12-06 06:52:18,1,1,0.88
TCKT_049854,high,gold,2025-09-23 13:28:43,0,1,0.746
TCKT_050819,low,standard,2024-07-15 16:36:31,0,0,0.196
TCKT_022162,high,standard,2025-02-09 15:23:44,0,0,0.309
TCKT_016380,medium,standard,2023-07-11 06:36:49,1,0,0.258
TCKT_075474,medium,gold,2024-01-08 18:25:45,1,1,0.756
TCKT_060447,medium,standard,2023-03-06 16:33:24,0,0,0.253
TCKT_077445,low,standard,2023-12-20 04:09:21,0,0,0.203
TCKT_098666,medium,gold,2023-12-18 03:55:54,1,1,0.744
TCKT_030228,urgent,gold,2024-05-05 11:48:06,1,1,0.754
TCKT_081576,medium,standard,2022-03-05 13:44:08,0,0,0.253
TCKT_041696,low,standard,2024-12-15 14:46:53,0,0,0.227
TCKT_048098,high,gold,2024-08-16 05:09:59,1,1,0.717
TCKT_006958,medium,standard,2025-09-16 18:30:12,0,0,0.2
TCKT_029749,low,standard,2023-09-13 10:01:24,0,0,0.188
TCKT_089576,high,standard,2023-11-25 12:19:19,1,0,0.28
TCKT_010368,high,platinum,2022-05-22 20:58:02,1,1,0.84
TCKT_052418,high,standard,2024-06-18 06:50:33,0,0,0.3
TCKT_002059,high,platinum,2022-03-11 10:51:55,1,1,0.861
TCKT_060396,low,standard,2025-08-28 18:21:41,0,0,0.243
TCKT_023683,medium,gold,2025-12-05 04:33:33,0,1,0.79
TCKT_001400,low,platinum,2022-04-23 02:32:13,1,1,0.817
TCKT_040906,high,standard,2022-02-15 12:09:17,1,0,0.262
TCKT_013828,medium,gold,2023-02-22 03:16:46,1,1,0.783
TCKT_092855,low,standard,2023-02-08 06:07:03,0,0,0.228
TCKT_077398,low,standard,2022-04-22 07:16:26,0,0,0.211
TCKT_055283,low,standard,2024-04-12 13:32:23,0,0,0.224
TCKT_035857,medium,standard,2023-01-01 17:24:28,0,0,0.245
TCKT_000294,low,platinum,2023-02-10 02:52:59,1,1,0.842
TCKT_002788,low,standard,2023-11-02 22:52:43,0,0,0.236
TCKT_053109,medium,standard,2022-08-04 21:54:33,0,0,0.208
TCKT_098274,low,gold,2025-08-20 01:17:42,0,1,0.57
TCKT_033845,medium,gold,2022-11-25 12:05:39,1,1,0.772
TCKT_038100,low,standard,2025-08-07 13:42:45,0,0,0.23
TCKT_014046,low,standard,2022-02-14 03:23:14,0,0,0.227
TCKT_022697,low,standard,2022-04-21 02:52:41,0,0,0.223
TCKT_070047,low,standard,2025-06-03 23:14:02,0,0,0.235
TCKT_011022,medium,gold,2024-12-24 18:21:51,1,1,0.755
TCKT_079206,high,platinum,2022-08-01 08:35:56,1,1,0.9
TCKT_064201,medium,standard,2024-05-16 07:37:10,0,0,0.246
TCKT_088225,high,platinum,2024-11-23 11:47:30,0,1,0.899
TCKT_034344,medium,standard,2022-10-03 17:07:13,0,0,0.234
TCKT_052914,medium,standard,2024-09-06 10:35:40,0,0,0.248
TCKT_078699,medium,standard,2025-02-25 01:05:47,0,0,0.242
TCKT_019202,medium,standard,2025-11-27 22:21:51,1,0,0.229
TCKT_026570,high,gold,2024-04-10 17:14:20,1,1,0.76
TCKT_013853,low,standard,2024-07-14 04:49:13,0,0,0.217
TCKT_056381,medium,gold,2023-02-20 12:08:25,1,1,0.767
TCKT_041183,high,standard,2022-03-06 08:37:39,0,0,0.209
TCKT_064591,urgent,gold,2025-02-06 15:45:32,1,1,0.751
TCKT_065556,medium,gold,2025-04-06 04:10:01,1,1,0.772
TCKT_001977,urgent,standard,2022-04-21 18:44:32,0,0,0.244
TCKT_012018,medium,standard,2023-06-23 08:36:02,1,0,0.231
TCKT_068266,low,standard,2023-11-30 20:41:14,0,0,0.263
TCKT_031680,low,gold,2024-06-17 04:37:09,1,1,0.567
TCKT_011001,low,standard,2025-12-13 10:05:36,0,0,0.226
TCKT_057066,medium,gold,2025-07-09 22:29:43,1,1,0.747
TCKT_011068,medium,standard,2024-01-15 22:22:02,0,0,0.27
TCKT_036619,medium,platinum,2023-11-07 17:40:16,1,1,0.914
TCKT_068179,high,standard,2022-10-07 18:30:41,0,0,0.26
TCKT_084172,urgent,gold,2023-10-27 13:28:03,1,1,0.769
TCKT_055343,medium,standard,2024-02-07 14:30:07,0,0,0.245
TCKT_034858,medium,standard,2023-02-19 04:32:16,1,0,0.22
TCKT_086540,medium,standard,2025-07-04 19:24:47,1,0,0.293
TCKT_030460,low,standard,2025-09-10 21:07:48,0,0,0.267
TCKT_054956,low,gold,2024-12-16 09:48:17,1,1,0.623
TCKT_059216,high,gold,2022-04-17 18:06:19,1,1,0.75
TCKT_047487,high,standard,2023-06-03 04:45:05,0,0,0.302
TCKT_053794,high,standard,2023-12-20 09:05:48,1,0,0.252
TCKT_045495,low,standard,2024-10-17 02:44:12,0,0,0.209
TCKT_014232,low,gold,2022-09-24 16:31:09,1,1,0.588
TCKT_009577,high,platinum,2023-06-08 14:20:50,1,1,0.891
TCKT_085963,high,standard,2023-08-08 07:35:55,0,0,0.297
TCKT_025816,low,gold,2022-03-10 09:17:35,1,1,0.591
TCKT_096573,high,gold,2025-01-06 11:19:42,0,1,0.752
TCKT_099947,low,gold,2025-12-19 19:24:16,0,1,0.599
TCKT_091102,medium,standard,2022-01-10 12:55:55,0,0,0.254
TCKT_091302,low,gold,2022-10-30 12:58:01,0,1,0.608
TCKT_055878,low,gold,2022-07-11 21:39:54,1,1,0.691
TCKT_069501,high,platinum,2024-03-20 08:42:34,1,1,0.868
TCKT_059207,medium,standard,2024-04-09 09:33:24,0,0,0.246
TCKT_028227,low,standard,2025-12-10 09:34:08,0,0,0.209
TCKT_016739,high,standard,2023-12-25 19:23:13,0,0,0.231
TCKT_062246,low,standard,2024-05-24 07:41:32,0,0,0.206
TCKT_014821,medium,standard,2023-04-20 00:53:22,0,0,0.254
TCKT_054256,medium,standard,2022-07-26 14:13:46,0,0,0.243
TCKT_083714,low,standard,2023-05-02 00:34:05,0,0,0.183
TCKT_057529,low,gold,2022-04-09 01:44:33,0,1,0.643
TCKT_049691,medium,standard,2024-04-12 22:10:04,1,0,0.245
TCKT_044316,low,standard,2024-12-02 15:10:46,0,0,0.229
TCKT_062342,urgent,standard,2022-04-11 06:39:58,0,0,0.271
TCKT_021650,low,platinum,2025-11-27 22:19:25,1,1,0.862
TCKT_011860,high,standard,2022-07-01 13:25:02,0,0,0.269
TCKT_020437,high,standard,2022-02-18 16:51:22,0,0,0.273
TCKT_072712,medium,gold,2025-06-17 05:43:42,0,1,0.768
TCKT_063541,high,standard,2025-03-24 12:48:04,0,0,0.274
TCKT_023969,low,standard,2023-02-21 13:45:14,0,0,0.263
TCKT_040442,high,platinum,2024-07-31 20:08:51,1,1,0.885
TCKT_028138,urgent,gold,2024-09-05 02:00:47,0,1,0.691
TCKT_009260,medium,gold,2023-01-31 22:24:23,0,1,0.757
TCKT_084879,low,standard,2025-01-23 17:42:25,0,0,0.25
TCKT_018004,low,standard,2024-07-09 17:42:03,0,0,0.216
TCKT_033874,medium,standard,2024-11-30 02:02:55,0,0,0.253
TCKT_023878,high,standard,2022-06-18 09:09:52,1,0,0.271
TCKT_031005,medium,gold,2023-09-21 13:03:08,0,1,0.784
TCKT_070584,high,standard,2024-08-11 05:09:54,0,0,0.294
TCKT_051719,medium,standard,2023-10-20 01:31:18,0,0,0.235
TCKT_087132,medium,standard,2023-11-19 21:01:33,0,0,0.313
TCKT_070477,low,gold,2023-11-01 08:46:54,0,1,0.604
TCKT_040666,low,platinum,2024-12-16 04:53:25,1,1,0.877
TCKT_079551,low,standard,2025-12-06 21:10:59,0,0,0.247
TCKT_072017,low,standard,2025-06-25 03:33:38,0,0,0.206
TCKT_035698,high,standard,2025-03-11 02:48:57,0,0,0.281
TCKT_032212,low,gold,2023-01-23 09:28:14,0,1,0.657
TCKT_002167,high,standard,2023-01-01 06:02:37,0,0,0.297
TCKT_044442,low,standard,2023-04-11 04:45:50,0,0,0.23
TCKT_073122,low,gold,2025-04-05 11:26:30,0,1,0.644
TCKT_002546,low,standard,2023-10-21 15:24:15,1,0,0.239
TCKT_058548,medium,gold,2025-10-17 08:08:38,1,1,0.779
TCKT_020660,low,standard,2025-04-15 06:45:09,0,0,0.243
TCKT_088923,low,gold,2022-03-12 03:09:51,1,1,0.574
TCKT_091159,low,platinum,2024-03-09 23:49:49,1,1,0.859
TCKT_072422,low,gold,2024-10-10 12:31:32,0,1,0.64
TCKT_056247,urgent,standard,2024-02-19 06:57:23,0,0,0.319
TCKT_052121,medium,standard,2023-08-18 19:56:16,0,0,0.243
TCKT_038128,medium,standard,2022-06-11 02:08:52,0,0,0.234
TCKT_026247,low,gold,2024-03-18 22:56:48,1,1,0.582
TCKT_050700,low,standard,2023-12-23 04:13:17,0,0,0.229
TCKT_029583,high,gold,2023-10-27 15:24:56,0,1,0.729
TCKT_046729,high,standard,2024-10-02 10:14:14,0,0,0.266
TCKT_036673,medium,standard,2024-05-07 17:32:24,1,0,0.214
TCKT_016207,medium,standard,2022-07-18 06:49:54,0,0,0.245
TCKT_075774,medium,gold,2025-05-12 21:51:49,1,1,0.737
TCKT_094802,medium,standard,2025-03-07 01:29:00,1,0,0.219
TCKT_046181,high,standard,2025-06-04 23:38:50,0,0,0.281
TCKT_006977,low,standard,2023-05-22 20:57:15,0,0,0.233
TCKT_022042,low,gold,2023-08-08 01:03:03,0,1,0.584
TCKT_046534,low,gold,2022-09-18 20:13:21,0,1,0.623
TCKT_090209,low,platinum,2022-03-21 06:11:09,1,1,0.863
TCKT_027491,low,gold,2023-09-21 06:10:13,0,1,0.634
TCKT_054959,medium,standard,2024-04-12 15:30:21,1,0,0.236
TCKT_003541,low,gold,2025-11-28 12:07:02,0,1,0.623
TCKT_013696,high,platinum,2024-11-03 00:51:06,1,1,0.882
TCKT_097772,medium,standard,2022-12-21 03:22:37,0,0,0.181
TCKT_073537,low,platinum,2023-02-06 11:46:39,1,1,0.873
TCKT_064204,low,standard,2025-05-17 11:03:09,0,0,0.228
TCKT_036777,low,gold,2023-10-09 21:03:47,0,1,0.637
TCKT_017723,low,standard,2022-10-29 18:24:32,1,0,0.236
TCKT_073826,low,gold,2023-10-06 00:24:57,0,1,0.625
TCKT_087913,medium,gold,2023-04-24 05:03:53,0,1,0.784
TCKT_027161,medium,standard,2023-03-16 00:05:00,0,0,0.232
TCKT_015873,medium,platinum,2022-08-19 07:29:44,1,1,0.897
TCKT_024721,high,standard,2025-02-07 07:50:17,0,0,0.239
TCKT_039531,low,standard,2025-01-30 04:42:18,0,0,0.233
TCKT_043489,medium,standard,2022-01-28 18:14:31,0,0,0.251
TCKT_027699,medium,standard,2023-09-02 04:07:17,0,0,0.252
TCKT_035291,low,gold,2024-12-22 07:14:47,1,1,0.629
TCKT_040721,low,platinum,2023-04-28 01:19:17,0,1,0.855
TCKT_025879,medium,gold,2025-08-10 15:03:08,1,1,0.761
TCKT_029670,medium,standard,2024-06-09 17:43:35,1,0,0.288
TCKT_059517,medium,standard,2023-09-13 00:49:58,0,0,0.265
TCKT_047406,low,gold,2024-07-28 12:02:25,1,1,0.613
TCKT_068618,high,gold,2023-04-08 06:22:27,0,1,0.716
TCKT_072399,medium,gold,2024-05-04 06:25:13,0,1,0.767
TCKT_062431,high,standard,2025-09-21 04:58:27,1,0,0.267
TCKT_097557,medium,standard,2024-03-10 23:30:56,1,0,0.222
TCKT_082768,high,gold,2022-09-04 08:44:17,1,1,0.758
TCKT_064614,low,standard,2023-12-25 19:55:00,0,0,0.255
TCKT_023117,low,standard,2025-02-02 04:48:15,0,0,0.185
TCKT_064771,high,standard,2024-11-29 16:03:29,1,0,0.271
TCKT_038256,high,gold,2023-11-24 04:28:16,0,1,0.762
TCKT_055721,low,platinum,2022-06-23 21:07:16,1,1,0.889
TCKT_034446,medium,standard,2023-09-21 05:13:34,0,0,0.223
TCKT_070375,medium,gold,2023-01-22 05:01:52,1,1,0.764
TCKT_083263,low,standard,2022-07-18 08:49:50,0,0,0.243
TCKT_083968,medium,standard,2022-01-03 03:07:02,0,0,0.226
TCKT_052341,low,standard,2022-08-12 11:07:12,0,0,0.187
TCKT_063846,low,standard,2022-08-01 15:34:40,0,0,0.225
TCKT_093134,high,standard,2024-07-15 14:33:54,0,0,0.263
TCKT_006269,low,gold,2023-04-16 07:14:13,0,1,0.625
TCKT_050882,low,standard,2025-05-20 20:48:30,1,0,0.228
TCKT_024482,low,standard,2023-05-05 03:13:22,0,0,0.22
TCKT_022111,low,standard,2023-04-09 22:13:47,0,0,0.224
TCKT_033425,low,standard,2023-08-07 11:01:30,0,0,0.217
TCKT_078954,high,platinum,2025-04-11 01:24:20,1,1,0.849
TCKT_066150,low,gold,2025-04-19 16:52:20,1,1,0.637
TCKT_023061,high,gold,2025-06-30 08:00:01,1,1,0.75
TCKT_063042,low,standard,2024-11-14 08:18:20,0,0,0.236
TCKT_090126,medium,standard,2025-03-11 23:14:39,0,0,0.241
TCKT_043060,high,gold,2023-03-17 11:09:57,0,1,0.716
TCKT_002903,medium,gold,2023-09-05 04:50:04,1,1,0.788
TCKT_040703,medium,gold,2023-08-04 06:34:43,1,1,0.797
TCKT_050424,low,standard,2024-10-20 05:16:18,0,0,0.199
TCKT_087050,medium,standard,2025-10-10 19:32:14,0,0,0.264
TCKT_096547,medium,platinum,2024-01-04 14:49:26,1,1,0.881
TCKT_029920,medium,platinum,2025-03-27 11:42:03,0,1,0.904
TCKT_013503,low,standard,2022-09-23 17:36:43,0,0,0.306
TCKT_039845,low,platinum,2024-04-16 16:36:44,1,1,0.891
TCKT_007778,medium,standard,2023-07-17 14:39:39,0,0,0.257
TCKT_089863,high,standard,2024-01-10 23:32:57,0,0,0.287
TCKT_056613,high,standard,2024-04-02 04:37:32,1,0,0.287
TCKT_076846,high,gold,2024-10-24 10:57:19,1,1,0.771
TCKT_048009,high,standard,2023-05-03 22:28:05,0,0,0.257
TCKT_095261,low,standard,2023-05-26 17:10:47,0,0,0.217
TCKT_007875,medium,gold,2022-12-28 18:00:12,1,1,0.782
TCKT_031251,low,standard,2023-11-09 19:34:59,0,0,0.205
TCKT_065799,high,standard,2025-06-19 18:51:09,0,0,0.265
TCKT_010202,low,platinum,2024-06-15 07:20:03,1,1,0.876
TCKT_053525,medium,standard,2022-01-31 14:24:59,0,0,0.226
TCKT_071580,medium,standard,2022-11-17 00:44:51,0,0,0.238
TCKT_077087,high,standard,2022-05-02 14:06:11,0,0,0.263
TCKT_071286,medium,platinum,2025-07-10 16:50:37,1,1,0.912
TCKT_020621,urgent,platinum,2025-04-24 18:12:40,1,1,0.831
TCKT_048254,high,platinum,2025-02-20 22:52:51,0,1,0.863
TCKT_038462,urgent,standard,2024-03-11 19:00:45,0,0,0.257
TCKT_039477,high,gold,2023-11-09 09:49:16,1,1,0.726
TCKT_020551,medium,standard,2025-11-28 13:35:20,0,0,0.266
TCKT_004981,medium,standard,2023-06-05 14:08:57,0,0,0.243
TCKT_036160,medium,gold,2025-02-07 23:00:16,1,1,0.769
TCKT_038272,low,standard,2023-10-01 23:21:33,1,0,0.202
TCKT_062838,medium,standard,2022-07-08 11:02:14,0,0,0.217
TCKT_078127,medium,gold,2023-12-04 20:47:31,1,1,0.768
TCKT_032686,high,standard,2022-08-15 18:38:28,0,0,0.279
TCKT_088784,low,standard,2024-08-15 20:56:19,0,0,0.221
TCKT_077660,low,platinum,2023-05-16 20:50:27,0,1,0.876
TCKT_001024,medium,standard,2025-02-13 20:09:41,0,0,0.25
TCKT_079409,medium,gold,2022-02-02 06:05:28,1,1,0.761
TCKT_062232,high,standard,2023-11-05 05:43:02,0,0,0.221
TCKT_034746,medium,gold,2022-08-04 03:22:40,0,1,0.769
TCKT_019875,high,standard,2024-09-20 13:03:17,0,0,0.268
TCKT_013929,medium,platinum,2023-05-19 11:44:24,0,1,0.901
TCKT_057983,low,standard,2022-12-10 17:50:29,0,0,0.215
TCKT_047853,medium,standard,2023-01-20 18:11:02,0,0,0.268
TCKT_058016,medium,standard,2024-05-23 05:37:18,1,0,0.222
TCKT_018627,medium,platinum,2024-02-08 17:56:15,1,1,0.899
TCKT_012688,medium,gold,2023-10-16 10:19:44,0,1,0.768
TCKT_090783,low,standard,2022-08-17 16:37:12,0,0,0.241
TCKT_082339,low,standard,2024-09-30 08:49:06,0,0,0.22
TCKT_056303,low,platinum,2023-09-06 23:08:34,1,1,0.839
TCKT_071247,medium,gold,2022-11-22 20:13:59,1,1,0.75
TCKT_047659,low,standard,2025-08-11 07:52:51,0,0,0.222
TCKT_057503,low,standard,2023-08-24 18:41:50,1,0,0.222
TCKT_047825,high,gold,2024-07-29 11:02:19,1,1,0.718
TCKT_077403,low,standard,2022-12-12 23:11:27,0,0,0.184
TCKT_071086,medium,standard,2025-10-29 10:47:20,0,0,0.262
TCKT_011940,low,gold,2023-01-19 16:15:55,1,1,0.641
TCKT_070410,low,standard,2024-08-18 04:43:25,0,0,0.244
TCKT_078399,low,platinum,2025-06-15 22:42:03,0,1,0.856
TCKT_071238,medium,gold,2023-08-20 13:21:24,1,1,0.774
TCKT_000409,low,standard,2024-09-07 19:38:36,0,0,0.23
TCKT_021468,low,platinum,2025-12-28 19:48:09,1,1,0.875
TCKT_040784,urgent,standard,2025-07-26 13:22:15,0,0,0.318
TCKT_097247,high,standard,2025-12-08 01:03:28,0,0,0.313
TCKT_092722,medium,standard,2025-12-20 12:14:24,0,0,0.253
TCKT_082517,low,platinum,2022-04-14 07:58:15,1,1,0.844
TCKT_086381,high,standard,2024-03-02 19:36:30,0,0,0.254
TCKT_092158,high,standard,2024-10-14 00:44:49,0,0,0.254
TCKT_014228,high,standard,2024-08-05 09:13:40,0,0,0.259
TCKT_059100,low,standard,2025-04-17 08:02:14,0,0,0.238
TCKT_075415,medium,gold,2022-06-09 08:41:59,0,1,0.754
TCKT_091824,low,standard,2023-09-26 04:26:18,1,0,0.205
TCKT_098165,high,standard,2025-12-22 06:16:06,0,0,0.255
TCKT_065122,low,standard,2022-05-29 19:42:04,0,0,0.222
TCKT_083973,urgent,gold,2023-09-16 05:44:11,0,1,0.684
TCKT_068052,high,gold,2023-06-07 03:23:16,1,1,0.711
TCKT_093605,medium,platinum,2022-09-16 15:40:00,1,1,0.916
TCKT_002579,medium,standard,2023-02-28 04:33:06,0,0,0.247
TCKT_053415,medium,standard,2024-10-09 04:35:32,0,0,0.237
TCKT_026618,medium,gold,2022-07-15 23:19:52,0,1,0.743
TCKT_023906,low,standard,2022-05-25 06:34:53,0,0,0.231
TCKT_071407,medium,standard,2023-09-18 09:35:04,0,0,0.249
TCKT_033674,high,standard,2023-11-19 09:50:29,0,0,0.258
TCKT_067022,low,gold,2022-05-31 08:07:10,0,1,0.626
TCKT_093669,medium,gold,2025-11-18 08:26:36,1,1,0.78
TCKT_035449,medium,standard,2023-06-08 03:28:30,0,0,0.271
TCKT_022468,medium,standard,2024-12-25 07:46:50,0,0,0.238
TCKT_068444,urgent,gold,2025-11-24 22:03:53,0,1,0.719
TCKT_092316,low,gold,2025-12-10 15:25:28,1,1,0.63
TCKT_016733,medium,standard,2024-09-03 12:53:33,0,0,0.2
TCKT_044634,low,standard,2024-08-21 04:26:19,0,0,0.217
TCKT_091827,medium,standard,2023-12-28 21:37:43,0,0,0.228
TCKT_095882,urgent,standard,2024-06-15 08:26:48,0,0,0.296
TCKT_020828,high,standard,2024-02-25 15:31:43,0,0,0.291
TCKT_025427,low,gold,2024-11-04 06:36:25,0,1,0.611
TCKT_022106,medium,standard,2024-01-31 09:20:52,0,0,0.225
TCKT_026769,medium,standard,2022-09-12 15:32:33,0,0,0.303
TCKT_065303,low,gold,2022-04-10 16:11:39,0,1,0.604
TCKT_071009,medium,platinum,2024-05-09 07:19:30,0,1,0.891
TCKT_003623,high,standard,2022-01-08 05:50:46,0,0,0.24
TCKT_015689,low,standard,2023-01-25 13:13:15,0,0,0.223
TCKT_096161,low,standard,2023-12-03 16:26:44,0,0,0.222
TCKT_067523,low,standard,2023-05-14 19:46:39,0,0,0.229
TCKT_002281,medium,gold,2025-07-14 09:33:49,0,1,0.764
TCKT_011781,low,standard,2024-09-14 07:54:08,0,0,0.268
TCKT_042585,medium,standard,2022-06-01 07:16:36,0,0,0.21
TCKT_004902,low,standard,2023-01-31 15:48:53,0,0,0.225
TCKT_034312,low,standard,2022-07-05 17:46:28,0,0,0.215
TCKT_081888,low,standard,2022-10-06 20:43:57,0,0,0.239
TCKT_006288,medium,gold,2025-01-15 13:58:00,1,1,0.767
TCKT_071866,low,standard,2025-11-09 02:22:05,0,0,0.205
TCKT_097732,low,platinum,2024-10-16 05:46:34,1,1,0.859
TCKT_033122,low,standard,2025-03-04 01:39:33,0,0,0.186
TCKT_020426,urgent,standard,2023-05-05 12:14:08,0,0,0.332
TCKT_054015,low,standard,2025-03-10 15:46:35,0,0,0.28
TCKT_083907,urgent,standard,2023-06-18 02:54:03,0,0,0.268
TCKT_039589,low,standard,2025-11-11 13:51:37,0,0,0.229
TCKT_025976,high,gold,2025-01-30 05:44:06,1,1,0.742
TCKT_024408,urgent,standard,2023-01-26 23:34:20,0,0,0.35
TCKT_024182,low,standard,2024-01-26 04:43:53,0,0,0.221
TCKT_016803,low,standard,2023-08-31 02:49:47,0,0,0.245
TCKT_004027,low,standard,2023-02-28 02:54:28,0,0,0.212
TCKT_045582,low,gold,2025-08-31 00:15:41,1,1,0.572
TCKT_010581,medium,standard,2023-01-08 13:03:43,1,0,0.233
TCKT_083381,high,platinum,2025-03-01 08:53:02,1,1,0.898
TCKT_071506,low,standard,2023-06-28 18:39:08,1,0,0.238
TCKT_068200,medium,gold,2022-02-04 01:53:18,1,1,0.775
TCKT_024436,medium,standard,2024-12-14 09:01:29,0,0,0.221
TCKT_037335,high,standard,2022-01-21 03:19:45,0,0,0.228
TCKT_024437,medium,gold,2023-09-15 17:24:05,1,1,0.767
TCKT_086244,high,platinum,2023-03-15 10:36:02,1,1,0.904
TCKT_033128,low,standard,2023-05-05 22:57:10,0,0,0.191
TCKT_097650,low,gold,2022-05-13 15:50:23,1,1,0.626
TCKT_030375,medium,gold,2024-02-05 09:53:40,0,1,0.789
TCKT_097774,low,gold,2022-06-25 12:27:33,1,1,0.607
TCKT_086471,high,gold,2025-10-02 09:08:42,0,1,0.7
TCKT_039160,medium,platinum,2022-07-19 21:19:36,0,1,0.885
TCKT_015966,high,gold,2023-05-24 03:32:07,0,1,0.675
TCKT_048916,low,standard,2023-05-22 02:21:00,0,0,0.224
TCKT_003364,medium,gold,2023-08-26 23:32:51,1,1,0.735
TCKT_004283,medium,standard,2025-03-01 10:30:29,0,0,0.284
TCKT_051284,medium,standard,2022-04-27 22:01:35,0,0,0.244
TCKT_051300,low,standard,2023-09-30 01:59:57,0,0,0.217
TCKT_044737,low,gold,2022-08-14 20:26:23,1,1,0.597
TCKT_005396,urgent,standard,2025-03-08 13:49:21,0,0,0.272
TCKT_019726,medium,standard,2025-01-21 19:43:01,1,0,0.25
TCKT_050736,high,standard,2024-06-19 21:12:36,0,0,0.257
TCKT_096641,medium,platinum,2025-07-14 06:42:35,0,1,0.849
TCKT_005956,medium,gold,2023-11-16 09:47:18,0,1,0.79
TCKT_016647,low,standard,2023-11-28 09:49:53,0,0,0.229
TCKT_022547,medium,standard,2022-07-13 11:39:16,0,0,0.222
TCKT_011130,urgent,standard,2022-01-01 17:58:55,0,0,0.305
TCKT_080873,medium,platinum,2025-04-12 07:28:12,1,1,0.913
TCKT_084479,low,gold,2022-07-13 09:49:50,0,1,0.634
TCKT_053742,low,standard,2022-04-21 13:50:55,0,0,0.266
TCKT_006937,medium,standard,2023-10-23 00:18:37,0,0,0.258
TCKT_036699,low,platinum,2024-12-07 08:09:45,0,1,0.91
TCKT_092181,medium,standard,2022-12-16 00:58:40,1,0,0.2
TCKT_066022,low,standard,2022-08-31 13:46:29,1,0,0.223
TCKT_083467,low,standard,2024-12-04 11:10:57,0,0,0.223
TCKT_086645,urgent,standard,2025-07-10 10:09:37,0,0,0.316
TCKT_036403,low,standard,2025-05-29 07:34:04,0,0,0.216
TCKT_049944,high,standard,2023-07-07 17:47:58,0,0,0.236
TCKT_023550,low,standard,2025-10-06 12:09:59,0,0,0.21
TCKT_061012,low,gold,2023-03-30 19:26:59,0,1,0.565
TCKT_017586,low,standard,2023-08-02 02:07:16,0,0,0.22
TCKT_067577,low,standard,2023-07-04 00:56:44,0,0,0.207
TCKT_057522,medium,standard,2022-11-14 15:09:11,0,0,0.304
TCKT_053295,high,standard,2025-11-27 05:18:13,0,0,0.275
TCKT_009321,medium,standard,2022-05-12 16:19:36,0,0,0.242
TCKT_015024,low,gold,2025-08-13 14:20:29,1,1,0.649
TCKT_033925,low,standard,2022-11-21 05:34:41,0,0,0.193
TCKT_042490,high,platinum,2024-09-23 11:54:45,1,1,0.891
TCKT_067567,high,standard,2025-10-11 10:03:11,0,0,0.259
TCKT_079061,high,standard,2024-08-22 03:47:36,0,0,0.24
TCKT_054602,medium,gold,2025-04-20 04:53:13,0,1,0.78
TCKT_063917,low,standard,2022-12-08 21:08:30,0,0,0.275
TCKT_023947,high,platinum,2024-03-01 22:28:28,1,1,0.79
TCKT_079007,medium,standard,2024-05-23 07:21:11,0,0,0.257
TCKT_053607,medium,gold,2024-11-20 16:49:22,1,1,0.746
TCKT_086191,low,gold,2022-06-14 10:54:44,1,1,0.625
TCKT_035715,low,standard,2024-07-27 17:44:08,0,0,0.239
TCKT_027611,high,standard,2024-01-07 07:05:22,1,0,0.279
TCKT_086087,medium,platinum,2022-12-24 21:52:29,1,1,0.866
TCKT_092806,low,gold,2024-01-12 04:32:41,0,1,0.647
TCKT_049137,low,platinum,2024-07-28 02:01:05,1,1,0.866
TCKT_021542,low,standard,2024-06-19 11:08:00,0,0,0.21
TCKT_088467,medium,standard,2022-08-13 03:02:27,0,0,0.268
TCKT_025977,low,gold,2025-10-13 04:13:50,0,1,0.604
TCKT_007631,medium,standard,2025-01-22 09:47:58,1,0,0.252
TCKT_052594,low,gold,2023-10-04 14:04:57,0,1,0.654
TCKT_046831,urgent,gold,2023-03-03 11:35:03,1,1,0.73
TCKT_012781,medium,standard,2022-08-20 18:22:45,0,0,0.235
TCKT_032374,high,platinum,2022-03-23 22:16:04,1,1,0.834
TCKT_054857,high,gold,2023-09-05 06:55:59,0,1,0.723
TCKT_040260,medium,standard,2022-08-30 20:46:47,0,0,0.209
TCKT_034613,medium,standard,2024-07-05 20:15:59,1,0,0.228
TCKT_004497,high,standard,2022-03-18 10:29:44,0,0,0.287
TCKT_099246,medium,gold,2025-02-13 05:57:18,0,1,0.75
TCKT_073606,medium,standard,2022-05-31 07:42:59,0,0,0.233
TCKT_059644,medium,standard,2024-01-20 07:29:50,0,0,0.261
TCKT_087489,high,standard,2025-06-07 08:30:57,0,0,0.273
TCKT_023565,medium,gold,2024-11-29 09:07:06,1,1,0.766
TCKT_014964,low,standard,2022-07-10 13:24:34,0,0,0.211
TCKT_031951,low,standard,2025-05-09 03:24:45,0,0,0.211
TCKT_075118,high,gold,2025-10-21 05:33:30,1,1,0.712
TCKT_049564,low,standard,2022-09-01 06:03:52,0,0,0.206
TCKT_099630,medium,platinum,2025-07-30 08:09:02,1,1,0.893
TCKT_043343,low,standard,2024-10-28 16:03:25,0,0,0.21
TCKT_054499,low,gold,2023-09-21 23:58:46,0,1,0.534
TCKT_029499,high,standard,2024-07-24 06:59:35,0,0,0.259
TCKT_035928,medium,standard,2024-10-20 10:39:21,0,0,0.241
TCKT_009805,medium,standard,2023-03-08 23:42:24,0,0,0.261
TCKT_041866,medium,standard,2022-07-15 05:31:31,0,0,0.237
TCKT_062929,medium,standard,2022-09-21 10:43:02,1,0,0.228
TCKT_056049,high,standard,2025-08-28 01:57:55,0,0,0.228
TCKT_066181,high,standard,2024-11-20 07:55:13,0,0,0.288
TCKT_049722,medium,standard,2022-12-20 08:44:31,0,0,0.243
TCKT_036668,low,standard,2024-07-19 23:34:11,0,0,0.171
TCKT_031837,high,platinum,2024-10-05 10:49:41,1,1,0.875
TCKT_008235,low,gold,2023-02-07 18:29:01,1,1,0.631
TCKT_026147,high,standard,2023-01-25 13:53:10,0,0,0.357
TCKT_087561,medium,standard,2024-12-17 05:36:24,0,0,0.235
TCKT_082703,medium,gold,2024-01-31 16:18:11,1,1,0.769
TCKT_065706,medium,standard,2022-12-14 10:32:50,0,0,0.248
TCKT_004437,low,standard,2024-02-26 13:32:16,0,0,0.216
TCKT_025123,high,standard,2024-11-20 11:41:36,0,0,0.291
TCKT_031455,medium,gold,2022-08-08 12:31:44,1,1,0.753
TCKT_050729,medium,gold,2024-11-05 20:12:01,0,1,0.78
TCKT_040242,low,standard,2024-10-03 02:50:10,0,0,0.248
TCKT_035793,urgent,standard,2024-09-13 19:19:32,1,0,0.266
TCKT_030161,medium,standard,2023-01-29 07:36:51,0,0,0.25
TCKT_045614,low,standard,2023-08-04 01:13:50,0,0,0.21
TCKT_066084,medium,standard,2025-10-21 03:33:02,0,0,0.237
TCKT_052612,high,standard,2023-05-28 13:55:29,1,0,0.274
TCKT_004047,urgent,gold,2022-04-06 01:06:51,1,1,0.711
TCKT_021756,low,standard,2024-09-10 10:33:51,0,0,0.205
TCKT_017096,medium,standard,2025-04-06 21:12:31,0,0,0.254
TCKT_016523,low,platinum,2025-01-07 00:41:04,0,1,0.873
TCKT_069309,medium,standard,2023-04-04 13:44:02,1,0,0.239
TCKT_004754,medium,standard,2025-07-28 09:15:41,0,0,0.273
TCKT_070244,low,gold,2025-03-30 14:09:12,0,1,0.617
TCKT_044521,medium,gold,2025-08-24 20:23:30,1,1,0.774
TCKT_034491,low,standard,2022-11-22 15:34:31,0,0,0.231
TCKT_092828,high,gold,2024-09-10 22:31:46,1,1,0.723
TCKT_051235,low,gold,2025-06-11 02:50:33,1,1,0.582
TCKT_096845,low,standard,2024-05-18 03:30:49,0,0,0.216
TCKT_044384,high,platinum,2024-09-16 20:03:58,1,1,0.86
TCKT_086836,medium,platinum,2024-07-06 20:50:56,1,1,0.888
TCKT_038957,high,standard,2023-02-08 20:01:39,0,0,0.217
TCKT_052743,high,gold,2022-12-23 11:53:30,1,1,0.697
TCKT_019885,low,platinum,2022-05-03 10:54:48,0,1,0.85
TCKT_020679,medium,gold,2024-11-24 18:54:27,1,1,0.756
TCKT_052958,low,standard,2023-06-03 03:20:35,0,0,0.215
TCKT_069485,medium,standard,2024-11-30 09:30:14,0,0,0.21
TCKT_018138,low,standard,2024-06-04 21:22:44,1,0,0.208
TCKT_053722,medium,standard,2024-10-07 12:04:18,0,0,0.233
TCKT_082228,low,standard,2025-11-21 15:53:47,0,0,0.224
TCKT_052797,low,gold,2023-08-04 16:11:46,0,1,0.631
TCKT_047712,medium,gold,2022-06-09 07:16:48,1,1,0.766
TCKT_053825,medium,platinum,2024-11-27 02:55:04,1,1,0.869
TCKT_081242,low,gold,2025-11-04 23:21:49,0,1,0.559
TCKT_018082,high,standard,2024-06-01 10:56:14,0,0,0.245
TCKT_064096,high,standard,2025-08-11 22:30:52,0,0,0.279
TCKT_018819,medium,standard,2025-03-11 16:34:00,0,0,0.21
TCKT_001114,low,platinum,2022-11-29 11:28:18,1,1,0.862
TCKT_080470,urgent,gold,2024-01-07 03:53:47,0,1,0.735
TCKT_075607,medium,standard,2022-05-15 15:24:36,0,0,0.231
TCKT_069529,low,gold,2025-08-21 06:26:42,1,1,0.624
TCKT_069538,medium,gold,2023-10-06 01:01:57,1,1,0.803
TCKT_079655,low,gold,2023-12-05 03:54:45,1,1,0.612
TCKT_058963,urgent,gold,2022-02-23 12:42:33,0,1,0.738
TCKT_005114,low,gold,2023-11-23 05:32:35,0,1,0.596
TCKT_015707,low,gold,2024-07-12 00:44:15,0,1,0.61
TCKT_082985,medium,standard,2022-12-09 09:45:54,0,0,0.25
TCKT_007051,high,gold,2025-09-26 20:43:59,0,1,0.716
TCKT_087362,high,gold,2023-01-08 22:44:04,1,1,0.7
TCKT_060756,medium,standard,2024-11-25 01:17:41,0,0,0.252
TCKT_046431,medium,standard,2024-06-05 17:27:52,0,0,0.236
TCKT_026796,high,standard,2023-04-03 18:19:35,0,0,0.264
TCKT_046052,low,standard,2025-10-21 18:04:03,0,0,0.215
TCKT_072140,high,standard,2024-08-26 05:57:51,0,0,0.267
TCKT_044110,medium,standard,2022-07-23 18:42:52,0,0,0.218
TCKT_012959,high,standard,2022-01-09 05:40:34,1,0,0.291
TCKT_069669,medium,standard,2024-06-19 14:16:40,0,0,0.246
TCKT_003885,low,standard,2023-01-06 17:41:55,0,0,0.19
TCKT_004979,medium,standard,2022-12-27 08:19:01,0,0,0.233
TCKT_037040,low,standard,2024-11-28 06:19:15,0,0,0.221
TCKT_087247,medium,gold,2024-03-05 07:08:18,1,1,0.775
TCKT_008179,high,standard,2025-12-13 22:53:05,0,0,0.246
TCKT_051262,high,gold,2023-06-22 07:21:09,0,1,0.727
TCKT_078873,low,gold,2023-08-29 09:43:41,0,1,0.655
TCKT_034732,low,standard,2022-01-02 13:02:36,0,0,0.229
TCKT_033074,low,standard,2025-07-16 19:04:50,0,0,0.236
TCKT_028576,medium,standard,2023-12-09 02:04:42,1,0,0.21
TCKT_070395,low,standard,2023-12-26 16:27:22,0,0,0.258
TCKT_096831,low,gold,2023-06-03 05:36:40,1,1,0.64
TCKT_034971,low,gold,2024-08-20 05:31:06,1,1,0.667
TCKT_014133,low,standard,2022-03-14 06:53:27,0,0,0.252
TCKT_058601,medium,standard,2025-01-08 03:01:23,0,0,0.282
TCKT_068115,low,gold,2025-07-10 21:49:34,0,1,0.659
TCKT_002534,medium,platinum,2024-09-06 09:17:18,1,1,0.88
TCKT_027814,low,standard,2025-01-21 22:04:03,0,0,0.221
TCKT_012316,low,gold,2024-01-07 18:40:14,0,1,0.584
TCKT_036023,medium,standard,2022-10-15 19:28:54,0,0,0.231
TCKT_086334,low,gold,2023-01-26 03:39:21,0,1,0.6
TCKT_043320,low,standard,2024-11-15 20:20:35,0,0,0.234
TCKT_019085,medium,standard,2022-06-11 09:19:09,0,0,0.256
TCKT_024271,medium,standard,2025-11-06 12:23:24,0,0,0.25
TCKT_068516,high,standard,2022-09-16 02:14:17,1,0,0.252
TCKT_030634,low,standard,2023-02-27 07:23:29,0,0,0.208
TCKT_054921,low,standard,2025-08-11 04:45:48,0,0,0.207
TCKT_017311,medium,standard,2023-01-04 09:28:14,1,0,0.235
TCKT_017886,medium,platinum,2024-10-17 03:52:37,1,1,0.908
TCKT_082833,low,platinum,2025-10-11 05:20:17,0,1,0.885
TCKT_067532,high,gold,2023-08-30 04:25:21,1,1,0.745
TCKT_080848,low,standard,2022-03-23 01:27:10,0,0,0.196
TCKT_008821,high,platinum,2025-11-12 16:14:59,1,1,0.884
TCKT_070568,high,gold,2022-06-13 20:12:16,1,1,0.737
TCKT_081690,high,standard,2024-12-09 07:20:02,0,0,0.269
TCKT_086857,medium,platinum,2024-06-07 09:36:00,1,1,0.89
TCKT_018713,low,standard,2025-06-12 15:55:13,0,0,0.21
TCKT_046251,medium,standard,2022-07-16 19:25:46,0,0,0.222
TCKT_020440,high,gold,2022-01-18 07:54:21,1,1,0.721
TCKT_061572,medium,standard,2024-01-14 02:48:19,0,0,0.232
TCKT_038424,high,standard,2024-12-19 23:44:25,0,0,0.301
TCKT_007968,medium,platinum,2025-02-21 08:49:05,0,1,0.904
TCKT_059539,medium,platinum,2025-06-16 17:57:26,1,1,0.907
TCKT_054043,medium,standard,2024-03-31 18:26:22,0,0,0.27
TCKT_042276,low,standard,2023-01-06 00:34:40,0,0,0.206
TCKT_099198,medium,standard,2022-06-06 13:36:25,1,0,0.255
TCKT_030909,medium,standard,2023-05-07 12:53:46,0,0,0.251
TCKT_061627,medium,gold,2022-06-27 18:52:55,0,1,0.777
TCKT_058530,medium,standard,2024-08-03 07:33:55,0,0,0.214
TCKT_087807,medium,standard,2022-02-18 20:37:51,0,0,0.248
TCKT_072765,low,standard,2022-03-30 14:43:33,0,0,0.226
TCKT_038610,high,standard,2024-09-15 04:27:34,0,0,0.278
TCKT_028022,high,standard,2022-10-01 06:36:45,0,0,0.275
TCKT_012121,medium,standard,2025-12-27 15:09:40,0,0,0.304
TCKT_020836,low,standard,2024-08-21 21:15:13,0,0,0.218
TCKT_022474,low,standard,2023-09-27 15:01:31,0,0,0.216
TCKT_041526,urgent,standard,2025-02-03 05:30:40,0,0,0.275
TCKT_098374,medium,gold,2022-01-21 14:32:31,0,1,0.789
TCKT_013392,high,standard,2023-03-05 13:36:00,0,0,0.259
TCKT_053251,low,standard,2025-08-12 17:20:39,0,0,0.248
TCKT_057422,medium,standard,2024-02-28 13:23:00,0,0,0.272
TCKT_021845,high,standard,2024-04-23 05:14:37,0,0,0.276
TCKT_035174,low,standard,2023-09-05 22:09:04,0,0,0.265
TCKT_098283,medium,standard,2025-02-25 08:19:10,0,0,0.247
TCKT_066870,medium,gold,2022-06-23 00:28:53,1,1,0.708
TCKT_041334,high,standard,2025-10-29 12:57:39,0,0,0.213
TCKT_017044,high,standard,2023-03-20 07:27:30,0,0,0.295
TCKT_075046,medium,standard,2022-08-02 23:46:18,0,0,0.249
TCKT_073555,urgent,platinum,2023-10-30 14:00:31,1,1,0.864
TCKT_016930,high,standard,2022-11-21 03:43:47,0,0,0.266
TCKT_075092,low,standard,2024-11-11 23:13:26,0,0,0.219
TCKT_003765,medium,standard,2024-07-26 06:44:25,0,0,0.206
TCKT_053771,high,standard,2024-07-15 16:52:49,0,0,0.29
TCKT_068769,urgent,platinum,2024-11-23 16:17:56,1,1,0.803
TCKT_046447,high,gold,2025-11-05 22:49:21,0,1,0.719
TCKT_078829,high,platinum,2024-05-09 19:47:53,1,1,0.852
TCKT_025055,high,standard,2022-06-20 00:53:32,1,0,0.307
TCKT_098772,high,platinum,2023-04-24 08:47:36,1,1,0.86
TCKT_086318,urgent,gold,2025-02-18 10:59:26,0,1,0.746
TCKT_002870,medium,gold,2023-09-24 11:08:20,1,1,0.776
TCKT_012042,low,standard,2024-08-30 20:21:19,0,0,0.203
TCKT_001200,high,standard,2025-02-19 02:25:09,0,0,0.276
TCKT_055083,high,standard,2024-06-08 22:58:16,0,0,0.222
TCKT_034464,medium,gold,2025-06-26 06:44:56,1,1,0.771
TCKT_093855,medium,gold,2024-11-01 18:35:37,1,1,0.771
TCKT_075018,medium,standard,2022-01-04 01:32:56,0,0,0.243
TCKT_041119,medium,gold,2024-11-03 19:39:21,0,1,0.774
TCKT_075916,low,standard,2023-04-15 12:27:58,0,0,0.242
TCKT_071174,medium,platinum,2024-02-09 15:46:43,1,1,0.91
TCKT_035959,low,standard,2023-08-05 19:45:58,0,0,0.224
TCKT_033602,medium,standard,2023-01-25 05:36:30,0,0,0.24
TCKT_084957,medium,standard,2022-01-14 06:53:05,0,0,0.232
TCKT_098568,high,gold,2025-09-28 03:26:59,1,1,0.726
TCKT_052732,medium,standard,2022-03-02 16:24:01,0,0,0.223
TCKT_032822,medium,standard,2022-10-07 12:43:40,0,0,0.286
TCKT_065748,high,gold,2024-07-18 18:44:45,0,1,0.739
TCKT_088282,low,standard,2023-05-24 03:39:39,0,0,0.184
TCKT_057493,low,standard,2022-09-25 18:13:59,0,0,0.216
TCKT_006742,medium,gold,2022-02-23 11:29:17,1,1,0.757
TCKT_048674,low,platinum,2024-04-22 15:00:24,1,1,0.885
TCKT_059898,low,gold,2024-08-04 13:58:48,0,1,0.625
TCKT_057652,urgent,standard,2023-09-26 04:50:34,0,0,0.232
TCKT_003746,medium,standard,2025-02-24 14:38:43,1,0,0.282
TCKT_005302,low,standard,2025-05-09 11:14:56,0,0,0.227
TCKT_073632,low,standard,2024-04-29 20:06:14,0,0,0.215
TCKT_055843,medium,standard,2022-01-25 20:19:09,1,0,0.258
TCKT_035937,low,standard,2024-11-04 09:22:20,0,0,0.25
TCKT_035653,high,standard,2024-02-29 22:16:59,0,0,0.252
TCKT_023089,urgent,standard,2023-05-02 23:18:35,1,0,0.363
TCKT_056752,low,standard,2022-01-27 19:45:22,0,0,0.207
TCKT_069107,low,platinum,2024-09-29 09:37:43,1,1,0.863
TCKT_062378,low,platinum,2022-12-23 00:05:56,0,1,0.871
TCKT_099461,low,standard,2022-11-27 19:52:01,0,0,0.224
TCKT_075266,high,standard,2022-01-20 11:55:27,0,0,0.273
TCKT_003981,high,gold,2024-10-31 01:11:04,1,1,0.752
TCKT_077474,low,standard,2024-04-08 18:20:08,0,0,0.311
TCKT_008282,high,gold,2024-04-06 17:15:47,0,1,0.754
TCKT_009765,low,platinum,2022-11-25 02:50:45,1,1,0.882
TCKT_074768,low,standard,2023-01-24 08:50:22,0,0,0.195
TCKT_041745,low,standard,2023-10-18 01:01:14,1,0,0.196
TCKT_006792,medium,standard,2023-06-08 23:40:31,0,0,0.267
TCKT_002893,medium,standard,2022-01-20 19:30:33,0,0,0.22
TCKT_082277,low,standard,2025-11-24 19:30:01,0,0,0.206
TCKT_065493,low,standard,2022-08-14 18:07:54,0,0,0.212
TCKT_027789,low,gold,2022-04-25 08:57:43,1,1,0.636
TCKT_098389,low,platinum,2024-11-05 04:09:23,1,1,0.881
TCKT_063057,medium,gold,2024-03-11 12:38:31,1,1,0.76
TCKT_088414,medium,platinum,2025-10-30 07:52:49,1,1,0.898
TCKT_008050,low,standard,2025-09-19 02:03:16,0,0,0.211
TCKT_028105,low,standard,2022-05-02 15:46:34,0,0,0.219
TCKT_011979,medium,standard,2023-04-08 05:02:14,0,0,0.239
TCKT_050573,high,gold,2023-09-04 13:43:19,1,1,0.743
TCKT_059734,high,gold,2022-06-18 21:41:10,1,1,0.726
TCKT_026016,low,gold,2025-08-18 07:51:43,1,1,0.602
TCKT_009148,low,standard,2024-08-06 23:58:06,0,0,0.236
TCKT_081997,low,gold,2023-04-11 13:43:42,0,1,0.634
TCKT_057629,low,standard,2024-08-26 16:29:26,0,0,0.196
TCKT_029284,urgent,gold,2025-08-27 16:08:49,0,1,0.709
TCKT_029009,urgent,gold,2025-12-15 18:54:51,0,1,0.738
TCKT_063953,medium,standard,2022-01-02 20:43:51,0,0,0.264
TCKT_001210,medium,standard,2025-06-29 03:24:32,0,0,0.258
TCKT_069867,high,standard,2023-08-31 09:51:17,0,0,0.256
TCKT_008618,high,platinum,2022-12-07 05:56:16,1,1,0.832
TCKT_074734,low,standard,2024-10-11 09:56:50,0,0,0.195
TCKT_051459,medium,gold,2023-07-05 01:13:09,1,1,0.774
TCKT_012216,urgent,standard,2023-01-24 22:13:16,1,0,0.358
TCKT_044138,medium,standard,2024-12-08 23:03:33,0,0,0.246
TCKT_008347,medium,gold,2024-05-15 06:24:04,0,1,0.779
TCKT_071452,medium,standard,2022-04-08 13:41:11,1,0,0.251
TCKT_095188,low,standard,2024-09-29 22:54:52,1,0,0.24
TCKT_035917,low,standard,2024-06-03 19:49:18,0,0,0.196
TCKT_082450,low,gold,2022-02-24 12:36:25,0,1,0.624
TCKT_036106,low,standard,2024-02-25 22:56:47,0,0,0.21
TCKT_099006,low,gold,2022-08-01 18:27:05,0,1,0.585
TCKT_024593,low,standard,2025-08-19 09:37:31,0,0,0.281
TCKT_078778,high,standard,2023-09-04 00:53:31,0,0,0.283
TCKT_004407,low,gold,2022-07-12 21:28:52,0,1,0.601
TCKT_067570,high,gold,2022-04-03 05:41:45,0,1,0.722
TCKT_052948,high,platinum,2025-09-29 14:21:54,1,1,0.864
TCKT_074331,low,gold,2023-06-06 17:17:37,1,1,0.627
TCKT_007048,medium,standard,2022-02-03 09:04:36,0,0,0.265
TCKT_081709,medium,standard,2025-05-05 18:31:57,1,0,0.264
TCKT_010453,medium,standard,2025-07-05 06:56:33,0,0,0.253
TCKT_099005,low,standard,2024-01-17 09:35:22,0,0,0.221
TCKT_023173,medium,standard,2023-08-06 06:52:37,0,0,0.253
TCKT_009984,low,standard,2024-01-20 16:07:03,0,0,0.237
TCKT_027288,medium,standard,2023-02-20 23:41:00,0,0,0.218
TCKT_004511,medium,standard,2023-03-02 02:31:10,0,0,0.232
TCKT_014407,urgent,gold,2025-01-07 09:33:28,0,1,0.744
TCKT_088621,medium,standard,2024-02-01 04:26:52,0,0,0.258
TCKT_067091,low,platinum,2022-07-02 10:01:42,0,1,0.904
TCKT_075827,medium,standard,2022-03-18 15:32:07,0,0,0.266
TCKT_014980,medium,gold,2022-01-19 10:57:15,0,1,0.773
TCKT_092905,high,gold,2024-05-01 08:22:35,0,1,0.754
TCKT_051356,high,standard,2025-08-19 11:41:05,0,0,0.272
TCKT_084504,medium,standard,2023-01-31 00:24:13,0,0,0.239
TCKT_030782,medium,gold,2024-03-16 22:15:25,0,1,0.755
TCKT_040070,low,gold,2025-08-31 23:35:14,0,1,0.597
TCKT_072925,medium,standard,2023-04-09 00:42:06,1,0,0.233
TCKT_071991,low,gold,2025-10-05 22:13:21,0,1,0.645
TCKT_090414,low,standard,2023-06-11 12:05:13,0,0,0.244
TCKT_011778,low,gold,2022-03-01 07:10:35,0,1,0.614
TCKT_032638,urgent,gold,2023-06-04 23:04:53,1,1,0.681
TCKT_040399,low,gold,2023-06-01 15:56:01,0,1,0.624
TCKT_032020,high,platinum,2025-09-22 08:10:08,1,1,0.912
TCKT_010033,high,gold,2024-09-12 09:23:50,1,1,0.781
TCKT_047200,low,gold,2023-09-04 23:23:25,0,1,0.652
TCKT_062467,medium,standard,2023-12-20 03:08:30,0,0,0.186
TCKT_034878,medium,standard,2023-12-04 11:09:16,0,0,0.256
TCKT_095132,urgent,platinum,2025-02-04 22:00:02,1,1,0.756
TCKT_062486,medium,standard,2024-11-12 21:03:32,0,0,0.253
TCKT_019689,urgent,standard,2022-05-24 22:06:40,0,0,0.364
TCKT_081510,high,standard,2023-02-08 16:33:40,1,0,0.243
TCKT_083820,urgent,standard,2022-07-25 01:55:37,0,0,0.242
TCKT_086617,low,standard,2024-05-02 13:46:59,1,0,0.233
TCKT_030454,medium,gold,2024-04-30 02:03:04,0,1,0.716
TCKT_010738,high,standard,2023-03-01 13:55:41,0,0,0.237
TCKT_099173,medium,standard,2022-11-07 00:30:00,0,0,0.186
TCKT_090473,medium,standard,2023-10-21 06:26:18,0,0,0.238
TCKT_042956,low,gold,2024-07-26 12:15:26,0,1,0.638
TCKT_069672,medium,gold,2025-03-27 12:45:24,1,1,0.773
TCKT_084386,medium,gold,2022-01-30 00:56:31,0,1,0.797
TCKT_060269,low,standard,2022-09-28 04:08:43,0,0,0.247
TCKT_052369,low,platinum,2022-06-05 21:59:49,0,1,0.866
TCKT_045001,medium,gold,2022-03-04 21:06:14,0,1,0.758
TCKT_010610,medium,platinum,2022-07-31 15:28:47,1,1,0.918
TCKT_086320,high,gold,2024-01-30 16:08:09,0,1,0.725
TCKT_098880,medium,platinum,2025-05-22 14:19:07,1,1,0.883
TCKT_050772,low,standard,2023-09-11 16:22:33,0,0,0.193
TCKT_011265,low,gold,2024-11-28 04:50:27,0,1,0.573
TCKT_026733,low,standard,2022-01-04 23:44:56,0,0,0.209
TCKT_013767,medium,gold,2022-02-21 18:27:56,1,1,0.764
TCKT_078467,high,standard,2023-07-29 10:17:28,0,0,0.274
TCKT_099112,medium,gold,2024-05-12 16:56:32,1,1,0.765
TCKT_039991,low,platinum,2022-01-10 19:56:07,0,1,0.846
TCKT_026256,low,standard,2022-07-19 10:15:11,0,0,0.23
TCKT_070039,medium,standard,2024-04-21 15:17:09,0,0,0.255
TCKT_048410,low,standard,2025-05-06 20:40:13,1,0,0.245
TCKT_081904,low,gold,2023-05-15 11:42:32,0,1,0.631
TCKT_017439,low,platinum,2025-02-01 18:41:40,1,1,0.83
TCKT_049784,low,gold,2025-02-19 23:10:38,0,1,0.64
TCKT_085837,high,standard,2022-10-31 12:38:24,0,0,0.253
TCKT_047226,high,standard,2022-09-27 03:01:02,0,0,0.268
TCKT_031102,low,gold,2023-07-16 17:40:45,1,1,0.612
TCKT_015909,high,gold,2025-08-09 08:19:28,1,1,0.749
TCKT_061469,high,standard,2022-09-23 08:33:07,0,0,0.253
TCKT_008556,medium,gold,2022-07-27 18:59:49,1,1,0.758
TCKT_049586,low,standard,2023-12-11 16:05:49,0,0,0.2
TCKT_090835,medium,standard,2024-06-14 21:31:55,1,0,0.225
TCKT_069801,urgent,standard,2024-07-11 03:22:30,0,0,0.205
TCKT_038778,medium,standard,2022-09-19 19:30:35,0,0,0.27
TCKT_032510,high,standard,2023-05-01 06:26:33,0,0,0.235
TCKT_059968,medium,standard,2023-04-13 09:01:28,0,0,0.24
TCKT_036297,medium,standard,2022-07-18 19:09:36,1,0,0.267
TCKT_086091,medium,standard,2023-12-28 17:44:15,1,0,0.241
TCKT_066275,low,platinum,2024-04-21 01:42:20,1,1,0.901
TCKT_042058,low,standard,2025-12-20 15:11:00,0,0,0.221
TCKT_070999,high,gold,2023-12-28 16:47:25,1,1,0.722
TCKT_015189,low,standard,2023-07-05 20:56:33,0,0,0.222
TCKT_078933,medium,standard,2025-09-20 23:46:57,0,0,0.217
TCKT_034501,medium,gold,2023-09-21 07:38:52,1,1,0.787
TCKT_079419,urgent,standard,2025-12-30 22:21:19,0,0,0.314
TCKT_009556,medium,standard,2022-11-20 03:44:24,1,0,0.227
TCKT_084576,medium,standard,2023-05-30 15:38:37,0,0,0.291
TCKT_074621,high,gold,2023-12-08 07:23:14,1,1,0.711
TCKT_031940,urgent,standard,2022-12-24 01:28:23,1,0,0.204
TCKT_018783,low,standard,2023-12-22 07:43:45,0,0,0.224
TCKT_091261,medium,standard,2024-09-14 10:33:40,1,0,0.221
TCKT_037864,low,standard,2022-12-22 16:43:17,0,0,0.221
TCKT_080062,medium,standard,2025-06-26 18:56:39,0,0,0.225
TCKT_091454,high,standard,2025-07-16 03:39:31,0,0,0.266
TCKT_057489,low,standard,2023-06-24 14:12:21,1,0,0.231
TCKT_074397,low,standard,2024-11-28 00:36:12,0,0,0.221
TCKT_000366,low,gold,2025-08-09 19:57:24,1,1,0.597
TCKT_039508,high,platinum,2025-11-23 06:04:40,1,1,0.911
TCKT_019535,high,gold,2024-03-25 22:25:43,0,1,0.662
TCKT_086558,low,standard,2022-09-29 12:18:25,0,0,0.198
TCKT_026585,low,standard,2025-07-04 21:58:20,1,0,0.239
TCKT_097407,low,standard,2023-02-14 04:20:44,0,0,0.218
TCKT_048336,low,gold,2022-10-09 21:18:25,0,1,0.661
TCKT_004498,high,standard,2023-10-17 20:10:40,0,0,0.262
TCKT_026192,low,standard,2024-05-22 08:30:55,0,0,0.225
TCKT_014618,low,standard,2023-12-12 13:46:13,0,0,0.219
TCKT_078300,low,standard,2023-02-10 11:49:11,0,0,0.214
TCKT_042636,medium,gold,2024-05-20 07:14:54,0,1,0.748
TCKT_077117,medium,standard,2023-10-30 06:38:01,0,0,0.222
TCKT_093418,high,standard,2025-09-29 06:28:59,0,0,0.285
TCKT_090317,medium,standard,2024-12-31 16:07:13,0,0,0.245
TCKT_064170,high,standard,2024-09-30 10:03:52,1,0,0.306
TCKT_079993,medium,gold,2024-02-15 06:19:21,1,1,0.757
TCKT_042542,low,gold,2022-11-13 07:44:00,1,1,0.659
TCKT_073112,low,gold,2025-02-16 13:43:41,0,1,0.625
TCKT_019171,medium,gold,2024-11-08 12:24:43,1,1,0.792
TCKT_080889,high,platinum,2024-09-01 17:36:01,1,1,0.852
TCKT_088201,low,gold,2023-01-16 22:18:36,0,1,0.593
TCKT_038897,low,standard,2022-05-14 22:30:58,0,0,0.222
TCKT_092199,medium,platinum,2023-07-02 17:00:05,1,1,0.897
TCKT_050920,medium,standard,2022-07-22 01:58:46,0,0,0.243
TCKT_078373,medium,gold,2025-08-03 20:09:21,0,1,0.756
TCKT_002712,medium,gold,2023-07-26 11:15:10,0,1,0.763
TCKT_065797,medium,platinum,2023-03-23 00:44:34,1,1,0.892
TCKT_046856,medium,gold,2024-12-08 05:57:36,0,1,0.777
TCKT_004293,medium,standard,2023-07-16 00:40:22,0,0,0.229
TCKT_018489,medium,standard,2023-08-13 04:11:28,0,0,0.263
TCKT_045869,low,standard,2022-04-28 09:42:05,0,0,0.226
TCKT_046906,low,platinum,2024-12-17 16:52:58,1,1,0.878
TCKT_071954,medium,gold,2024-02-10 22:15:55,1,1,0.761
TCKT_072950,medium,standard,2025-08-13 16:49:46,0,0,0.24
TCKT_038320,low,standard,2022-02-03 09:42:06,0,0,0.258
TCKT_023213,low,standard,2022-06-19 08:42:13,0,0,0.229
TCKT_066217,medium,standard,2022-02-17 08:03:35,0,0,0.27
TCKT_062911,low,standard,2022-08-25 00:38:38,0,0,0.203
TCKT_052015,medium,standard,2022-02-16 21:02:11,0,0,0.201
TCKT_058171,low,gold,2025-10-26 00:26:06,1,1,0.596
TCKT_012848,high,platinum,2024-03-19 11:30:14,1,1,0.903
TCKT_023509,medium,gold,2024-02-03 22:52:26,1,1,0.744
TCKT_005284,high,standard,2024-05-25 06:14:22,0,0,0.263
TCKT_087222,medium,standard,2022-06-20 08:48:41,1,0,0.249
TCKT_009788,high,standard,2023-08-24 17:07:12,0,0,0.242
TCKT_099840,low,gold,2022-08-03 04:16:04,1,1,0.608
TCKT_026702,medium,standard,2023-12-11 16:24:59,0,0,0.273
TCKT_072495,medium,gold,2022-09-24 02:54:54,0,1,0.779
TCKT_062761,low,gold,2025-06-10 08:05:23,1,1,0.669
TCKT_047956,medium,platinum,2023-11-30 19:29:52,1,1,0.893
TCKT_035405,low,standard,2025-07-27 01:25:38,0,0,0.182
TCKT_094251,high,standard,2025-06-08 17:16:55,1,0,0.248
TCKT_003881,low,standard,2022-05-13 19:26:36,0,0,0.224
TCKT_025513,low,standard,2022-06-20 21:11:35,1,0,0.239
TCKT_025697,medium,gold,2022-01-30 11:20:58,0,1,0.785
TCKT_055053,medium,gold,2022-02-07 19:11:04,1,1,0.745
TCKT_046688,high,gold,2025-10-01 14:27:36,1,1,0.735
TCKT_011875,high,platinum,2022-07-19 10:12:01,0,1,0.873
TCKT_098938,low,platinum,2022-03-04 18:38:42,1,1,0.869
TCKT_003700,low,standard,2022-11-13 23:36:50,0,0,0.214
TCKT_047394,high,standard,2022-04-29 03:17:15,0,0,0.255
TCKT_047914,high,standard,2024-08-26 22:19:26,0,0,0.244
TCKT_093428,low,standard,2024-09-24 21:01:49,0,0,0.268
TCKT_077845,high,standard,2024-09-11 11:28:46,0,0,0.29
TCKT_045813,medium,gold,2024-04-05 14:19:59,0,1,0.788
TCKT_054861,medium,standard,2024-10-23 19:34:48,0,0,0.242
TCKT_022722,low,platinum,2025-08-14 01:01:01,1,1,0.861
TCKT_057277,medium,gold,2022-10-17 23:29:09,1,1,0.731
TCKT_084217,high,standard,2024-04-04 11:27:59,0,0,0.253
TCKT_032363,low,standard,2024-07-08 23:44:09,0,0,0.274
TCKT_052975,low,standard,2023-11-25 01:02:09,0,0,0.223
TCKT_067796,high,standard,2025-05-12 21:35:44,0,0,0.251
TCKT_060343,medium,standard,2023-01-18 19:44:56,0,0,0.249
TCKT_060889,low,gold,2025-07-23 10:50:35,0,1,0.656
TCKT_028357,low,standard,2024-09-18 13:33:21,0,0,0.193
TCKT_030156,low,gold,2025-10-10 08:31:53,1,1,0.619
TCKT_039293,medium,standard,2022-03-07 06:02:43,0,0,0.249
TCKT_022505,low,standard,2025-01-15 08:54:54,0,0,0.24
TCKT_056192,medium,platinum,2024-08-17 14:42:23,1,1,0.897
TCKT_001100,medium,gold,2022-06-18 00:24:36,1,1,0.704
TCKT_075327,medium,gold,2023-05-20 20:01:58,0,1,0.761
TCKT_024365,high,platinum,2024-02-11 09:47:30,1,1,0.836
TCKT_020580,low,gold,2022-04-26 11:13:13,0,1,0.626
TCKT_084878,medium,platinum,2024-04-18 06:24:37,0,1,0.887
TCKT_063242,low,gold,2023-07-25 05:23:09,1,1,0.664
TCKT_060782,medium,gold,2022-05-11 08:38:18,0,1,0.747
TCKT_071753,medium,standard,2025-12-03 23:54:43,0,0,0.229
TCKT_005065,low,standard,2022-07-18 07:20:38,0,0,0.209
TCKT_014368,high,standard,2022-06-19 16:04:12,0,0,0.283
TCKT_081248,medium,gold,2025-07-09 16:39:43,1,1,0.777
TCKT_051619,high,standard,2024-08-06 12:15:58,1,0,0.348
TCKT_000671,high,standard,2024-09-19 22:15:51,0,0,0.245
TCKT_068230,medium,standard,2023-05-17 10:17:59,0,0,0.21
TCKT_000543,medium,gold,2022-08-24 11:56:25,1,1,0.79
TCKT_004330,high,standard,2025-02-11 06:43:14,0,0,0.294
TCKT_076830,urgent,standard,2023-11-19 04:30:37,0,0,0.3
TCKT_079004,low,gold,2025-05-05 10:57:46,1,1,0.596
TCKT_013528,low,standard,2025-03-31 05:28:29,0,0,0.227
TCKT_008995,medium,gold,2025-04-15 01:02:02,1,1,0.736
TCKT_037447,low,gold,2024-06-09 08:56:27,1,1,0.601
TCKT_094353,high,standard,2024-11-29 20:51:36,0,0,0.288
TCKT_026880,low,standard,2022-12-15 00:11:18,0,0,0.224
TCKT_074766,low,gold,2025-08-22 05:59:57,0,1,0.609
TCKT_067234,high,gold,2022-08-02 01:15:44,0,1,0.703
TCKT_095074,medium,standard,2025-08-31 19:08:41,0,0,0.252
TCKT_019941,low,standard,2025-01-12 02:30:56,1,0,0.232
TCKT_087537,medium,platinum,2023-06-22 01:55:12,1,1,0.896
TCKT_028280,medium,gold,2025-05-21 04:42:22,1,1,0.752
TCKT_044318,high,gold,2022-02-06 10:24:49,1,1,0.74
TCKT_025213,medium,standard,2024-07-25 01:12:42,0,0,0.232
TCKT_043279,low,standard,2024-12-18 14:50:52,0,0,0.208
TCKT_091468,medium,gold,2022-04-25 01:09:30,0,1,0.747
TCKT_062816,low,gold,2024-05-09 15:04:51,1,1,0.585
TCKT_012020,low,platinum,2024-04-08 17:59:05,1,1,0.861
TCKT_016385,urgent,gold,2022-08-11 03:49:45,1,1,0.684
TCKT_076545,high,gold,2025-03-20 14:17:51,0,1,0.722
TCKT_049163,low,standard,2023-10-18 15:50:31,0,0,0.264
TCKT_010267,high,standard,2025-02-06 00:59:59,0,0,0.299
TCKT_018324,medium,standard,2024-06-19 08:38:33,0,0,0.262
TCKT_023617,medium,standard,2022-01-30 20:30:33,0,0,0.245
TCKT_036873,medium,platinum,2022-12-20 13:50:22,1,1,0.889
TCKT_012750,medium,standard,2024-02-04 19:51:31,0,0,0.247
TCKT_096102,high,standard,2022-01-24 16:40:25,0,0,0.258
TCKT_087061,low,gold,2023-06-06 03:55:52,0,1,0.61
TCKT_078758,low,gold,2024-07-30 08:05:18,0,1,0.636
TCKT_091975,medium,gold,2022-03-06 06:03:33,1,1,0.767
TCKT_012571,low,standard,2024-07-17 11:31:30,1,0,0.252
TCKT_024829,low,standard,2025-09-29 23:02:51,1,0,0.245
TCKT_039281,low,gold,2024-06-13 10:16:41,1,1,0.684
TCKT_096790,high,standard,2025-09-24 05:33:50,0,0,0.277
TCKT_047680,urgent,standard,2024-10-08 13:25:20,1,0,0.288
TCKT_002764,high,standard,2024-07-05 17:53:38,0,0,0.283
TCKT_061467,medium,platinum,2025-07-17 06:35:59,1,1,0.89
TCKT_086474,low,standard,2022-05-18 03:21:54,0,0,0.209
TCKT_017796,high,standard,2023-05-17 14:36:41,0,0,0.385
TCKT_082456,medium,standard,2024-04-10 23:42:51,0,0,0.236
TCKT_057421,medium,standard,2024-09-21 06:25:16,0,0,0.266
TCKT_056180,medium,standard,2025-10-28 19:32:50,0,0,0.246
TCKT_000820,low,standard,2025-03-24 13:03:02,1,0,0.215
TCKT_096867,low,gold,2024-08-26 20:14:20,0,1,0.659
TCKT_044574,medium,standard,2025-10-03 15:24:13,0,0,0.233
TCKT_044334,medium,gold,2024-01-17 21:40:09,0,1,0.74
TCKT_006372,low,standard,2025-10-23 01:06:24,1,0,0.214
TCKT_009433,low,standard,2023-06-07 04:32:42,0,0,0.223
TCKT_052099,low,standard,2022-10-21 20:49:55,0,0,0.189
TCKT_006277,low,standard,2022-05-03 16:55:15,1,0,0.198
TCKT_025791,medium,gold,2023-07-07 17:36:50,1,1,0.755
TCKT_089403,urgent,standard,2022-03-19 01:17:42,0,0,0.299
TCKT_035972,low,gold,2024-01-14 00:17:29,0,1,0.595
TCKT_086929,low,standard,2024-06-23 19:43:28,0,0,0.267
TCKT_077535,medium,standard,2025-07-29 13:40:06,0,0,0.235
TCKT_029370,low,standard,2024-10-15 22:53:36,0,0,0.25
TCKT_067907,high,gold,2022-01-07 10:24:46,1,1,0.727
TCKT_044822,low,standard,2022-08-12 12:12:11,0,0,0.197
TCKT_091845,medium,platinum,2024-07-16 19:25:19,1,1,0.893
TCKT_056453,medium,standard,2025-09-20 11:29:04,0,0,0.248
TCKT_061131,low,gold,2024-01-09 16:44:10,0,1,0.581
TCKT_055835,low,standard,2022-03-31 14:56:25,1,0,0.232
TCKT_024499,low,gold,2024-06-29 20:08:10,0,1,0.611
TCKT_010774,medium,standard,2024-12-16 14:06:58,0,0,0.232
TCKT_060374,high,standard,2025-07-04 19:43:23,0,0,0.242
TCKT_091843,urgent,standard,2024-11-12 13:49:37,1,0,0.199
TCKT_052946,medium,gold,2023-01-10 00:16:29,0,1,0.778
TCKT_003598,medium,standard,2025-01-26 20:52:47,0,0,0.237
TCKT_011521,low,standard,2022-09-10 04:23:30,0,0,0.22
TCKT_078035,high,standard,2025-10-11 07:37:43,0,0,0.234
TCKT_081851,urgent,gold,2025-11-23 12:17:15,1,1,0.74
TCKT_098634,medium,standard,2025-08-20 11:47:52,0,0,0.251
TCKT_059140,high,gold,2022-04-18 01:39:34,1,1,0.73
TCKT_019739,medium,standard,2022-07-03 11:34:13,0,0,0.205
TCKT_025818,low,standard,2025-06-06 04:05:13,1,0,0.204
TCKT_075636,low,standard,2022-10-02 02:19:52,0,0,0.213
TCKT_042676,low,standard,2025-01-17 16:01:06,0,0,0.241
TCKT_097278,low,standard,2024-08-29 11:42:41,0,0,0.287
TCKT_070987,low,standard,2023-04-04 23:20:49,1,0,0.234
TCKT_073728,medium,standard,2022-12-08 11:04:49,0,0,0.252
TCKT_041850,low,standard,2024-01-20 21:53:40,0,0,0.236
TCKT_091544,medium,standard,2025-04-02 13:33:41,0,0,0.207
TCKT_075409,high,gold,2022-08-19 02:50:23,0,1,0.688
TCKT_087890,low,standard,2025-06-12 08:10:31,0,0,0.261
TCKT_047619,high,platinum,2024-03-03 11:44:30,1,1,0.894
TCKT_051997,low,standard,2025-08-04 09:40:06,0,0,0.216
TCKT_030720,medium,standard,2022-06-13 17:12:08,0,0,0.231
TCKT_035220,high,standard,2024-05-26 11:53:15,0,0,0.262
TCKT_055105,medium,platinum,2024-03-03 18:54:04,1,1,0.899
TCKT_029604,urgent,standard,2022-11-23 23:24:10,0,0,0.288
TCKT_051881,medium,standard,2024-08-15 17:29:41,0,0,0.222
TCKT_000443,low,gold,2022-03-10 22:03:52,1,1,0.643
TCKT_039986,low,platinum,2025-10-05 12:28:37,1,1,0.879
TCKT_090624,high,gold,2023-02-19 11:08:40,0,1,0.721
TCKT_080581,low,platinum,2022-01-24 08:44:55,0,1,0.876
TCKT_075081,high,standard,2024-06-13 23:10:07,0,0,0.277
TCKT_079731,low,standard,2023-03-08 10:30:12,0,0,0.226
TCKT_099318,medium,standard,2022-11-21 00:27:51,0,0,0.205
TCKT_058961,high,gold,2022-05-10 17:52:40,1,1,0.699
TCKT_039056,medium,gold,2024-09-28 18:13:43,1,1,0.75
TCKT_068272,low,gold,2022-01-20 07:16:28,0,1,0.686
TCKT_095240,medium,standard,2023-12-12 12:57:58,0,0,0.238
TCKT_006723,medium,standard,2025-12-24 12:32:26,0,0,0.206
TCKT_046448,medium,standard,2024-10-31 02:54:37,0,0,0.247
TCKT_027963,medium,gold,2025-06-05 10:06:13,1,1,0.763
TCKT_028416,low,gold,2022-05-09 05:38:42,1,1,0.617
TCKT_095333,high,gold,2024-03-12 23:35:08,1,1,0.63
TCKT_084450,medium,gold,2025-06-27 02:42:12,1,1,0.79
TCKT_022769,high,platinum,2023-12-01 20:50:56,1,1,0.835
TCKT_067797,high,standard,2024-04-06 03:07:34,0,0,0.285
TCKT_027035,medium,standard,2024-09-20 07:04:41,1,0,0.266
TCKT_004495,low,gold,2023-07-05 10:30:49,1,1,0.638
TCKT_032086,low,standard,2023-03-17 05:44:48,1,0,0.218
TCKT_045883,medium,gold,2025-01-16 12:02:28,1,1,0.792
TCKT_012598,low,standard,2024-02-09 14:32:06,0,0,0.209
TCKT_090249,high,standard,2024-01-20 22:22:33,0,0,0.271
TCKT_046623,medium,standard,2023-05-08 16:13:15,0,0,0.243
TCKT_040843,low,standard,2022-06-20 09:16:11,0,0,0.212
TCKT_021176,medium,gold,2022-12-09 22:24:46,1,1,0.765
TCKT_012210,medium,standard,2024-08-31 01:27:01,0,0,0.217
TCKT_001306,urgent,standard,2023-08-19 07:24:43,0,0,0.253
TCKT_023649,medium,standard,2022-02-09 02:15:40,0,0,0.273
TCKT_072615,low,standard,2023-11-06 20:18:18,0,0,0.285
TCKT_056672,high,standard,2025-06-18 13:25:44,0,0,0.233
TCKT_052486,medium,standard,2022-09-03 14:32:18,0,0,0.24
TCKT_017722,high,gold,2024-09-18 09:15:48,0,1,0.714
TCKT_068644,low,standard,2024-11-26 14:11:17,0,0,0.207
TCKT_009604,low,standard,2024-03-27 04:05:04,1,0,0.215
TCKT_038230,urgent,standard,2024-03-06 20:07:47,0,0,0.236
TCKT_056272,low,platinum,2024-07-20 12:07:58,1,1,0.873
TCKT_056338,medium,standard,2023-06-04 14:20:43,0,0,0.246
TCKT_084225,low,gold,2024-05-07 06:45:58,1,1,0.636
TCKT_030821,low,standard,2025-01-23 19:44:53,0,0,0.235
TCKT_028441,high,standard,2024-08-11 16:33:20,0,0,0.275
TCKT_089149,high,standard,2024-04-09 22:57:14,0,0,0.302
TCKT_047306,low,gold,2025-04-30 15:40:58,0,1,0.622
TCKT_042337,medium,standard,2022-03-03 21:26:22,0,0,0.231
TCKT_096038,medium,standard,2024-10-12 16:38:42,0,0,0.263
TCKT_096435,low,gold,2024-07-27 22:21:41,0,1,0.591
TCKT_053366,low,standard,2024-09-09 09:13:45,0,0,0.215
TCKT_056295,medium,gold,2022-08-14 04:52:23,0,1,0.763
TCKT_058029,medium,standard,2023-11-18 05:55:16,0,0,0.22
TCKT_031158,medium,standard,2025-11-05 15:57:21,0,0,0.227
TCKT_095714,low,standard,2025-04-29 04:38:11,0,0,0.215
TCKT_061943,medium,standard,2022-03-03 01:53:40,0,0,0.26
TCKT_002786,low,gold,2024-08-22 15:32:46,0,1,0.628
TCKT_092895,low,standard,2025-12-21 22:45:23,0,0,0.252
TCKT_095184,medium,standard,2023-04-18 11:40:30,0,0,0.22
TCKT_071083,high,gold,2025-02-26 07:41:15,0,1,0.732
TCKT_066519,high,standard,2023-05-04 08:30:27,0,0,0.273
TCKT_060102,high,standard,2024-11-27 11:09:50,0,0,0.281
TCKT_001892,low,standard,2023-06-25 00:56:24,0,0,0.217
TCKT_081088,low,standard,2023-05-18 20:09:14,0,0,0.232
TCKT_095771,low,standard,2022-10-09 11:38:30,0,0,0.257
TCKT_056472,medium,gold,2025-10-16 04:51:30,0,1,0.746
TCKT_090055,medium,gold,2022-07-29 07:04:58,1,1,0.783
TCKT_020384,low,standard,2024-09-12 05:28:06,0,0,0.221
TCKT_048664,medium,platinum,2022-08-18 10:54:39,1,1,0.896
TCKT_063279,low,platinum,2025-07-09 07:35:04,1,1,0.861
TCKT_005088,medium,gold,2025-01-12 16:46:24,1,1,0.727
TCKT_054498,medium,standard,2024-12-26 01:38:20,0,0,0.237
TCKT_019845,medium,gold,2022-08-05 14:57:13,1,1,0.769
TCKT_003173,medium,standard,2023-04-11 19:04:21,0,0,0.268
TCKT_075456,low,standard,2025-05-04 15:35:58,0,0,0.229
TCKT_050451,medium,gold,2023-03-03 12:50:59,1,1,0.786
TCKT_029553,medium,standard,2022-03-15 11:21:32,0,0,0.265
TCKT_073399,low,standard,2024-03-10 08:24:23,0,0,0.211
TCKT_037930,medium,gold,2022-04-21 19:31:18,0,1,0.744
TCKT_047548,low,standard,2022-04-24 13:05:14,0,0,0.203
TCKT_087910,low,standard,2024-11-22 12:30:02,0,0,0.216
TCKT_008122,high,platinum,2023-08-11 07:43:18,1,1,0.867
TCKT_001500,high,standard,2022-09-30 22:45:44,0,0,0.283
TCKT_084013,low,standard,2023-04-08 21:34:05,0,0,0.274
TCKT_077821,urgent,gold,2025-11-12 03:20:34,0,1,0.706
TCKT_055574,low,gold,2024-07-06 16:12:17,1,1,0.629
TCKT_007960,low,standard,2025-01-21 23:21:35,0,0,0.26
TCKT_016606,medium,standard,2025-10-11 08:57:27,0,0,0.199
TCKT_050156,low,standard,2025-09-01 19:10:09,0,0,0.208
TCKT_007886,low,standard,2025-05-20 06:36:33,0,0,0.216
TCKT_033127,low,standard,2023-01-15 21:11:07,0,0,0.237
TCKT_095160,low,gold,2024-05-28 01:54:19,1,1,0.553
TCKT_013332,low,standard,2025-10-01 21:48:25,0,0,0.262
TCKT_044595,medium,standard,2023-01-11 16:04:44,0,0,0.229
TCKT_060853,low,gold,2025-01-17 14:45:23,1,1,0.614
TCKT_018231,low,standard,2024-06-16 14:44:35,0,0,0.222
TCKT_053604,medium,standard,2022-02-03 23:29:12,0,0,0.218
TCKT_094577,medium,standard,2022-11-20 11:56:29,0,0,0.255
TCKT_090190,low,gold,2025-04-10 17:58:08,1,1,0.596
TCKT_025184,medium,platinum,2022-12-21 16:40:34,0,1,0.897
TCKT_024519,low,gold,2022-02-26 17:30:22,0,1,0.625
TCKT_049473,medium,gold,2024-11-27 21:38:34,0,1,0.715
TCKT_065133,low,standard,2023-05-21 12:16:35,1,0,0.225
TCKT_050078,medium,gold,2023-06-17 05:09:45,1,1,0.773
TCKT_042801,low,gold,2023-07-12 15:11:19,0,1,0.611
TCKT_082540,medium,gold,2024-12-21 09:44:09,0,1,0.767
TCKT_044801,high,standard,2022-03-22 01:43:33,0,0,0.279
TCKT_042935,low,standard,2024-12-20 05:29:00,0,0,0.202
TCKT_011079,urgent,standard,2024-12-26 01:11:37,0,0,0.286
TCKT_012904,medium,standard,2022-02-20 09:21:14,0,0,0.268
TCKT_076525,medium,gold,2024-12-10 17:28:39,0,1,0.766
TCKT_061396,low,gold,2023-02-13 17:07:32,1,1,0.625
TCKT_038337,medium,standard,2023-08-15 01:06:34,0,0,0.223
TCKT_041813,medium,gold,2025-03-01 16:06:09,1,1,0.788
TCKT_040303,low,gold,2022-07-02 00:55:04,1,1,0.63
TCKT_088438,low,platinum,2022-08-10 08:44:27,1,1,0.867
TCKT_001722,low,gold,2022-05-14 03:08:17,0,1,0.634
TCKT_089219,low,standard,2024-11-15 11:47:13,0,0,0.213
TCKT_076009,medium,standard,2025-04-20 09:49:36,0,0,0.248
TCKT_040694,medium,standard,2023-04-06 11:13:55,0,0,0.237
TCKT_002419,medium,gold,2022-03-27 19:58:00,0,1,0.772
TCKT_037292,low,standard,2025-02-18 17:04:31,0,0,0.213
TCKT_090617,low,standard,2025-11-24 00:59:22,0,0,0.202
TCKT_099588,low,standard,2025-04-18 02:28:08,0,0,0.204
TCKT_005556,low,platinum,2025-07-11 07:31:17,1,1,0.863
TCKT_042856,low,gold,2025-01-15 15:02:11,0,1,0.642
TCKT_039779,high,gold,2024-06-14 02:05:31,1,1,0.736
TCKT_080143,low,gold,2022-12-03 22:26:19,0,1,0.62
TCKT_063737,medium,standard,2024-01-01 02:26:59,0,0,0.215
TCKT_030856,low,standard,2024-12-24 04:07:21,1,0,0.233
TCKT_026828,medium,platinum,2025-06-11 21:21:11,1,1,0.883
TCKT_025973,urgent,gold,2022-11-07 19:41:40,1,1,0.791
TCKT_083815,medium,standard,2023-05-11 02:33:28,0,0,0.253
TCKT_047855,medium,platinum,2024-01-05 03:25:40,1,1,0.905
TCKT_024085,medium,gold,2023-04-10 02:15:51,1,1,0.778
TCKT_073194,medium,standard,2025-03-05 04:16:50,0,0,0.261
TCKT_005996,medium,platinum,2025-04-01 21:24:23,1,1,0.918
TCKT_006040,high,standard,2023-12-18 19:24:14,0,0,0.252
TCKT_087192,low,standard,2024-06-20 13:57:38,0,0,0.243
TCKT_045273,medium,platinum,2025-11-01 14:18:55,1,1,0.912
TCKT_035410,medium,standard,2022-11-19 11:01:56,0,0,0.271
TCKT_044373,high,standard,2024-12-31 18:20:57,0,0,0.253
TCKT_022953,high,standard,2023-11-18 20:26:09,0,0,0.237
TCKT_060673,high,gold,2022-09-22 18:55:06,1,1,0.739
TCKT_066059,medium,standard,2022-08-10 15:34:53,0,0,0.263
TCKT_074020,high,gold,2022-11-23 20:12:22,1,1,0.71
TCKT_010779,medium,gold,2023-12-12 14:41:34,1,1,0.763
TCKT_041491,medium,platinum,2024-04-06 06:39:16,1,1,0.904
TCKT_079802,low,gold,2025-05-23 13:41:30,1,1,0.622
TCKT_066336,medium,gold,2023-05-22 10:56:05,1,1,0.778
TCKT_054421,low,gold,2023-01-25 23:35:12,1,1,0.6
TCKT_084347,low,platinum,2023-07-01 23:47:33,1,1,0.823
TCKT_040452,medium,standard,2023-10-28 21:08:51,1,0,0.284
TCKT_012094,low,standard,2023-08-30 13:38:03,0,0,0.22
TCKT_066657,low,gold,2022-02-21 09:01:41,0,1,0.593
TCKT_048557,low,standard,2025-06-22 16:51:19,0,0,0.255
TCKT_098190,medium,gold,2025-11-03 07:29:13,1,1,0.761
TCKT_098064,low,standard,2022-07-14 13:13:41,0,0,0.202
TCKT_091007,low,standard,2025-05-01 04:07:25,0,0,0.257
TCKT_077570,low,standard,2023-07-14 18:28:45,0,0,0.211
TCKT_022907,low,standard,2024-01-13 16:13:55,0,0,0.241
TCKT_083231,urgent,gold,2025-03-28 00:47:50,1,1,0.751
TCKT_002447,medium,standard,2023-11-01 06:23:31,0,0,0.245
TCKT_014248,medium,gold,2023-08-10 08:50:59,1,1,0.767
TCKT_058143,high,standard,2024-08-09 21:54:47,0,0,0.277
TCKT_053221,medium,standard,2022-08-07 12:28:53,0,0,0.243
TCKT_057929,low,standard,2024-10-29 05:16:20,0,0,0.234
TCKT_073886,medium,standard,2023-10-14 09:46:51,0,0,0.235
TCKT_011124,high,gold,2023-01-21 08:23:11,1,1,0.715
TCKT_084088,urgent,gold,2023-02-14 01:05:30,1,1,0.736
TCKT_003360,high,standard,2025-07-27 18:30:55,0,0,0.269
TCKT_086650,medium,standard,2025-10-01 00:02:22,0,0,0.241
TCKT_085912,urgent,standard,2022-11-25 23:20:31,0,0,0.293
TCKT_082717,medium,standard,2022-03-23 00:17:49,0,0,0.227
TCKT_014808,medium,gold,2023-06-16 04:56:48,1,1,0.773
TCKT_088220,medium,standard,2022-12-28 19:59:36,0,0,0.175
TCKT_063428,medium,standard,2023-02-23 02:03:58,0,0,0.213
TCKT_098416,low,standard,2025-04-13 11:02:53,0,0,0.248
TCKT_002428,high,standard,2023-07-22 07:11:44,1,0,0.275
TCKT_016928,high,standard,2025-03-19 10:52:31,0,0,0.277
TCKT_064885,high,standard,2023-05-23 14:47:06,0,0,0.315
TCKT_099940,high,standard,2024-05-20 03:04:46,0,0,0.24
TCKT_061327,medium,standard,2023-07-15 03:26:57,0,0,0.243
TCKT_083521,medium,platinum,2022-04-30 09:19:00,1,1,0.913
TCKT_065188,low,standard,2022-02-28 15:24:47,0,0,0.227
TCKT_047276,low,standard,2023-04-09 04:54:07,0,0,0.241
TCKT_024486,medium,platinum,2024-03-17 16:20:13,1,1,0.919
TCKT_036688,low,standard,2022-12-05 04:01:28,0,0,0.189
TCKT_065018,high,standard,2025-10-10 21:51:13,0,0,0.234
TCKT_056308,low,gold,2023-03-10 14:50:02,1,1,0.626
TCKT_098652,high,standard,2023-10-22 21:50:33,0,0,0.241
TCKT_036670,high,standard,2022-02-22 05:48:23,0,0,0.272
TCKT_033408,low,standard,2023-05-17 20:43:12,1,0,0.23
TCKT_082682,high,gold,2025-08-31 03:49:13,0,1,0.76
TCKT_054456,medium,standard,2024-04-30 21:27:43,0,0,0.264
TCKT_069899,low,standard,2023-11-16 08:53:52,0,0,0.253
TCKT_022872,medium,standard,2023-09-26 03:05:24,0,0,0.213
TCKT_068810,low,gold,2023-03-21 06:24:50,0,1,0.58
TCKT_010918,low,standard,2025-12-12 17:38:33,0,0,0.184
TCKT_043323,low,gold,2023-10-14 10:20:37,1,1,0.602
TCKT_014943,high,platinum,2022-06-03 18:09:09,1,1,0.896
TCKT_036162,medium,standard,2022-01-24 22:47:49,0,0,0.255
TCKT_047800,high,standard,2024-10-10 04:29:21,0,0,0.259
TCKT_007185,high,gold,2024-09-20 08:26:32,1,1,0.742
TCKT_031495,low,standard,2023-07-17 10:05:40,0,0,0.259
TCKT_032223,medium,gold,2024-10-17 04:59:41,0,1,0.768
TCKT_094007,low,platinum,2025-12-15 06:20:48,1,1,0.865
TCKT_074784,low,gold,2024-09-17 09:16:06,0,1,0.605
TCKT_084985,low,standard,2024-05-20 12:14:43,0,0,0.198
TCKT_034307,low,standard,2023-04-17 11:55:02,0,0,0.23
TCKT_067174,low,standard,2023-10-21 09:23:38,0,0,0.241
TCKT_057740,low,platinum,2023-04-02 18:54:18,1,1,0.877
TCKT_039752,urgent,standard,2025-10-02 22:07:05,0,0,0.322
TCKT_008712,low,standard,2024-04-19 13:15:50,0,0,0.229
TCKT_048382,medium,standard,2024-08-26 11:45:49,0,0,0.255
TCKT_004566,low,gold,2023-07-09 22:03:36,0,1,0.601
TCKT_070592,low,standard,2023-06-02 19:17:38,0,0,0.203
TCKT_058098,low,platinum,2025-12-03 03:10:01,1,1,0.882
TCKT_050543,high,standard,2023-01-06 23:47:34,0,0,0.215
TCKT_037199,low,gold,2025-10-16 08:36:11,1,1,0.653
TCKT_065611,medium,standard,2024-12-26 13:06:30,0,0,0.269
TCKT_030705,medium,standard,2023-05-21 06:34:18,1,0,0.246
TCKT_098424,medium,standard,2025-09-16 15:54:44,1,0,0.218
TCKT_020059,low,standard,2024-10-31 23:55:33,0,0,0.228
TCKT_097555,low,standard,2022-09-17 11:02:23,1,0,0.216
TCKT_060578,low,gold,2025-03-23 16:07:21,0,1,0.626
TCKT_063987,medium,standard,2024-03-13 04:54:03,0,0,0.235
TCKT_014765,low,standard,2023-03-09 07:21:22,0,0,0.226
TCKT_039840,low,standard,2025-12-20 11:54:52,0,0,0.208
TCKT_041162,medium,standard,2025-10-21 01:50:53,0,0,0.19
TCKT_064575,high,platinum,2025-01-21 04:10:57,1,1,0.874
TCKT_054148,medium,standard,2022-09-30 11:40:30,0,0,0.232
TCKT_049023,high,standard,2025-10-26 09:46:50,0,0,0.288
TCKT_069644,high,standard,2025-04-21 07:01:02,0,0,0.239
TCKT_057935,low,gold,2024-10-10 06:43:34,1,1,0.595
TCKT_048803,medium,standard,2024-02-08 15:56:59,0,0,0.244
TCKT_042406,low,platinum,2022-06-16 09:13:41,1,1,0.861
TCKT_058652,high,standard,2024-03-12 15:06:57,0,0,0.268
TCKT_054750,medium,standard,2022-07-15 05:40:38,0,0,0.274
TCKT_024103,high,platinum,2022-07-05 11:47:51,1,1,0.902
TCKT_029070,high,platinum,2024-03-28 02:31:12,0,1,0.875
TCKT_030108,medium,gold,2023-12-07 08:28:54,0,1,0.777
TCKT_052078,urgent,standard,2025-01-21 10:36:19,1,0,0.263
TCKT_032959,low,standard,2022-11-04 20:10:12,0,0,0.195
TCKT_094147,medium,standard,2025-09-13 04:15:20,1,0,0.246
TCKT_022910,urgent,standard,2022-11-29 05:34:19,1,0,0.226
TCKT_080540,low,standard,2022-10-04 19:00:36,0,0,0.229
TCKT_069696,medium,standard,2025-12-18 06:42:48,0,0,0.266
TCKT_092529,medium,standard,2022-02-10 01:49:08,0,0,0.236
TCKT_079530,high,platinum,2024-10-31 16:14:08,1,1,0.889
TCKT_027289,urgent,standard,2023-06-14 18:34:15,0,0,0.249
TCKT_024914,high,standard,2024-07-01 15:54:35,1,0,0.308
TCKT_017737,low,standard,2023-05-13 00:13:23,1,0,0.222
TCKT_078623,low,standard,2025-08-30 21:52:26,0,0,0.251
TCKT_093661,low,platinum,2022-06-07 01:27:05,0,1,0.834
TCKT_004758,high,standard,2023-02-07 04:16:12,0,0,0.249
TCKT_035816,medium,gold,2023-03-10 17:41:09,0,1,0.745
TCKT_047841,medium,standard,2023-07-22 04:37:28,0,0,0.237
TCKT_008726,medium,platinum,2023-05-16 05:36:25,1,1,0.896
TCKT_012338,medium,gold,2024-07-05 10:59:18,1,1,0.773
TCKT_098219,urgent,standard,2022-04-10 05:23:34,0,0,0.305
TCKT_060633,low,platinum,2025-05-15 20:25:37,1,1,0.868
TCKT_020746,low,standard,2023-04-19 05:39:14,0,0,0.213
TCKT_043616,medium,standard,2024-11-17 07:22:08,0,0,0.258
TCKT_039869,medium,standard,2023-11-08 08:12:39,0,0,0.231
TCKT_010520,high,gold,2023-11-07 06:27:31,1,1,0.723
TCKT_098643,low,gold,2025-12-15 22:15:05,0,1,0.547
TCKT_039060,high,gold,2023-02-20 11:33:26,0,1,0.738
TCKT_037608,low,gold,2025-03-09 03:44:17,1,1,0.607
TCKT_039529,low,standard,2022-12-16 07:21:50,0,0,0.19
TCKT_081598,low,platinum,2025-01-13 07:27:55,1,1,0.889
TCKT_016882,urgent,gold,2024-03-08 21:34:19,1,1,0.711
TCKT_025256,medium,standard,2025-10-23 11:22:26,0,0,0.246
TCKT_079297,medium,standard,2024-10-17 15:03:30,0,0,0.227
TCKT_048569,medium,standard,2024-11-29 10:04:04,0,0,0.228
TCKT_063230,medium,standard,2025-08-15 21:54:21,0,0,0.2
TCKT_078862,high,gold,2023-10-11 20:55:26,1,1,0.697
TCKT_003552,low,platinum,2022-07-30 03:03:34,1,1,0.874
TCKT_036176,high,standard,2024-08-05 23:57:34,1,0,0.229
TCKT_025370,low,standard,2025-04-27 13:46:19,0,0,0.244
TCKT_075573,medium,platinum,2025-03-19 21:48:26,1,1,0.884
TCKT_068537,medium,standard,2025-12-10 04:31:59,0,0,0.223
TCKT_034868,urgent,standard,2024-11-10 17:32:59,0,0,0.298
TCKT_075847,medium,standard,2023-01-18 17:04:31,0,0,0.283
TCKT_067602,low,standard,2025-11-03 19:32:45,0,0,0.195
TCKT_058978,high,standard,2022-07-28 12:39:18,0,0,0.315
TCKT_059668,medium,standard,2023-04-28 23:55:32,0,0,0.25
TCKT_062238,high,standard,2025-06-07 19:29:51,0,0,0.267
TCKT_014381,low,standard,2025-05-25 19:48:52,1,0,0.223
TCKT_062889,low,platinum,2022-07-17 08:33:51,1,1,0.874
TCKT_007177,high,standard,2024-10-24 09:57:55,0,0,0.266
TCKT_081771,medium,standard,2024-06-24 09:39:23,0,0,0.271
TCKT_006361,high,standard,2022-11-25 13:45:03,0,0,0.248
TCKT_059351,medium,standard,2025-05-28 06:53:40,1,0,0.253
TCKT_069710,low,standard,2023-01-13 12:33:15,0,0,0.19
TCKT_028809,medium,standard,2022-09-28 23:53:47,0,0,0.225
TCKT_029698,high,standard,2023-04-18 02:09:55,0,0,0.31
TCKT_032681,low,standard,2025-10-26 15:32:28,0,0,0.231
TCKT_089085,medium,standard,2023-01-13 15:41:57,0,0,0.258
TCKT_056102,medium,standard,2025-04-23 22:00:26,0,0,0.237
TCKT_047805,high,platinum,2023-08-21 07:14:50,1,1,0.884
TCKT_046722,low,gold,2023-08-03 17:20:11,0,1,0.568
TCKT_018429,medium,gold,2025-06-15 03:44:11,1,1,0.762
TCKT_087800,medium,standard,2023-03-13 08:42:32,0,0,0.29
TCKT_030412,medium,standard,2022-03-30 07:48:03,0,0,0.25
TCKT_009454,high,standard,2024-02-03 20:26:31,1,0,0.24
TCKT_071960,low,standard,2025-06-07 07:23:45,0,0,0.217
TCKT_092977,medium,standard,2024-08-29 18:06:16,1,0,0.219
TCKT_025794,low,gold,2024-03-18 10:08:37,1,1,0.603
TCKT_016479,high,standard,2022-06-10 10:31:44,0,0,0.297
TCKT_026260,low,platinum,2024-03-20 15:19:12,1,1,0.874
TCKT_056514,medium,standard,2022-02-23 22:23:41,0,0,0.246
TCKT_008067,high,platinum,2024-02-06 19:35:52,0,1,0.885
TCKT_088306,low,standard,2023-03-22 23:26:52,0,0,0.276
TCKT_074404,low,gold,2023-07-06 04:55:43,0,1,0.631
TCKT_030943,low,platinum,2022-01-02 10:15:20,1,1,0.897
TCKT_054958,high,standard,2024-08-28 23:57:29,0,0,0.313
TCKT_063204,low,platinum,2025-05-06 21:24:06,1,1,0.889
TCKT_013146,low,gold,2025-10-10 16:03:18,0,1,0.593
TCKT_012573,low,gold,2023-08-28 13:52:55,1,1,0.628
TCKT_007580,low,standard,2023-01-19 22:18:43,0,0,0.254
TCKT_016280,medium,standard,2022-11-24 03:00:55,0,0,0.255
TCKT_010293,low,gold,2024-08-27 06:26:03,0,1,0.619
TCKT_065214,high,gold,2023-09-19 06:16:34,1,1,0.704
TCKT_013569,medium,standard,2024-11-23 18:16:11,0,0,0.227
TCKT_017914,high,standard,2024-02-05 02:32:02,0,0,0.262
TCKT_027679,low,standard,2024-05-27 09:21:38,0,0,0.254
TCKT_055212,low,standard,2023-06-21 22:41:02,0,0,0.225
TCKT_008287,low,standard,2025-04-22 12:54:54,0,0,0.227
TCKT_090867,low,gold,2024-02-13 20:42:00,1,1,0.595
TCKT_057703,high,standard,2024-04-10 16:54:22,0,0,0.32
TCKT_002046,low,standard,2025-09-21 01:47:41,0,0,0.219
TCKT_045443,low,platinum,2023-08-31 20:50:32,1,1,0.884
TCKT_012005,low,standard,2025-10-14 19:23:50,0,0,0.231
TCKT_009807,high,standard,2025-08-04 16:46:39,1,0,0.274
TCKT_046612,medium,platinum,2023-09-02 12:27:21,1,1,0.902
TCKT_033017,low,standard,2023-09-01 23:02:48,1,0,0.214
TCKT_089195,high,gold,2025-10-09 23:22:40,1,1,0.678
TCKT_087920,urgent,gold,2025-10-25 16:51:45,0,1,0.796
TCKT_019501,low,standard,2022-11-16 21:52:24,1,0,0.213
TCKT_078409,low,standard,2025-03-15 19:18:55,0,0,0.235
TCKT_027253,medium,standard,2024-05-08 01:27:44,0,0,0.229
TCKT_003989,high,platinum,2024-05-24 18:14:06,0,1,0.875
TCKT_024949,medium,standard,2024-09-24 03:07:37,1,0,0.195
TCKT_095054,high,gold,2022-12-25 12:11:17,0,1,0.741
TCKT_035337,medium,standard,2023-11-05 08:02:00,0,0,0.261
TCKT_004454,medium,standard,2024-11-08 01:25:59,0,0,0.247
TCKT_001957,medium,gold,2023-12-20 17:34:07,1,1,0.792
TCKT_053568,low,gold,2025-01-07 18:30:09,0,1,0.636
TCKT_030057,low,standard,2024-01-21 12:54:03,0,0,0.242
TCKT_029251,medium,standard,2023-01-27 20:04:51,0,0,0.266
TCKT_031875,medium,standard,2022-01-09 13:32:40,0,0,0.233
TCKT_023793,medium,gold,2023-08-01 17:48:03,1,1,0.749
TCKT_092563,low,platinum,2025-09-02 07:52:05,1,1,0.823
TCKT_098985,low,standard,2024-03-26 18:47:42,1,0,0.213
TCKT_073400,low,gold,2023-04-04 10:51:20,0,1,0.625
TCKT_060548,medium,gold,2023-06-30 22:46:04,0,1,0.771
TCKT_071004,urgent,standard,2022-06-02 19:55:23,1,0,0.303
TCKT_002719,medium,standard,2023-03-15 01:54:43,0,0,0.221
TCKT_021776,low,standard,2022-12-26 07:17:44,0,0,0.202
TCKT_043934,low,standard,2022-07-08 22:52:17,0,0,0.166
TCKT_084259,low,gold,2025-11-13 12:26:50,0,1,0.64
TCKT_002270,medium,gold,2022-11-16 14:15:44,1,1,0.736
TCKT_077729,high,standard,2023-03-17 00:06:55,0,0,0.283
TCKT_091718,medium,standard,2025-09-29 14:26:08,0,0,0.255
TCKT_032635,low,standard,2024-08-11 11:17:12,0,0,0.252
TCKT_073989,urgent,standard,2024-03-17 13:15:35,0,0,0.27
TCKT_059817,medium,standard,2022-07-17 00:25:30,0,0,0.248
TCKT_001908,high,gold,2022-01-26 19:42:55,0,1,0.699
TCKT_069425,low,standard,2023-02-16 09:14:35,0,0,0.232
TCKT_002208,medium,standard,2023-12-06 22:11:07,0,0,0.252
TCKT_035883,medium,standard,2022-06-08 00:54:42,0,0,0.247
TCKT_033788,low,standard,2024-01-03 16:41:37,0,0,0.226
TCKT_092784,low,standard,2025-04-06 11:31:32,0,0,0.242
TCKT_081701,low,gold,2022-01-27 05:36:31,0,1,0.62
TCKT_046343,low,standard,2023-06-01 04:58:45,0,0,0.25
TCKT_036788,low,standard,2023-03-09 21:10:21,0,0,0.231
TCKT_093182,medium,standard,2024-06-25 19:59:46,0,0,0.241
TCKT_004738,medium,gold,2022-12-27 08:19:31,1,1,0.758
TCKT_013426,medium,platinum,2023-06-13 08:28:01,1,1,0.858
TCKT_096334,medium,gold,2023-11-14 13:35:43,1,1,0.758
TCKT_092351,high,standard,2022-04-06 17:39:28,0,0,0.281
TCKT_056138,low,standard,2025-03-28 23:57:51,0,0,0.23
TCKT_085096,medium,standard,2025-05-10 03:51:14,0,0,0.224
TCKT_038449,medium,gold,2025-12-28 08:51:47,1,1,0.763
TCKT_007288,low,standard,2022-12-04 19:52:15,0,0,0.231
TCKT_094289,low,standard,2022-11-16 21:58:33,1,0,0.279
TCKT_012537,urgent,standard,2022-10-29 21:13:26,0,0,0.355
TCKT_080817,medium,platinum,2024-01-27 21:54:22,1,1,0.905
TCKT_098337,high,standard,2025-08-21 09:12:44,1,0,0.295
TCKT_066957,low,gold,2025-05-30 20:24:44,0,1,0.597
TCKT_030665,high,standard,2022-09-09 03:20:58,0,0,0.296
TCKT_016328,low,standard,2022-11-22 23:32:20,0,0,0.241
TCKT_022021,urgent,standard,2025-02-18 00:47:48,1,0,0.264
TCKT_080162,high,standard,2024-06-13 01:12:14,0,0,0.249
TCKT_016950,low,platinum,2024-02-29 21:53:30,1,1,0.874
TCKT_014209,high,gold,2025-11-19 21:54:33,0,1,0.7
TCKT_060583,medium,standard,2022-02-11 12:02:12,0,0,0.237
TCKT_068580,low,gold,2024-10-23 18:39:35,1,1,0.627
TCKT_062724,high,gold,2023-12-24 20:25:15,1,1,0.738
TCKT_001881,medium,standard,2022-01-09 06:25:35,1,0,0.24
TCKT_093032,high,standard,2025-02-20 21:11:22,0,0,0.262
TCKT_042626,medium,platinum,2023-03-01 04:04:25,1,1,0.874
TCKT_063106,low,standard,2024-12-28 23:26:08,1,0,0.214
TCKT_020412,low,gold,2024-12-07 03:46:50,0,1,0.629
TCKT_051829,medium,gold,2025-07-15 06:55:35,0,1,0.753
TCKT_069328,medium,standard,2025-02-06 08:58:12,0,0,0.273
TCKT_051104,high,standard,2022-04-11 16:34:27,0,0,0.268
TCKT_024139,urgent,platinum,2023-03-12 02:11:55,1,1,0.833
TCKT_049832,low,standard,2022-12-27 15:20:26,0,0,0.242
TCKT_028459,medium,gold,2022-08-06 01:09:08,0,1,0.723
TCKT_040607,medium,standard,2024-07-12 04:31:40,1,0,0.286
TCKT_039906,low,standard,2025-10-22 07:17:09,0,0,0.213
TCKT_010505,medium,standard,2024-03-25 11:28:37,0,0,0.256
TCKT_047338,high,gold,2025-11-30 21:53:29,1,1,0.743
TCKT_089671,low,standard,2022-10-27 22:05:42,0,0,0.249
TCKT_024279,low,standard,2023-12-27 16:24:39,0,0,0.21
TCKT_037334,low,platinum,2024-03-12 17:15:10,1,1,0.853
TCKT_058883,medium,standard,2023-10-21 06:43:52,0,0,0.258
TCKT_005135,low,gold,2022-01-10 06:30:38,0,1,0.64
TCKT_071189,low,standard,2024-10-13 23:30:40,0,0,0.217
TCKT_074803,medium,standard,2022-09-03 14:32:31,0,0,0.275
TCKT_055789,high,platinum,2024-06-23 05:42:41,1,1,0.883
TCKT_019618,medium,standard,2024-03-13 10:18:40,0,0,0.249
TCKT_039495,high,standard,2023-06-05 09:55:58,0,0,0.258
TCKT_060246,low,gold,2024-11-17 09:39:31,0,1,0.641
TCKT_066295,low,standard,2025-04-13 13:49:02,0,0,0.256
TCKT_095850,urgent,standard,2022-10-14 22:23:01,0,0,0.262
TCKT_049043,high,standard,2024-08-04 00:08:17,0,0,0.277
TCKT_066833,low,gold,2025-11-22 23:01:41,1,1,0.611
TCKT_076819,medium,standard,2022-08-24 21:56:56,0,0,0.221
TCKT_039877,low,standard,2023-06-20 15:05:39,0,0,0.27
TCKT_022960,high,platinum,2023-01-31 23:39:57,1,1,0.81
TCKT_059183,low,standard,2023-07-08 14:28:04,0,0,0.237
TCKT_066922,low,standard,2022-09-16 06:49:53,0,0,0.23
TCKT_088937,low,standard,2025-02-13 20:38:37,0,0,0.218
TCKT_063232,medium,standard,2025-01-11 05:20:09,0,0,0.21
TCKT_048627,medium,standard,2023-11-27 10:28:16,0,0,0.292
TCKT_056322,low,platinum,2023-04-29 23:21:24,1,1,0.86
TCKT_047233,low,gold,2022-01-17 02:58:25,0,1,0.617
TCKT_047030,medium,standard,2023-05-18 17:29:48,1,0,0.277
TCKT_038549,low,standard,2025-04-02 06:30:03,0,0,0.237
TCKT_026407,medium,gold,2024-07-26 07:03:25,1,1,0.737
TCKT_066296,urgent,platinum,2022-03-13 21:44:12,1,1,0.723
TCKT_001759,high,gold,2022-06-09 09:26:17,0,1,0.744
TCKT_026839,low,standard,2023-10-02 08:16:38,0,0,0.243
TCKT_060776,medium,platinum,2022-04-06 18:05:22,1,1,0.87
TCKT_072249,low,gold,2025-02-26 06:22:10,1,1,0.603
TCKT_083999,urgent,platinum,2025-07-28 19:09:29,0,1,0.853
TCKT_031245,low,standard,2023-09-07 17:30:49,1,0,0.269
TCKT_033609,high,standard,2025-09-22 06:31:27,0,0,0.272
TCKT_070246,medium,standard,2024-03-22 04:02:14,0,0,0.223
TCKT_057478,high,standard,2024-09-02 03:22:38,0,0,0.257
TCKT_057098,high,gold,2024-03-19 12:15:51,0,1,0.739
TCKT_036140,low,gold,2023-02-11 14:13:07,0,1,0.61
TCKT_022257,low,platinum,2022-04-15 15:15:21,0,1,0.874
TCKT_084927,medium,gold,2024-05-28 17:09:36,1,1,0.76
TCKT_032860,low,standard,2024-06-27 00:56:48,1,0,0.202
TCKT_053416,medium,platinum,2025-04-21 11:40:49,1,1,0.867
TCKT_041823,medium,platinum,2022-10-20 09:24:34,1,1,0.88
TCKT_045886,medium,standard,2023-10-26 13:39:44,0,0,0.19
TCKT_027002,medium,standard,2025-07-25 10:17:50,0,0,0.235
TCKT_064922,medium,standard,2024-09-20 23:41:06,0,0,0.265
TCKT_082849,medium,gold,2022-11-04 20:42:57,1,1,0.763
TCKT_097012,urgent,gold,2023-01-14 03:56:02,0,1,0.764
TCKT_047494,low,standard,2023-09-11 04:04:40,0,0,0.213
TCKT_085986,medium,platinum,2023-01-02 14:12:22,1,1,0.892
TCKT_027579,medium,standard,2023-10-17 06:52:52,0,0,0.28
TCKT_023568,urgent,standard,2024-05-02 17:06:29,0,0,0.297
TCKT_000573,low,standard,2023-01-27 07:14:35,1,0,0.222
TCKT_015133,low,standard,2023-05-27 01:42:50,0,0,0.261
TCKT_018083,low,platinum,2025-08-25 15:45:02,0,1,0.862
TCKT_047398,low,gold,2024-08-31 08:47:34,1,1,0.624
TCKT_058237,low,platinum,2024-05-27 07:09:45,1,1,0.853
TCKT_097432,high,gold,2025-10-23 15:18:17,1,1,0.725
TCKT_041447,low,standard,2025-11-09 02:42:54,1,0,0.26
TCKT_074172,low,standard,2022-08-01 08:43:22,0,0,0.243
TCKT_084544,high,platinum,2023-05-11 17:49:43,1,1,0.896
TCKT_078294,urgent,standard,2023-10-30 15:04:40,1,0,0.273
TCKT_080239,medium,standard,2023-01-16 18:12:47,0,0,0.254
TCKT_083048,high,standard,2022-12-19 06:11:59,0,0,0.281
TCKT_061870,medium,standard,2025-01-16 14:10:41,0,0,0.246
TCKT_057987,low,standard,2022-09-28 18:06:58,0,0,0.256
TCKT_028025,medium,standard,2023-01-09 07:03:50,0,0,0.267
TCKT_007743,low,standard,2025-03-17 14:40:06,0,0,0.206
TCKT_053569,low,gold,2025-09-16 22:35:55,0,1,0.637
TCKT_006432,medium,gold,2022-11-12 16:42:20,1,1,0.736
TCKT_037922,medium,gold,2024-05-06 18:42:38,1,1,0.754
TCKT_056657,medium,gold,2024-02-05 13:58:50,1,1,0.75
TCKT_073662,low,standard,2023-10-30 04:09:13,0,0,0.215
TCKT_081573,low,gold,2024-09-13 16:15:10,1,1,0.597
TCKT_019586,low,platinum,2024-06-04 07:32:33,1,1,0.825
TCKT_087244,low,standard,2024-09-21 13:37:31,0,0,0.214
TCKT_010025,high,standard,2024-01-27 19:48:21,0,0,0.238
TCKT_021096,medium,gold,2024-04-25 14:34:11,0,1,0.767
TCKT_049360,low,standard,2023-08-13 18:53:50,0,0,0.239
TCKT_045057,medium,standard,2022-04-01 17:21:25,0,0,0.249
TCKT_088734,high,gold,2023-06-21 15:01:40,0,1,0.707
TCKT_050064,medium,standard,2025-04-15 21:20:00,0,0,0.274
TCKT_038900,low,standard,2023-11-05 20:59:35,0,0,0.217
TCKT_078694,urgent,gold,2022-05-23 18:57:20,1,1,0.774
TCKT_095316,medium,gold,2022-12-25 17:57:07,1,1,0.751
TCKT_093839,low,gold,2022-10-16 11:33:15,0,1,0.588
TCKT_024093,low,standard,2025-04-07 13:09:52,0,0,0.229
TCKT_085795,low,gold,2025-10-28 10:57:12,1,1,0.643
TCKT_092210,low,standard,2022-06-16 04:03:54,0,0,0.224
TCKT_056076,high,standard,2023-10-24 12:48:04,1,0,0.303
TCKT_055960,medium,standard,2024-06-02 14:02:22,1,0,0.272
TCKT_000580,low,gold,2024-11-04 17:38:16,0,1,0.604
TCKT_063927,low,standard,2024-06-20 18:45:56,0,0,0.212
TCKT_058425,medium,standard,2025-06-30 16:32:09,0,0,0.306
TCKT_097640,low,standard,2025-05-02 18:18:20,0,0,0.184
TCKT_021186,low,gold,2022-05-04 23:27:41,0,1,0.665
TCKT_080523,low,platinum,2025-12-11 12:00:42,1,1,0.847
TCKT_054189,high,standard,2025-02-15 12:40:56,0,0,0.277
TCKT_086905,medium,gold,2025-03-20 06:26:37,1,1,0.795
TCKT_004804,urgent,gold,2023-03-10 19:06:27,1,1,0.704
TCKT_011839,medium,standard,2023-12-09 20:08:13,0,0,0.239
TCKT_054340,low,standard,2024-09-06 00:18:04,0,0,0.165
TCKT_056235,medium,standard,2024-08-29 10:40:16,0,0,0.233
TCKT_056233,medium,gold,2025-06-20 07:18:25,1,1,0.766
TCKT_073902,medium,standard,2023-02-17 18:58:37,0,0,0.224
TCKT_094608,medium,standard,2023-08-02 08:49:22,0,0,0.202
TCKT_023191,medium,standard,2023-04-01 19:51:26,0,0,0.264
TCKT_026461,medium,gold,2025-05-09 21:54:32,0,1,0.743
TCKT_065305,low,standard,2023-07-22 04:37:41,1,0,0.218
TCKT_088927,low,standard,2022-06-21 13:21:36,0,0,0.283
TCKT_007526,medium,standard,2024-06-18 18:11:50,0,0,0.257
TCKT_051330,urgent,standard,2022-08-08 02:12:42,1,0,0.228
TCKT_052565,urgent,standard,2023-01-02 08:15:59,1,0,0.22
TCKT_073977,medium,standard,2023-11-26 23:45:27,0,0,0.274
TCKT_003963,low,gold,2023-11-28 06:26:46,0,1,0.613
TCKT_059196,medium,standard,2024-05-16 03:02:55,0,0,0.215
TCKT_009613,high,standard,2025-02-20 21:59:00,0,0,0.219
TCKT_038556,low,standard,2024-10-15 09:56:12,0,0,0.201
TCKT_099487,low,standard,2024-06-24 07:37:18,0,0,0.208
TCKT_087432,high,platinum,2025-09-28 18:07:44,1,1,0.864
TCKT_067080,medium,standard,2023-02-03 12:17:19,0,0,0.239
TCKT_091575,high,gold,2024-11-19 00:46:29,0,1,0.704
TCKT_038397,high,gold,2025-03-17 08:35:42,0,1,0.735
TCKT_005150,high,standard,2025-03-08 23:44:54,0,0,0.222
TCKT_090394,low,standard,2023-07-31 17:23:23,0,0,0.197
TCKT_099417,low,standard,2025-02-21 02:29:11,0,0,0.258
TCKT_072397,low,standard,2023-07-07 08:45:06,1,0,0.205
TCKT_047242,medium,platinum,2023-01-01 20:38:58,1,1,0.883
TCKT_056569,low,standard,2024-05-23 10:53:16,0,0,0.256
TCKT_005288,medium,gold,2023-02-24 17:50:16,0,1,0.736
TCKT_057759,medium,standard,2024-07-31 09:15:19,1,0,0.24
TCKT_082523,low,standard,2022-03-04 12:24:20,0,0,0.197
TCKT_012079,low,standard,2023-09-27 09:17:18,0,0,0.226
TCKT_080203,medium,standard,2024-01-31 02:41:50,1,0,0.205
TCKT_082864,low,standard,2023-05-30 05:10:27,0,0,0.235
TCKT_020049,low,standard,2024-04-28 09:47:00,0,0,0.236
TCKT_099718,high,standard,2023-03-24 15:47:43,0,0,0.3
TCKT_095496,low,standard,2025-09-12 22:20:47,0,0,0.187
TCKT_072093,low,standard,2023-07-05 02:05:31,0,0,0.192
TCKT_030604,medium,standard,2022-11-18 19:04:23,0,0,0.247
TCKT_074431,low,standard,2023-01-26 04:51:57,0,0,0.223
TCKT_094777,urgent,standard,2024-11-09 17:48:11,0,0,0.28
TCKT_037858,low,gold,2024-11-01 07:47:44,1,1,0.663
TCKT_044847,low,gold,2023-11-24 00:26:55,0,1,0.576
TCKT_082407,low,gold,2024-02-06 10:07:03,1,1,0.634
TCKT_016621,medium,standard,2023-05-12 12:05:49,1,0,0.227
TCKT_014174,low,gold,2022-06-08 04:38:39,0,1,0.606
TCKT_000631,low,standard,2024-05-31 02:38:50,0,0,0.217
TCKT_061579,high,standard,2024-08-22 06:08:58,0,0,0.304
TCKT_088983,urgent,platinum,2023-03-28 12:17:02,1,1,0.824
TCKT_084592,medium,gold,2023-12-16 07:49:14,1,1,0.769
TCKT_074019,high,gold,2023-06-24 02:11:28,0,1,0.777
TCKT_025117,low,standard,2024-06-15 05:06:56,0,0,0.211
TCKT_059797,high,gold,2025-11-06 15:15:20,0,1,0.77
TCKT_046095,medium,standard,2022-09-12 21:00:52,0,0,0.268
TCKT_049703,low,standard,2023-10-15 05:21:47,0,0,0.208
TCKT_002156,medium,standard,2023-08-05 13:58:18,1,0,0.226
TCKT_009409,high,gold,2025-05-05 17:08:44,1,1,0.749
TCKT_063502,high,standard,2025-09-16 15:18:46,0,0,0.231
TCKT_053329,high,standard,2022-08-09 13:03:56,0,0,0.268
TCKT_019015,medium,standard,2023-12-27 16:09:49,1,0,0.232
TCKT_074876,medium,gold,2023-05-28 18:02:43,0,1,0.789
TCKT_034839,low,gold,2022-07-14 23:56:44,0,1,0.594
TCKT_027039,low,standard,2025-05-12 19:34:10,0,0,0.218
TCKT_068036,medium,gold,2025-07-31 12:08:34,0,1,0.792
TCKT_019727,high,gold,2024-09-18 07:02:49,1,1,0.716
TCKT_098926,high,standard,2023-11-25 03:31:26,0,0,0.24
TCKT_047883,medium,gold,2025-08-06 23:21:54,0,1,0.695
TCKT_094427,medium,standard,2022-11-20 09:18:58,0,0,0.279
TCKT_070106,medium,standard,2024-09-26 12:29:09,0,0,0.234
TCKT_086208,medium,gold,2024-10-05 14:00:33,0,1,0.753
TCKT_050658,medium,standard,2022-07-22 09:45:56,0,0,0.26
TCKT_009652,low,standard,2022-12-08 06:08:32,0,0,0.25
TCKT_012585,medium,gold,2025-04-10 00:58:44,1,1,0.727
TCKT_071743,low,standard,2023-09-13 04:23:50,1,0,0.209
TCKT_053279,low,standard,2025-08-30 13:35:41,0,0,0.225
TCKT_037080,low,standard,2024-01-30 07:15:27,1,0,0.21
TCKT_029541,low,standard,2025-05-03 18:54:46,0,0,0.246
TCKT_076217,high,gold,2022-08-17 20:09:14,0,1,0.746
TCKT_045473,high,standard,2023-08-23 22:21:31,0,0,0.335
TCKT_022789,low,standard,2024-07-09 17:45:47,0,0,0.227
TCKT_035072,low,platinum,2025-05-26 12:49:46,1,1,0.859
TCKT_055102,high,platinum,2025-02-27 04:13:42,0,1,0.844
TCKT_035099,low,standard,2022-03-23 06:54:20,0,0,0.267
TCKT_086505,medium,standard,2024-07-03 20:18:24,0,0,0.259
TCKT_005492,low,standard,2022-05-21 06:51:13,0,0,0.229
TCKT_011279,low,gold,2023-10-25 11:58:23,1,1,0.614
TCKT_049559,medium,gold,2022-05-13 09:37:06,0,1,0.787
TCKT_088955,medium,standard,2023-03-10 20:03:09,0,0,0.245
TCKT_042056,low,standard,2022-02-22 20:25:53,0,0,0.217
TCKT_028733,low,gold,2023-09-06 02:29:58,1,1,0.501
TCKT_007980,low,standard,2023-11-29 07:47:16,0,0,0.19
TCKT_021858,medium,gold,2025-02-09 15:27:36,1,1,0.761
TCKT_052179,urgent,gold,2022-02-14 03:49:44,1,1,0.788
TCKT_085624,medium,standard,2025-03-03 09:59:59,1,0,0.268
TCKT_089687,low,standard,2024-05-23 09:54:04,0,0,0.231
TCKT_074654,low,standard,2025-12-18 05:29:08,0,0,0.227
TCKT_078401,high,gold,2024-01-04 14:35:16,1,1,0.742
TCKT_036463,low,gold,2022-02-01 09:42:17,0,1,0.637
TCKT_099544,medium,standard,2025-05-24 14:59:30,0,0,0.251
TCKT_001598,low,standard,2023-03-26 18:03:53,0,0,0.24
TCKT_060453,low,standard,2025-10-27 07:07:21,0,0,0.235
TCKT_011152,medium,gold,2024-03-25 14:46:26,1,1,0.781
TCKT_014566,medium,standard,2024-07-14 15:52:37,1,0,0.267
TCKT_093111,high,standard,2022-02-16 17:04:08,1,0,0.222
TCKT_086730,low,standard,2024-10-01 18:54:23,0,0,0.217
TCKT_088673,low,gold,2024-08-03 02:16:29,0,1,0.609
TCKT_030444,low,standard,2023-10-29 12:26:33,0,0,0.257
TCKT_077240,high,standard,2023-08-07 18:57:30,0,0,0.276
TCKT_098200,low,standard,2022-08-18 11:02:05,0,0,0.255
TCKT_040105,low,standard,2025-12-24 08:44:17,1,0,0.23
TCKT_003499,low,standard,2023-08-02 18:17:55,0,0,0.21
TCKT_037869,medium,standard,2025-08-09 02:43:26,0,0,0.23
TCKT_019541,high,standard,2023-08-20 17:27:45,1,0,0.26
TCKT_086032,medium,standard,2024-10-04 21:17:08,0,0,0.277
TCKT_050553,low,standard,2022-06-02 22:26:26,0,0,0.233
TCKT_033352,medium,standard,2025-11-01 23:57:17,0,0,0.254
TCKT_028931,medium,standard,2025-03-02 05:07:32,0,0,0.255
TCKT_021536,high,standard,2022-07-02 15:13:21,0,0,0.258
TCKT_013709,medium,standard,2025-03-24 18:01:45,0,0,0.258
TCKT_098558,high,platinum,2025-02-12 07:56:10,1,1,0.901
TCKT_003689,high,standard,2023-07-18 18:01:26,1,0,0.297
TCKT_034384,urgent,platinum,2024-06-21 23:15:51,1,1,0.728
TCKT_024160,high,gold,2023-06-21 21:24:43,0,1,0.727
TCKT_056266,low,gold,2023-10-29 10:29:46,1,1,0.612
TCKT_006838,medium,standard,2023-01-18 23:17:03,0,0,0.272
TCKT_055136,medium,gold,2022-04-21 05:28:33,1,1,0.761
TCKT_001305,low,gold,2025-01-25 05:03:46,0,1,0.641
TCKT_007317,medium,standard,2023-07-25 03:36:11,1,0,0.262
TCKT_023120,high,platinum,2025-08-12 22:32:38,1,1,0.839
TCKT_086156,medium,standard,2024-01-27 00:24:41,0,0,0.22
TCKT_038773,medium,standard,2024-07-10 09:26:45,1,0,0.243
TCKT_039512,low,standard,2025-12-17 20:16:16,0,0,0.215
TCKT_055408,low,standard,2024-11-29 20:58:08,0,0,0.239
TCKT_050885,medium,gold,2023-05-12 23:27:32,1,1,0.743
TCKT_041281,high,gold,2022-06-11 09:20:07,1,1,0.751
TCKT_082589,low,standard,2023-08-07 15:39:58,0,0,0.213
TCKT_034085,low,gold,2024-01-10 08:04:17,0,1,0.596
TCKT_062732,low,standard,2025-12-26 08:39:42,0,0,0.257
TCKT_037371,medium,standard,2024-11-01 08:43:17,0,0,0.273
TCKT_054358,high,standard,2025-04-29 14:29:12,0,0,0.294
TCKT_067389,medium,standard,2024-12-27 14:33:09,0,0,0.218
TCKT_007032,high,gold,2025-06-05 17:31:07,0,1,0.736
TCKT_056540,high,standard,2023-01-09 18:12:40,0,0,0.23
TCKT_048537,low,gold,2023-01-22 23:04:34,0,1,0.642
TCKT_004656,low,standard,2024-02-14 14:26:14,0,0,0.191
TCKT_021286,high,gold,2023-05-02 08:20:01,0,1,0.726
TCKT_043963,medium,standard,2023-06-07 21:04:32,0,0,0.273
TCKT_059565,medium,standard,2023-10-22 20:19:35,0,0,0.253
TCKT_036476,low,standard,2024-09-28 02:55:29,1,0,0.221
TCKT_024919,high,platinum,2023-09-07 05:04:51,1,1,0.882
TCKT_058279,low,standard,2024-03-17 05:24:46,0,0,0.234
TCKT_042992,medium,standard,2022-12-15 12:09:21,0,0,0.247
TCKT_091218,high,platinum,2022-12-10 11:47:05,1,1,0.855
TCKT_030890,medium,gold,2023-05-28 13:35:56,1,1,0.755
TCKT_040861,medium,standard,2025-02-22 23:48:17,0,0,0.258
TCKT_071132,medium,standard,2022-03-22 07:39:10,0,0,0.25
TCKT_016010,high,gold,2022-08-10 10:22:54,1,1,0.745
TCKT_082874,medium,standard,2023-08-29 09:46:39,1,0,0.26
TCKT_090573,low,platinum,2022-02-04 01:25:32,0,1,0.88
TCKT_033018,high,platinum,2023-08-04 19:29:16,0,1,0.872
TCKT_076189,low,gold,2024-07-10 09:41:48,0,1,0.564
TCKT_068079,medium,standard,2024-10-18 00:35:56,0,0,0.231
TCKT_090125,low,gold,2024-06-08 05:17:27,1,1,0.583
TCKT_083457,low,standard,2023-08-12 23:20:28,0,0,0.222
TCKT_005767,low,standard,2025-05-28 23:32:38,0,0,0.204
TCKT_026628,low,standard,2022-04-29 12:56:58,0,0,0.249
TCKT_019926,medium,standard,2024-11-20 08:22:35,0,0,0.215
TCKT_064113,medium,standard,2024-06-24 14:28:54,0,0,0.286
TCKT_021528,low,gold,2025-08-30 06:56:16,1,1,0.62
TCKT_078720,high,gold,2025-07-22 12:51:20,1,1,0.717
TCKT_002613,high,standard,2023-12-28 17:47:45,0,0,0.204
TCKT_002435,medium,standard,2022-07-03 06:48:01,0,0,0.252
TCKT_058251,low,standard,2023-12-02 13:41:47,1,0,0.217
TCKT_043149,low,standard,2025-09-29 14:48:43,0,0,0.209
TCKT_002898,low,standard,2024-12-10 14:08:32,0,0,0.218
TCKT_065950,high,standard,2022-10-16 20:19:55,0,0,0.275
TCKT_082066,low,standard,2025-12-09 07:49:21,0,0,0.231
TCKT_011913,high,standard,2023-02-03 14:57:53,0,0,0.278
TCKT_025240,low,standard,2023-01-21 19:07:52,0,0,0.287
TCKT_078237,low,gold,2023-06-14 23:07:07,0,1,0.637
TCKT_096774,medium,standard,2025-09-17 17:52:42,1,0,0.237
TCKT_097033,urgent,platinum,2024-04-29 03:43:27,1,1,0.836
TCKT_046216,urgent,platinum,2022-01-15 03:17:10,1,1,0.865
TCKT_051433,medium,standard,2025-12-26 14:00:45,0,0,0.272
TCKT_072347,medium,platinum,2022-11-23 15:45:07,1,1,0.873
TCKT_094360,medium,gold,2024-03-01 03:52:49,1,1,0.788
TCKT_010518,medium,standard,2022-03-16 11:12:26,0,0,0.217
TCKT_009330,medium,gold,2023-04-17 09:15:49,0,1,0.778
TCKT_079560,high,platinum,2024-04-18 06:55:33,1,1,0.854
TCKT_092077,high,standard,2023-11-14 07:38:25,1,0,0.26
TCKT_050552,medium,standard,2024-01-02 05:54:22,0,0,0.25
TCKT_035822,medium,standard,2022-08-15 01:24:38,0,0,0.224
TCKT_058083,high,gold,2023-12-18 11:58:08,0,1,0.71
TCKT_042368,low,standard,2024-05-24 19:46:27,0,0,0.258
TCKT_052324,low,gold,2023-01-12 16:04:59,1,1,0.564
TCKT_024942,low,platinum,2024-10-25 00:24:35,1,1,0.873
TCKT_047645,medium,standard,2022-06-29 02:07:48,1,0,0.265
TCKT_088253,high,gold,2024-08-28 09:46:12,1,1,0.72
TCKT_082939,low,gold,2023-11-26 05:45:51,1,1,0.613
TCKT_014259,low,gold,2023-04-06 10:52:44,0,1,0.663
TCKT_041129,low,standard,2024-08-27 15:24:25,0,0,0.226
TCKT_072873,low,standard,2024-03-20 10:52:48,0,0,0.189
TCKT_090884,high,standard,2024-04-11 20:17:33,1,0,0.26
TCKT_073718,medium,gold,2023-07-12 00:04:35,1,1,0.725
TCKT_084477,medium,standard,2025-11-25 17:10:04,1,0,0.217
TCKT_022726,low,standard,2025-04-23 09:04:55,0,0,0.258
TCKT_052654,low,standard,2024-02-29 17:41:24,0,0,0.234
TCKT_084115,low,standard,2025-05-29 08:47:48,0,0,0.242
TCKT_085174,medium,standard,2023-11-26 13:10:17,0,0,0.231
TCKT_024164,low,standard,2023-10-21 15:52:06,0,0,0.238
TCKT_095233,low,gold,2025-08-13 22:07:40,0,1,0.651
TCKT_058119,high,standard,2022-11-25 04:00:35,0,0,0.282
TCKT_020739,medium,gold,2024-07-16 09:26:56,1,1,0.764
TCKT_090746,medium,standard,2023-04-14 11:51:19,0,0,0.226
TCKT_071647,low,gold,2022-11-29 11:03:42,1,1,0.597
TCKT_092311,medium,gold,2025-02-24 20:59:24,0,1,0.761
TCKT_096409,medium,standard,2025-04-26 20:53:20,0,0,0.273
TCKT_096570,medium,standard,2025-05-02 14:40:33,0,0,0.245
TCKT_046903,low,platinum,2022-04-19 06:47:33,1,1,0.855
TCKT_008610,high,standard,2024-01-05 20:54:31,1,0,0.26
TCKT_005854,medium,standard,2022-08-21 10:15:05,0,0,0.261
TCKT_047592,high,standard,2025-03-07 03:16:35,0,0,0.232
TCKT_071784,high,standard,2023-05-01 03:05:04,1,0,0.253
TCKT_043864,medium,standard,2024-04-11 12:13:48,0,0,0.234
TCKT_070233,medium,standard,2025-03-17 18:19:31,0,0,0.236
TCKT_077573,medium,standard,2022-01-17 11:19:39,0,0,0.247
TCKT_033533,low,standard,2023-03-19 10:36:28,0,0,0.23
TCKT_061680,high,platinum,2025-12-20 01:12:36,1,1,0.869
TCKT_044118,medium,standard,2025-05-17 19:47:30,0,0,0.292
TCKT_077146,low,gold,2025-02-13 23:15:35,1,1,0.561
TCKT_066254,medium,gold,2024-01-01 18:05:28,1,1,0.73
TCKT_057063,medium,standard,2023-03-22 13:59:49,0,0,0.261
TCKT_057834,low,standard,2025-11-18 04:40:22,0,0,0.187
TCKT_093144,urgent,gold,2024-08-13 13:12:25,1,1,0.672
TCKT_004733,low,standard,2022-02-04 13:12:15,0,0,0.239
TCKT_099397,medium,platinum,2022-07-09 02:45:34,1,1,0.879
TCKT_008116,high,gold,2023-10-04 02:44:28,0,1,0.684
TCKT_039645,high,gold,2025-06-04 07:17:30,1,1,0.737
TCKT_055332,high,gold,2024-02-01 02:53:33,1,1,0.691
TCKT_023489,medium,standard,2022-12-17 01:00:31,0,0,0.226
TCKT_015802,low,gold,2024-07-11 09:35:32,1,1,0.618
TCKT_018238,medium,standard,2024-07-03 16:08:08,0,0,0.219
TCKT_068589,low,standard,2025-02-12 21:18:52,0,0,0.219
TCKT_062709,medium,standard,2022-04-14 18:24:11,0,0,0.229
TCKT_073259,low,gold,2024-07-10 13:37:30,1,1,0.582
TCKT_067920,low,standard,2025-02-19 13:39:25,1,0,0.217
TCKT_021382,high,standard,2023-10-21 00:42:01,0,0,0.302
TCKT_058664,medium,standard,2023-10-11 08:19:14,0,0,0.18
TCKT_069036,low,standard,2025-04-26 07:03:57,0,0,0.26
TCKT_016107,low,standard,2024-10-14 19:10:40,0,0,0.195
TCKT_073465,high,standard,2023-02-06 09:39:11,0,0,0.282
TCKT_092889,medium,standard,2023-03-09 09:09:53,0,0,0.281
TCKT_072659,medium,standard,2023-07-03 02:37:35,1,0,0.225
TCKT_086609,medium,standard,2025-10-27 12:11:50,1,0,0.248
TCKT_060340,low,standard,2022-10-13 08:11:47,0,0,0.24
TCKT_081987,low,standard,2023-05-24 23:24:15,0,0,0.248
TCKT_036026,medium,standard,2023-08-19 03:47:07,0,0,0.232
TCKT_002733,low,standard,2023-11-01 22:49:49,0,0,0.26
TCKT_026992,low,platinum,2022-10-20 15:39:19,1,1,0.875
TCKT_090635,medium,standard,2023-06-27 00:13:51,0,0,0.295
TCKT_049138,medium,standard,2024-10-13 16:52:44,0,0,0.224
TCKT_068376,low,gold,2024-04-09 23:14:39,1,1,0.62
TCKT_098496,medium,gold,2022-11-14 20:13:48,1,1,0.769
TCKT_050917,low,standard,2023-11-07 15:09:50,0,0,0.261
TCKT_016475,medium,standard,2023-01-01 19:47:48,0,0,0.237
TCKT_019156,medium,gold,2024-09-12 14:55:35,1,1,0.736
TCKT_031280,low,gold,2025-06-28 11:48:48,1,1,0.633
TCKT_001600,medium,gold,2023-01-17 23:09:43,0,1,0.767
TCKT_036523,low,gold,2024-01-01 17:51:05,0,1,0.627
TCKT_098222,urgent,platinum,2024-11-10 23:26:33,1,1,0.795
TCKT_038519,medium,gold,2024-07-07 16:04:27,0,1,0.743
TCKT_038925,low,standard,2024-08-12 05:46:56,0,0,0.228
TCKT_098817,low,gold,2025-11-25 05:08:38,1,1,0.614
TCKT_033157,high,standard,2025-02-12 21:57:47,0,0,0.265
TCKT_024356,low,gold,2023-01-05 03:56:44,1,1,0.596
TCKT_053430,medium,gold,2025-07-22 02:58:22,1,1,0.753
TCKT_060373,medium,gold,2025-11-27 13:41:17,0,1,0.735
TCKT_012437,low,gold,2022-12-01 14:54:13,1,1,0.615
TCKT_067186,low,platinum,2024-10-16 02:36:43,0,1,0.849
TCKT_033241,low,standard,2022-04-08 21:30:30,0,0,0.212
TCKT_027389,medium,platinum,2023-01-22 07:10:30,0,1,0.915
TCKT_099133,medium,standard,2023-12-25 01:29:40,0,0,0.254
TCKT_092359,high,standard,2022-07-01 19:27:44,0,0,0.242
TCKT_065542,medium,platinum,2023-12-24 17:36:23,1,1,0.899
TCKT_034719,high,standard,2025-02-04 22:29:33,0,0,0.205
TCKT_086854,medium,standard,2025-02-23 20:00:47,0,0,0.212
TCKT_078445,medium,standard,2024-11-07 20:13:11,0,0,0.241
TCKT_063328,medium,standard,2022-03-24 04:29:49,0,0,0.238
TCKT_084638,high,standard,2025-04-28 11:45:31,0,0,0.244
TCKT_081363,medium,standard,2025-05-11 09:09:46,0,0,0.284
TCKT_095848,low,standard,2025-08-11 18:33:34,0,0,0.185
TCKT_087177,low,gold,2023-03-28 02:02:22,0,1,0.615
TCKT_079027,high,standard,2024-12-25 13:42:03,0,0,0.236
TCKT_098322,low,standard,2022-03-26 22:24:16,0,0,0.218
TCKT_077518,low,standard,2022-09-30 16:04:36,0,0,0.191
TCKT_057403,urgent,platinum,2023-06-29 07:32:11,1,1,0.796
TCKT_068575,low,standard,2023-02-22 18:04:54,0,0,0.214
TCKT_068862,low,gold,2022-10-13 03:11:46,1,1,0.614
TCKT_075265,low,standard,2023-08-01 17:15:02,0,0,0.23
TCKT_082908,high,standard,2023-07-19 15:45:27,1,0,0.285
TCKT_057772,low,standard,2024-07-02 16:21:01,0,0,0.231
TCKT_029225,medium,gold,2025-08-19 03:18:57,0,1,0.784
TCKT_065094,high,gold,2024-12-06 22:35:19,1,1,0.764
TCKT_054578,low,standard,2023-02-13 06:34:15,0,0,0.211
TCKT_098733,low,standard,2024-05-20 02:08:01,0,0,0.198
TCKT_042695,low,gold,2022-11-29 23:37:11,1,1,0.655
TCKT_007667,medium,standard,2022-12-05 18:24:16,0,0,0.221
TCKT_013702,medium,platinum,2025-11-02 19:29:49,1,1,0.91
TCKT_002982,high,gold,2024-08-06 17:28:49,0,1,0.714
TCKT_075127,high,standard,2023-08-16 09:58:21,0,0,0.243
TCKT_022423,medium,platinum,2024-02-06 05:46:43,0,1,0.884
TCKT_057502,medium,standard,2023-08-30 05:41:04,0,0,0.251
TCKT_093962,medium,gold,2024-10-16 02:23:32,0,1,0.768
TCKT_097487,low,standard,2023-11-24 23:17:02,0,0,0.217
TCKT_001835,low,standard,2024-08-14 11:53:49,1,0,0.227
TCKT_097232,high,gold,2022-04-28 05:27:18,1,1,0.694
TCKT_007588,medium,standard,2023-12-24 10:34:11,0,0,0.223
TCKT_036941,medium,gold,2025-11-12 15:20:26,1,1,0.788
TCKT_072366,medium,standard,2024-04-13 08:01:17,1,0,0.243
TCKT_059881,medium,standard,2024-09-09 05:02:09,0,0,0.239
TCKT_035737,medium,standard,2023-02-08 13:55:02,0,0,0.249
TCKT_037284,low,platinum,2022-07-18 06:31:43,1,1,0.83
TCKT_013518,urgent,standard,2023-04-01 07:51:02,0,0,0.29
TCKT_039148,high,gold,2022-03-01 07:29:38,1,1,0.732
TCKT_015958,medium,gold,2022-05-07 07:28:19,1,1,0.766
TCKT_094562,medium,platinum,2024-08-30 01:39:07,0,1,0.916
TCKT_033913,low,standard,2022-08-08 08:56:23,0,0,0.254
TCKT_039606,medium,platinum,2024-11-15 05:15:22,1,1,0.866
TCKT_036185,high,standard,2024-05-02 16:24:26,0,0,0.328
TCKT_012036,medium,gold,2023-05-02 03:29:49,1,1,0.759
TCKT_092978,high,standard,2024-10-15 05:03:36,0,0,0.264
TCKT_056403,low,gold,2024-04-20 12:58:28,1,1,0.623
TCKT_097547,high,standard,2023-01-01 12:41:33,0,0,0.29
TCKT_055718,low,gold,2024-09-21 02:21:13,1,1,0.637
TCKT_024836,low,platinum,2023-07-19 15:20:22,1,1,0.848
TCKT_091434,low,standard,2023-03-28 22:03:34,0,0,0.225
TCKT_061869,medium,standard,2023-07-24 12:42:22,0,0,0.252
TCKT_032736,low,standard,2023-11-01 18:36:51,0,0,0.208
TCKT_013909,high,gold,2025-06-25 15:49:32,1,1,0.721
TCKT_095306,high,standard,2022-05-26 17:35:23,0,0,0.285
TCKT_048428,medium,standard,2025-10-31 12:55:37,0,0,0.22
TCKT_097824,medium,standard,2023-01-07 07:36:16,1,0,0.27
TCKT_044502,urgent,standard,2022-12-20 11:23:49,0,0,0.256
TCKT_031609,low,platinum,2023-08-23 19:12:19,1,1,0.858
TCKT_076401,low,gold,2023-11-27 22:29:46,1,1,0.619
TCKT_050621,medium,standard,2025-08-05 06:43:25,0,0,0.258
TCKT_087917,high,standard,2025-11-28 01:53:28,0,0,0.24
TCKT_098769,urgent,standard,2022-03-05 20:27:33,0,0,0.241
TCKT_023738,low,standard,2022-06-13 15:55:16,1,0,0.246
TCKT_030921,low,standard,2022-10-29 00:37:23,0,0,0.219
TCKT_098970,medium,standard,2022-06-04 15:58:18,0,0,0.271
TCKT_021477,low,gold,2024-09-23 15:22:57,1,1,0.585
TCKT_065012,low,platinum,2023-03-15 00:33:17,1,1,0.843
TCKT_059726,medium,platinum,2022-01-25 12:42:08,0,1,0.911
TCKT_030400,urgent,gold,2024-05-05 09:58:22,1,1,0.731
TCKT_065068,low,platinum,2025-01-13 09:10:06,1,1,0.854
TCKT_035170,low,standard,2023-11-04 05:00:09,1,0,0.214
TCKT_086889,medium,standard,2023-12-27 18:22:49,0,0,0.23
TCKT_027455,low,gold,2022-06-27 14:17:40,0,1,0.582
TCKT_022591,medium,standard,2024-03-26 03:40:25,0,0,0.233
TCKT_048423,medium,gold,2022-02-14 00:56:50,1,1,0.762
TCKT_073643,medium,standard,2023-07-05 12:31:57,1,0,0.19
TCKT_049510,medium,standard,2022-10-21 01:53:01,0,0,0.235
TCKT_047731,medium,standard,2025-03-16 10:50:54,0,0,0.244
TCKT_012356,high,standard,2025-10-14 07:48:02,0,0,0.287
TCKT_018801,medium,platinum,2022-12-21 03:32:54,1,1,0.887
TCKT_023856,low,standard,2023-08-16 13:42:27,0,0,0.257
TCKT_093596,low,standard,2022-11-06 01:13:15,0,0,0.232
TCKT_035399,low,standard,2022-07-11 15:06:29,0,0,0.248
TCKT_083780,low,standard,2025-06-24 13:45:53,1,0,0.277
TCKT_010384,low,gold,2025-06-01 11:59:04,1,1,0.578
TCKT_018850,medium,gold,2024-03-23 17:30:33,1,1,0.746
TCKT_013965,high,standard,2025-04-17 21:37:54,1,0,0.269
TCKT_059219,medium,standard,2024-09-24 15:57:31,0,0,0.258
TCKT_019034,high,platinum,2024-08-19 23:02:39,1,1,0.771
TCKT_014962,medium,gold,2023-12-30 17:42:33,1,1,0.762
TCKT_039307,high,standard,2025-02-14 11:23:16,0,0,0.25
TCKT_061989,high,standard,2025-10-16 02:25:05,0,0,0.266
TCKT_001886,low,standard,2024-05-06 13:12:32,0,0,0.199
TCKT_093625,medium,gold,2023-05-14 16:56:30,1,1,0.761
TCKT_035914,low,platinum,2023-11-15 14:08:33,0,1,0.876
TCKT_039736,medium,standard,2023-11-08 04:12:08,0,0,0.254
TCKT_097157,low,standard,2025-10-03 08:00:59,0,0,0.245
TCKT_034143,medium,standard,2022-11-17 11:02:59,0,0,0.209
TCKT_061862,medium,gold,2025-02-25 07:02:21,0,1,0.724
TCKT_035195,low,platinum,2022-02-17 07:32:30,1,1,0.851
TCKT_025635,medium,standard,2022-09-10 14:49:32,0,0,0.237
TCKT_053519,medium,gold,2023-12-04 00:01:57,0,1,0.75
TCKT_094087,urgent,standard,2022-05-04 21:07:41,0,0,0.26
TCKT_059928,medium,standard,2023-02-06 06:32:30,0,0,0.282
TCKT_076181,medium,gold,2024-05-19 11:45:18,1,1,0.788
TCKT_041828,urgent,standard,2023-12-26 19:19:16,1,0,0.266
TCKT_016951,high,platinum,2023-08-24 17:34:05,1,1,0.827
TCKT_093490,low,platinum,2025-01-25 18:04:10,0,1,0.866
TCKT_022262,high,standard,2023-06-26 06:01:14,1,0,0.26
TCKT_013682,high,gold,2025-06-09 13:09:30,1,1,0.734
TCKT_011395,high,gold,2024-06-15 10:37:33,1,1,0.743
TCKT_072935,medium,platinum,2023-02-20 09:20:45,0,1,0.895
TCKT_061934,medium,standard,2024-11-26 01:59:44,0,0,0.245
TCKT_075675,low,gold,2024-06-04 04:37:56,0,1,0.595
TCKT_041355,medium,gold,2022-11-04 15:10:26,1,1,0.76
TCKT_072461,low,standard,2025-07-15 04:40:09,0,0,0.247
TCKT_095519,medium,gold,2023-11-15 19:20:52,1,1,0.778
TCKT_057427,medium,standard,2023-04-19 11:28:53,0,0,0.258
TCKT_084415,medium,standard,2025-01-21 16:38:50,0,0,0.275
TCKT_021709,urgent,standard,2025-01-31 19:01:02,0,0,0.326
TCKT_003722,medium,standard,2023-07-19 01:52:21,1,0,0.226
TCKT_039424,high,platinum,2025-06-25 10:24:40,1,1,0.855
TCKT_077618,low,gold,2023-07-04 12:07:52,1,1,0.609
TCKT_095486,low,standard,2025-12-16 03:01:31,0,0,0.22
TCKT_066698,medium,standard,2022-07-26 18:35:08,0,0,0.256
TCKT_017414,low,standard,2024-05-24 16:49:50,0,0,0.211
TCKT_032134,medium,gold,2023-06-27 14:43:10,1,1,0.76
TCKT_017166,medium,gold,2024-02-23 03:13:10,1,1,0.787
TCKT_084624,low,standard,2024-01-05 18:49:44,0,0,0.224
TCKT_076332,low,standard,2023-03-12 07:20:15,0,0,0.248
TCKT_054193,low,gold,2023-06-09 09:03:18,0,1,0.614
TCKT_078876,medium,standard,2023-11-28 14:06:32,0,0,0.232
TCKT_029211,high,standard,2025-10-14 02:55:52,0,0,0.27
TCKT_063649,medium,gold,2024-05-08 19:56:14,0,1,0.785
TCKT_027406,medium,standard,2022-10-29 08:35:20,0,0,0.256
TCKT_043733,medium,standard,2023-04-11 15:56:53,0,0,0.279
TCKT_059380,high,gold,2024-12-07 07:49:38,1,1,0.758
TCKT_080712,low,gold,2024-03-12 19:57:56,1,1,0.598
TCKT_073239,medium,standard,2022-01-14 13:44:38,0,0,0.229
TCKT_007806,low,standard,2025-02-04 23:34:27,0,0,0.21
TCKT_031393,medium,standard,2025-03-25 23:10:06,0,0,0.25
TCKT_034424,medium,gold,2024-06-19 18:13:54,1,1,0.765
TCKT_030013,medium,standard,2023-03-25 18:31:21,1,0,0.307
TCKT_046795,low,standard,2025-12-20 23:31:36,1,0,0.24
TCKT_042855,medium,standard,2025-01-25 09:02:14,0,0,0.229
TCKT_086235,low,platinum,2023-06-24 15:04:42,0,1,0.863
TCKT_054721,medium,gold,2025-10-02 06:27:19,1,1,0.761
TCKT_054183,low,standard,2023-04-03 19:19:06,1,0,0.202
TCKT_070178,medium,gold,2022-12-03 17:37:59,0,1,0.767
TCKT_058355,medium,gold,2022-06-13 21:53:24,1,1,0.76
TCKT_038625,low,standard,2022-10-28 01:13:33,0,0,0.209
TCKT_094890,medium,standard,2025-03-04 17:14:10,1,0,0.223
TCKT_066419,medium,standard,2025-05-08 19:57:09,0,0,0.222
TCKT_094063,high,gold,2022-09-21 09:30:53,0,1,0.752
TCKT_036315,medium,standard,2022-10-29 15:14:27,1,0,0.238
TCKT_049378,low,standard,2025-09-03 13:26:26,0,0,0.216
TCKT_019687,low,standard,2025-02-04 02:45:01,0,0,0.21
TCKT_059535,low,gold,2022-09-29 22:01:18,0,1,0.665
TCKT_075960,high,gold,2024-12-12 08:42:03,1,1,0.741
TCKT_098225,low,standard,2025-07-18 21:36:51,0,0,0.186
TCKT_092623,low,standard,2024-12-26 13:14:00,0,0,0.224
TCKT_088905,low,standard,2022-04-11 13:23:34,0,0,0.213
TCKT_098207,medium,standard,2025-05-23 09:54:37,0,0,0.274
TCKT_032192,low,gold,2024-07-11 06:16:12,0,1,0.554
TCKT_095718,medium,standard,2022-01-31 17:44:50,0,0,0.247
TCKT_053411,medium,standard,2025-05-12 21:07:55,1,0,0.248
TCKT_029143,low,gold,2022-08-22 13:19:52,1,1,0.649
TCKT_050426,medium,standard,2022-09-17 18:08:39,1,0,0.29
TCKT_003047,low,gold,2023-02-08 09:53:24,0,1,0.605
TCKT_044351,low,standard,2024-11-11 00:01:51,0,0,0.207
TCKT_032572,high,standard,2024-11-09 19:32:00,0,0,0.243
TCKT_058682,high,platinum,2022-11-21 13:23:13,0,1,0.842
TCKT_032761,low,standard,2024-10-17 00:21:56,0,0,0.217
TCKT_003804,low,platinum,2022-10-19 01:51:23,0,1,0.793
TCKT_081836,low,platinum,2022-02-11 18:25:21,1,1,0.885
TCKT_082143,medium,gold,2023-10-06 07:14:10,1,1,0.774
TCKT_078521,medium,standard,2024-02-15 20:55:55,0,0,0.258
TCKT_075289,low,standard,2025-04-02 00:34:15,0,0,0.217
TCKT_018175,high,standard,2024-06-17 17:18:55,0,0,0.234
TCKT_088400,low,standard,2024-04-16 23:40:03,0,0,0.277
TCKT_053845,medium,gold,2024-04-26 18:16:53,1,1,0.756
TCKT_054436,low,standard,2025-04-01 12:46:01,0,0,0.228
TCKT_077822,high,gold,2023-04-23 15:05:00,0,1,0.744
TCKT_059149,medium,standard,2024-06-08 19:36:53,0,0,0.211
TCKT_004213,low,gold,2023-12-25 05:51:09,0,1,0.621
TCKT_040277,medium,standard,2024-10-31 23:28:45,1,0,0.224
TCKT_089891,medium,gold,2023-06-27 21:36:28,1,1,0.741
TCKT_023585,low,gold,2023-08-11 04:21:30,0,1,0.644
TCKT_003773,low,standard,2023-09-23 15:08:30,0,0,0.24
TCKT_064625,high,standard,2022-05-22 09:34:08,0,0,0.319
TCKT_082986,low,gold,2024-12-18 13:53:49,1,1,0.636
TCKT_080495,high,gold,2023-02-14 08:56:40,0,1,0.757
TCKT_054993,low,standard,2024-04-19 14:23:47,0,0,0.227
TCKT_097239,urgent,standard,2022-12-07 06:25:20,0,0,0.332
TCKT_045499,low,standard,2024-02-01 06:58:59,0,0,0.227
TCKT_062057,low,standard,2024-07-01 20:33:43,0,0,0.277
TCKT_008185,medium,standard,2024-08-23 10:20:32,0,0,0.297
TCKT_094441,low,standard,2022-07-04 12:54:47,0,0,0.216
TCKT_014952,low,gold,2023-10-30 01:45:16,0,1,0.595
TCKT_088733,medium,gold,2023-03-20 11:22:28,1,1,0.741
TCKT_064569,high,gold,2023-03-03 05:20:05,1,1,0.749
TCKT_052962,medium,standard,2024-11-20 16:02:19,0,0,0.264
TCKT_080548,medium,gold,2022-11-02 16:41:27,1,1,0.747
TCKT_044422,high,standard,2025-05-16 14:43:10,0,0,0.283
TCKT_056926,medium,standard,2023-01-19 07:20:54,0,0,0.282
TCKT_033967,medium,gold,2023-10-26 20:15:09,0,1,0.785
TCKT_097712,low,standard,2023-09-02 00:51:54,0,0,0.206
TCKT_002162,low,standard,2025-08-08 14:17:19,0,0,0.207
TCKT_043782,medium,standard,2023-11-14 20:33:10,0,0,0.25
TCKT_083478,low,gold,2022-08-15 00:21:57,0,1,0.549
TCKT_090877,low,standard,2023-04-25 09:32:23,0,0,0.231
TCKT_068866,high,platinum,2024-01-08 03:17:11,1,1,0.865
TCKT_079535,low,standard,2022-03-04 11:08:52,0,0,0.203
TCKT_077256,medium,standard,2024-09-25 20:05:57,0,0,0.233
TCKT_054285,high,standard,2025-08-06 02:18:36,0,0,0.334
TCKT_067888,medium,gold,2023-03-29 09:51:06,0,1,0.771
TCKT_031107,high,standard,2024-05-03 13:12:10,0,0,0.278
TCKT_033651,medium,standard,2023-09-29 05:32:19,0,0,0.26
TCKT_019724,low,standard,2024-07-08 16:01:12,0,0,0.199
TCKT_024424,low,gold,2024-03-01 20:09:50,1,1,0.645
TCKT_026216,medium,standard,2025-07-08 02:29:43,1,0,0.252
TCKT_067571,low,platinum,2024-10-17 08:30:14,1,1,0.843
TCKT_095193,high,platinum,2025-08-08 17:07:36,1,1,0.841
TCKT_026333,high,gold,2025-03-27 05:56:43,0,1,0.731
TCKT_045005,medium,standard,2023-04-16 08:26:28,0,0,0.235
TCKT_078358,medium,gold,2022-03-18 05:47:17,0,1,0.778
TCKT_079842,low,standard,2022-01-15 00:54:55,1,0,0.201
TCKT_081224,high,standard,2022-11-27 20:32:28,0,0,0.24
TCKT_060857,low,standard,2024-12-23 17:52:09,0,0,0.23
TCKT_036420,medium,standard,2025-08-29 20:10:10,0,0,0.199
TCKT_017976,urgent,gold,2024-06-29 07:39:50,1,1,0.764
TCKT_005314,medium,standard,2022-02-18 12:15:05,0,0,0.245
TCKT_071100,medium,standard,2025-09-02 04:28:49,1,0,0.234
TCKT_047122,low,standard,2025-03-30 02:29:30,0,0,0.228
TCKT_009095,medium,standard,2022-05-05 09:03:39,0,0,0.233
TCKT_009147,medium,gold,2024-01-29 11:09:26,1,1,0.773
TCKT_057313,low,platinum,2022-11-01 10:07:43,1,1,0.889
TCKT_016409,medium,standard,2024-05-29 04:19:11,0,0,0.221
TCKT_001464,medium,standard,2023-09-22 17:20:20,0,0,0.3
TCKT_032091,medium,standard,2023-07-10 04:48:31,0,0,0.227
TCKT_073628,low,gold,2025-03-31 17:21:08,1,1,0.608
TCKT_050900,medium,gold,2022-02-12 03:17:35,1,1,0.742
TCKT_047232,low,platinum,2025-11-15 19:47:28,0,1,0.876
TCKT_065654,low,gold,2025-10-14 11:18:05,1,1,0.642
TCKT_041501,high,platinum,2023-11-17 02:22:02,1,1,0.873
TCKT_058175,medium,standard,2022-04-23 17:24:49,0,0,0.222
TCKT_098523,low,standard,2024-02-15 17:24:43,0,0,0.219
TCKT_083623,medium,standard,2023-03-02 00:42:19,0,0,0.201
TCKT_099846,high,standard,2022-06-20 11:57:38,0,0,0.246
TCKT_056212,low,standard,2023-12-13 00:02:21,0,0,0.215
TCKT_031673,low,standard,2024-05-03 21:28:47,0,0,0.224
TCKT_003637,low,standard,2025-01-03 16:00:24,0,0,0.275
TCKT_080210,medium,standard,2025-07-21 22:46:56,0,0,0.261
TCKT_008988,low,standard,2022-11-21 02:44:02,1,0,0.189
TCKT_043041,low,gold,2025-11-10 18:45:32,0,1,0.619
TCKT_045342,medium,standard,2024-08-20 03:18:48,0,0,0.213
TCKT_090843,medium,gold,2022-01-28 17:10:04,1,1,0.756
TCKT_072433,medium,standard,2022-02-19 02:49:06,0,0,0.205
TCKT_054377,low,standard,2022-10-14 23:02:21,0,0,0.193
TCKT_036128,low,standard,2022-03-08 04:58:55,0,0,0.206
TCKT_059130,medium,standard,2025-11-03 03:25:16,1,0,0.229
TCKT_003869,low,platinum,2022-11-16 08:46:01,0,1,0.854
TCKT_016972,high,standard,2022-02-15 02:55:29,0,0,0.265
TCKT_012214,urgent,gold,2024-01-22 19:06:15,1,1,0.7
TCKT_052890,low,standard,2023-05-16 10:37:10,0,0,0.23
TCKT_000273,low,gold,2022-04-10 04:42:36,1,1,0.623
TCKT_076532,medium,standard,2025-08-27 08:41:52,0,0,0.255
TCKT_073584,low,standard,2025-11-08 03:21:26,0,0,0.251
TCKT_067548,medium,standard,2025-01-21 21:36:33,0,0,0.219
TCKT_094478,low,gold,2023-10-14 05:28:56,0,1,0.618
TCKT_048941,urgent,gold,2022-08-17 07:58:16,1,1,0.725
TCKT_044234,medium,gold,2025-03-31 00:07:23,1,1,0.761
TCKT_035683,medium,platinum,2024-09-03 01:18:22,1,1,0.899
TCKT_044795,high,platinum,2024-09-04 10:41:19,1,1,0.906
TCKT_075919,medium,standard,2024-10-26 18:59:02,0,0,0.273
TCKT_015798,medium,standard,2022-02-15 15:00:14,0,0,0.223
TCKT_055401,low,standard,2024-06-22 09:32:23,0,0,0.215
TCKT_092849,low,standard,2025-07-16 06:30:29,1,0,0.205
TCKT_065301,urgent,standard,2025-07-03 13:34:46,0,0,0.265
TCKT_046298,low,standard,2024-04-10 14:26:11,0,0,0.219
TCKT_079220,medium,platinum,2024-04-09 08:58:29,1,1,0.909
TCKT_053456,medium,standard,2025-01-05 02:20:45,0,0,0.228
TCKT_004129,medium,gold,2022-01-31 21:01:45,0,1,0.749
TCKT_067720,medium,platinum,2023-07-06 03:02:37,1,1,0.862
TCKT_085503,high,gold,2025-05-13 03:26:35,0,1,0.712
TCKT_045331,medium,gold,2025-12-14 00:00:15,1,1,0.748
TCKT_022980,low,standard,2025-06-17 01:45:03,0,0,0.241
TCKT_059417,medium,gold,2023-12-23 09:03:05,0,1,0.742
TCKT_041626,high,gold,2025-02-11 23:13:04,1,1,0.651
TCKT_060006,medium,standard,2025-12-21 01:35:16,0,0,0.218
TCKT_016152,low,gold,2022-03-13 05:48:51,0,1,0.598
TCKT_074945,low,standard,2024-06-01 08:08:21,1,0,0.236
TCKT_055522,low,gold,2022-10-26 13:55:36,1,1,0.554
TCKT_090312,low,standard,2023-05-06 18:58:44,0,0,0.225
TCKT_055771,low,gold,2022-09-01 22:38:03,1,1,0.593
TCKT_025027,medium,standard,2025-04-24 13:10:10,0,0,0.275
TCKT_095541,low,standard,2022-05-24 14:08:33,1,0,0.205
TCKT_089616,low,standard,2023-10-13 23:40:35,0,0,0.202
TCKT_080759,high,gold,2022-04-07 07:13:17,0,1,0.718
TCKT_020813,low,gold,2024-09-29 13:19:52,0,1,0.643
TCKT_093195,high,platinum,2022-02-14 18:04:48,1,1,0.895
TCKT_009111,high,standard,2022-01-23 16:08:28,1,0,0.294
TCKT_044739,medium,standard,2025-05-03 20:35:03,0,0,0.256
TCKT_043314,low,gold,2022-05-23 09:03:10,0,1,0.59
TCKT_061478,medium,standard,2024-01-04 08:59:18,0,0,0.267
TCKT_092241,low,standard,2025-11-23 00:38:54,0,0,0.244
TCKT_059664,high,standard,2022-04-27 03:06:07,0,0,0.296
TCKT_016044,high,gold,2023-06-27 09:45:49,0,1,0.723
TCKT_046709,low,standard,2024-08-20 10:41:41,0,0,0.247
TCKT_028822,low,platinum,2022-02-21 04:16:21,1,1,0.859
TCKT_030660,low,gold,2024-08-04 19:15:23,0,1,0.614
TCKT_023181,high,standard,2022-01-05 03:50:53,0,0,0.276
TCKT_039594,medium,gold,2024-02-07 21:00:09,0,1,0.733
TCKT_089986,medium,standard,2025-11-22 04:07:56,0,0,0.225
TCKT_001016,medium,gold,2024-10-15 23:38:38,1,1,0.727
TCKT_006816,low,standard,2024-10-20 01:30:15,0,0,0.23
TCKT_058396,low,gold,2023-05-27 09:14:32,0,1,0.615
TCKT_001352,low,standard,2023-09-22 05:22:38,0,0,0.209
TCKT_018088,medium,standard,2023-03-12 22:49:48,0,0,0.25
TCKT_074617,low,standard,2024-09-18 15:24:33,0,0,0.232
TCKT_023029,urgent,standard,2023-01-07 02:56:44,0,0,0.268
TCKT_031816,high,gold,2022-01-30 14:29:31,0,1,0.744
TCKT_034781,medium,standard,2024-08-26 16:43:14,0,0,0.27
TCKT_013844,low,standard,2023-02-11 16:39:14,0,0,0.209
TCKT_042472,high,standard,2025-04-17 20:24:02,1,0,0.241
TCKT_017842,low,platinum,2025-06-21 19:53:07,1,1,0.843
TCKT_075744,medium,standard,2023-08-21 07:13:15,1,0,0.233
TCKT_026759,medium,standard,2025-12-24 00:24:02,0,0,0.224
TCKT_033630,low,standard,2024-01-17 04:16:13,0,0,0.219
TCKT_064393,medium,standard,2022-11-01 10:36:24,0,0,0.238
TCKT_024872,low,gold,2022-04-07 16:39:49,0,1,0.601
TCKT_025410,medium,gold,2024-01-19 20:35:17,1,1,0.777
TCKT_078069,low,standard,2025-04-21 05:14:04,0,0,0.247
TCKT_043779,low,standard,2024-10-01 22:29:39,0,0,0.25
TCKT_027595,low,gold,2023-10-02 03:42:17,0,1,0.588
TCKT_072620,medium,standard,2022-05-24 11:37:36,1,0,0.272
TCKT_086174,medium,gold,2024-10-02 18:18:30,1,1,0.737
TCKT_012028,medium,standard,2025-02-26 08:04:38,0,0,0.246
TCKT_037767,high,platinum,2023-07-17 05:58:29,0,1,0.872
TCKT_074543,low,gold,2023-12-21 10:58:35,0,1,0.653
TCKT_005662,low,standard,2023-12-18 22:36:56,0,0,0.215
TCKT_056006,medium,gold,2024-08-15 09:30:38,0,1,0.766
TCKT_010614,low,gold,2025-04-20 02:27:10,1,1,0.619
TCKT_050398,low,standard,2022-04-05 06:10:49,0,0,0.231
TCKT_051521,medium,platinum,2025-05-12 09:00:55,0,1,0.896
TCKT_081328,high,gold,2023-05-29 00:41:16,1,1,0.706
TCKT_058265,low,gold,2022-04-29 15:00:00,0,1,0.582
TCKT_090681,low,standard,2024-08-14 16:59:17,0,0,0.218
TCKT_042483,low,standard,2025-04-18 17:00:45,0,0,0.229
TCKT_018192,urgent,gold,2024-10-16 19:17:01,1,1,0.693
TCKT_083258,high,gold,2023-10-06 09:15:10,0,1,0.736
TCKT_093250,medium,standard,2023-02-24 10:26:03,0,0,0.26
TCKT_093429,low,standard,2022-10-12 01:13:16,0,0,0.232
TCKT_013118,low,standard,2022-01-19 23:01:53,0,0,0.28
TCKT_020902,medium,standard,2024-01-27 18:17:37,0,0,0.246
TCKT_057384,medium,gold,2022-09-24 14:42:09,1,1,0.776
TCKT_052401,medium,standard,2024-03-20 13:30:32,0,0,0.217
TCKT_028205,medium,standard,2023-07-23 07:39:59,1,0,0.205
TCKT_095765,low,standard,2022-12-06 12:21:08,0,0,0.211
TCKT_059194,medium,platinum,2024-12-31 10:00:30,1,1,0.9
TCKT_046426,medium,standard,2024-07-09 06:05:37,1,0,0.256
TCKT_038032,medium,standard,2024-06-10 01:23:01,0,0,0.24
TCKT_013018,medium,standard,2023-12-25 13:43:26,0,0,0.257
TCKT_037451,high,gold,2022-05-06 08:21:00,1,1,0.763
TCKT_020833,medium,standard,2023-11-23 04:09:01,0,0,0.226
TCKT_073588,low,platinum,2025-08-16 04:59:01,0,1,0.871
TCKT_062718,low,platinum,2025-11-09 11:02:52,1,1,0.84
TCKT_085960,urgent,standard,2022-06-23 04:14:17,0,0,0.251
TCKT_044250,high,standard,2022-01-04 16:30:45,0,0,0.288
TCKT_008075,low,standard,2023-09-18 23:26:06,0,0,0.283
TCKT_045384,low,standard,2023-11-09 04:58:16,0,0,0.217
TCKT_024318,high,standard,2022-07-06 20:32:55,0,0,0.287
TCKT_084420,low,gold,2025-05-16 15:27:43,1,1,0.634
TCKT_094740,low,gold,2023-01-03 12:50:49,0,1,0.616
TCKT_011448,medium,standard,2022-05-18 07:16:13,0,0,0.198
TCKT_066643,low,gold,2025-05-15 10:17:01,0,1,0.603
TCKT_089820,low,standard,2023-06-10 05:24:49,0,0,0.214
TCKT_000416,low,standard,2025-09-16 18:25:17,0,0,0.201
TCKT_009046,medium,standard,2022-07-04 10:01:18,0,0,0.241
TCKT_029854,medium,standard,2023-07-24 02:51:36,0,0,0.23
TCKT_006863,low,gold,2022-01-11 10:51:51,0,1,0.623
TCKT_010570,low,platinum,2023-10-26 05:02:18,1,1,0.863
TCKT_080718,high,gold,2023-01-06 20:23:44,0,1,0.743
TCKT_025742,medium,standard,2022-06-07 23:30:34,0,0,0.229
TCKT_051191,low,standard,2025-06-09 10:20:19,0,0,0.219
TCKT_089815,high,gold,2023-01-12 23:22:15,0,1,0.713
TCKT_052180,medium,gold,2025-02-07 14:57:12,1,1,0.78
TCKT_053634,high,standard,2023-03-30 12:03:15,0,0,0.307
TCKT_059823,low,gold,2022-01-11 07:12:33,1,1,0.645
TCKT_093595,low,standard,2024-08-10 11:19:14,0,0,0.249
TCKT_032386,medium,standard,2025-08-19 13:01:01,1,0,0.237
TCKT_075172,high,standard,2024-05-11 00:01:36,0,0,0.278
TCKT_072066,low,standard,2023-04-05 01:30:32,0,0,0.211
TCKT_041218,low,gold,2023-11-17 04:19:29,0,1,0.646
TCKT_008031,high,standard,2022-01-08 05:22:08,0,0,0.27
TCKT_016277,low,gold,2024-04-21 00:22:52,1,1,0.606
TCKT_000605,high,standard,2022-07-15 11:27:32,0,0,0.251
TCKT_038927,high,platinum,2023-10-30 05:00:47,1,1,0.854
TCKT_090862,medium,standard,2023-03-25 03:03:26,0,0,0.24
TCKT_092721,medium,gold,2025-04-19 10:14:41,0,1,0.759
TCKT_069029,medium,gold,2024-09-20 13:52:46,0,1,0.778
TCKT_063183,low,gold,2025-05-10 07:10:07,1,1,0.626
TCKT_089565,urgent,platinum,2022-05-30 08:12:08,1,1,0.835
TCKT_011775,low,gold,2023-01-22 00:36:05,0,1,0.573
TCKT_027808,medium,gold,2022-01-02 06:31:35,1,1,0.777
TCKT_007934,low,standard,2025-02-17 00:14:49,0,0,0.177
TCKT_058367,medium,platinum,2023-10-07 23:57:18,1,1,0.862
TCKT_068648,low,gold,2023-06-13 05:09:35,0,1,0.584
TCKT_073058,low,gold,2023-02-01 10:26:15,0,1,0.627
TCKT_070018,medium,standard,2022-01-07 12:15:20,0,0,0.281
TCKT_073704,high,standard,2024-08-29 03:37:52,0,0,0.293
TCKT_078990,low,standard,2024-10-22 04:46:17,1,0,0.196
TCKT_035758,urgent,standard,2025-01-06 11:55:19,0,0,0.273
TCKT_045646,low,standard,2023-12-26 19:26:41,0,0,0.222
TCKT_094344,medium,standard,2023-01-20 11:00:22,0,0,0.251
TCKT_012277,low,standard,2024-10-04 06:00:26,0,0,0.22
TCKT_096350,high,standard,2024-09-15 05:50:04,0,0,0.287
TCKT_051845,high,standard,2024-07-19 15:32:51,0,0,0.279
TCKT_079134,medium,standard,2022-04-05 16:41:32,1,0,0.244
TCKT_044973,low,standard,2022-05-08 17:21:50,0,0,0.232
TCKT_004829,urgent,standard,2024-09-14 05:04:57,0,0,0.247
TCKT_094774,low,gold,2024-05-12 08:25:59,0,1,0.605
TCKT_099407,medium,standard,2023-02-04 15:17:00,0,0,0.226
TCKT_003944,medium,platinum,2022-05-14 08:17:39,1,1,0.909
TCKT_078254,high,standard,2024-02-28 15:30:33,0,0,0.305
TCKT_013113,high,gold,2025-05-23 17:50:44,1,1,0.744
TCKT_039836,low,standard,2023-09-11 22:38:28,1,0,0.224
TCKT_072609,medium,gold,2025-06-17 10:14:12,1,1,0.776
TCKT_026967,high,standard,2025-11-04 03:05:31,0,0,0.261
TCKT_078688,high,standard,2024-12-03 15:05:23,0,0,0.274
TCKT_094387,medium,gold,2022-12-20 09:03:43,1,1,0.755
TCKT_071081,medium,standard,2023-10-20 09:07:51,0,0,0.25
TCKT_027616,low,standard,2024-06-28 14:59:21,0,0,0.207
TCKT_074006,medium,gold,2025-08-22 23:24:43,1,1,0.756
TCKT_001445,low,standard,2023-02-25 19:27:39,0,0,0.178
TCKT_039040,high,standard,2023-04-29 11:47:19,0,0,0.266
TCKT_043268,medium,gold,2024-08-22 15:23:34,1,1,0.731
TCKT_077111,high,standard,2022-03-13 05:10:00,0,0,0.251
TCKT_022044,low,gold,2022-08-09 20:18:43,1,1,0.628
TCKT_002316,low,standard,2023-03-24 07:43:12,0,0,0.254
TCKT_017907,low,standard,2025-05-10 15:08:07,0,0,0.215
TCKT_065983,medium,standard,2024-07-21 11:53:18,0,0,0.248
TCKT_066659,low,gold,2025-05-08 10:00:54,1,1,0.66
TCKT_015271,high,gold,2025-01-27 09:55:52,1,1,0.761
TCKT_050703,high,standard,2023-03-28 06:50:04,0,0,0.278
TCKT_024512,high,standard,2025-05-05 21:00:02,0,0,0.278
TCKT_095528,medium,standard,2024-08-16 06:21:41,0,0,0.261
TCKT_055670,low,standard,2024-07-30 13:14:24,0,0,0.225
TCKT_029319,high,standard,2025-10-08 16:49:38,0,0,0.263
TCKT_033560,medium,gold,2025-10-14 14:46:36,1,1,0.756
TCKT_098427,medium,gold,2023-03-26 09:59:51,1,1,0.749
TCKT_094744,low,gold,2022-06-08 08:33:11,1,1,0.652
TCKT_090200,low,standard,2022-02-11 10:29:46,0,0,0.203
TCKT_083951,low,standard,2025-04-11 18:45:28,0,0,0.206
TCKT_014300,medium,gold,2025-12-25 10:45:23,1,1,0.757
TCKT_022158,high,gold,2024-10-16 08:48:44,1,1,0.711
TCKT_030956,low,gold,2025-01-02 09:23:50,0,1,0.612
TCKT_067102,low,standard,2022-11-19 09:34:17,0,0,0.235
TCKT_032753,low,gold,2023-11-26 02:28:27,0,1,0.605
TCKT_059737,urgent,standard,2022-09-25 09:33:12,0,0,0.338
TCKT_075336,high,platinum,2024-05-16 23:10:32,1,1,0.846
TCKT_004854,high,standard,2023-05-27 12:08:24,0,0,0.29
TCKT_083516,medium,standard,2022-08-04 04:12:10,0,0,0.277
TCKT_053993,medium,standard,2022-04-18 15:18:43,0,0,0.295
TCKT_038479,medium,standard,2024-01-27 12:40:03,0,0,0.269
TCKT_084659,medium,gold,2023-08-05 16:40:47,0,1,0.766
TCKT_025407,urgent,platinum,2023-06-08 02:22:38,0,1,0.832
TCKT_094380,medium,standard,2025-05-11 14:41:45,0,0,0.228
TCKT_073459,medium,standard,2025-06-08 07:37:09,0,0,0.263
TCKT_004448,low,standard,2025-09-07 01:11:50,0,0,0.239
TCKT_018945,low,platinum,2022-11-28 22:13:29,1,1,0.837
TCKT_016897,high,standard,2024-05-15 07:48:07,1,0,0.277
TCKT_089966,low,standard,2024-04-06 03:35:32,0,0,0.292
TCKT_026155,low,gold,2024-02-28 05:19:31,0,1,0.58
TCKT_036995,low,gold,2023-08-21 01:01:16,1,1,0.615
TCKT_080436,medium,platinum,2025-07-29 23:25:02,1,1,0.885
TCKT_045948,high,standard,2025-11-22 14:36:26,0,0,0.272
TCKT_044805,medium,standard,2022-03-31 18:58:56,0,0,0.267
TCKT_020554,high,gold,2024-01-12 21:46:32,1,1,0.715
TCKT_069702,medium,standard,2025-08-22 16:03:37,0,0,0.255
TCKT_002232,medium,standard,2024-01-26 09:02:36,0,0,0.241
TCKT_012858,low,standard,2024-11-14 01:50:51,0,0,0.242
TCKT_029486,medium,standard,2024-11-20 09:39:45,1,0,0.222
TCKT_089901,medium,gold,2023-12-07 01:28:10,1,1,0.733
TCKT_001712,medium,standard,2022-07-10 18:27:09,0,0,0.28
TCKT_037331,low,gold,2025-02-04 15:31:41,1,1,0.571
TCKT_044357,medium,gold,2022-05-07 07:43:34,1,1,0.753
TCKT_054675,medium,gold,2024-02-11 14:23:51,1,1,0.754
TCKT_069248,low,standard,2024-02-22 04:20:17,0,0,0.24
TCKT_067040,low,gold,2025-10-06 17:12:54,0,1,0.594
TCKT_022955,medium,standard,2023-10-07 16:27:14,1,0,0.265
TCKT_048199,low,gold,2024-02-15 18:02:21,1,1,0.594
TCKT_054947,medium,gold,2023-01-12 19:18:07,0,1,0.765
TCKT_027791,high,standard,2022-06-10 18:01:47,0,0,0.273
TCKT_046605,medium,standard,2022-07-26 06:41:11,0,0,0.254
TCKT_087503,high,standard,2022-08-11 07:51:31,0,0,0.274
TCKT_094412,low,gold,2023-05-09 07:18:05,1,1,0.566
TCKT_013441,medium,standard,2025-10-26 22:49:51,1,0,0.237
TCKT_072437,low,standard,2025-07-10 06:47:59,0,0,0.219
TCKT_046573,medium,gold,2022-12-19 23:35:12,0,1,0.772
TCKT_042306,medium,gold,2022-03-19 02:32:47,1,1,0.785
TCKT_036196,high,standard,2024-04-20 05:30:13,0,0,0.273
TCKT_008227,medium,gold,2022-05-30 08:57:04,0,1,0.743
TCKT_001503,medium,platinum,2025-09-12 17:36:14,1,1,0.905
TCKT_047131,medium,platinum,2024-09-23 17:08:15,1,1,0.878
TCKT_021361,high,gold,2022-06-28 21:01:23,1,1,0.707
TCKT_031953,medium,gold,2022-09-15 14:07:40,1,1,0.758
TCKT_049053,medium,platinum,2022-09-24 14:55:31,1,1,0.905
TCKT_090720,medium,standard,2025-12-27 17:24:10,0,0,0.284
TCKT_020175,low,standard,2025-04-25 19:04:52,1,0,0.238
TCKT_062883,low,standard,2024-10-20 08:25:13,0,0,0.244
TCKT_073845,high,standard,2022-12-27 18:53:24,0,0,0.261
TCKT_065127,urgent,standard,2023-08-14 09:38:58,0,0,0.23
TCKT_063103,urgent,standard,2025-10-02 16:07:07,0,0,0.296
TCKT_045158,low,gold,2023-10-06 08:40:01,1,1,0.612
TCKT_050251,low,standard,2024-12-11 05:48:46,0,0,0.236
TCKT_018616,medium,gold,2023-06-26 13:38:00,1,1,0.763
TCKT_076309,medium,standard,2025-02-07 17:32:46,0,0,0.26
TCKT_018887,medium,standard,2024-05-18 17:35:05,0,0,0.256
TCKT_081131,low,gold,2024-01-19 02:19:26,1,1,0.636
TCKT_029874,medium,standard,2025-07-13 13:25:36,0,0,0.22
